profile,config_id,experiment,scenario,controller,seed,n,delay_bins,service_model,jobs,metric_status,metric_reason,mean_wait,mean_response,p95_wait,p99_wait,p95_response,mean_resource_fraction,server_time_resource_cost,scaling_actions,mean_absolute_target_change,overload_fraction,slo_violation_fraction
paper,paper,primary,high_volume,static,1733,100,1,empirical,720000,ok,,165.1654317026301,168.90476608522792,674.4807740385476,3515.585596006894,687.0838779898864,1.0,8640000.0,0,0.0,0.1215277777777777,0.250425
paper,paper,primary,high_volume,reactive,1733,100,1,empirical,720000,ok,,10997.98709117967,11001.726425562269,44442.34352611416,50295.37324128759,44443.47826691069,0.2733680555555555,2361900.0,77,4.808362369337979,0.1736111111111111,0.7859125
paper,paper,primary,high_volume,seasonal_mf_mpc,1733,100,1,empirical,720000,ok,,147879.4414443005,147883.18077868308,333458.7915395976,349238.7462941219,333460.7890953566,0.2924305555555556,2526600.0,93,5.630662020905923,0.2430555555555555,0.7389305555555555
paper,paper,primary,high_volume,ewma_mf_mpc,1733,100,1,empirical,720000,ok,,5539.693748346644,5543.4330827292415,21115.952943624867,24213.543318491484,21117.865301164013,0.2735416666666667,2363400.0,105,4.118466898954704,0.1736111111111111,0.7744763888888889
paper,paper,primary,high_volume,gp_mean_mf_mpc,1733,100,1,empirical,720000,ok,,6867.331260648271,6871.070595030869,29146.083838992832,38599.479422663295,29148.91068045635,0.3834722222222222,3313200.0,103,1.9372822299651569,0.2361111111111111,0.5825152777777778
paper,paper,primary,high_volume,gp_ucb_mf_mpc,1733,100,1,empirical,720000,ok,,420.26072527083306,424.00005965343104,2447.272804702004,7272.734293293906,2464.056905693839,0.7580208333333333,6549300.0,108,3.4111498257839723,0.1458333333333333,0.2878708333333333
paper,paper,primary,high_volume,oracle_mf_mpc,1733,100,1,empirical,720000,ok,,439.9158537952147,443.6551881778125,2496.805359579424,5861.340414529972,2506.089986539052,0.2814930555555556,2432100.0,98,6.02787456445993,0.1805555555555555,0.3833097222222222
paper,paper,primary,high_volume,static,1729,100,1,empirical,720000,ok,,111.18315266199625,114.65495740934185,538.1597214864536,1925.9048465614464,551.0265853946087,1.0,8640000.0,0,0.0,0.1215277777777777,0.2379305555555555
paper,paper,primary,high_volume,reactive,1729,100,1,empirical,720000,ok,,8520.629446247505,8524.101250994849,32819.77603942137,41884.99895531614,32820.89646476024,0.2733680555555555,2361900.0,77,4.808362369337979,0.1736111111111111,0.8126611111111111
paper,paper,primary,high_volume,seasonal_mf_mpc,1729,100,1,empirical,720000,ok,,124417.34977211738,124420.8215768647,287551.0087600659,297677.2247443413,287552.0868846508,0.2924305555555556,2526600.0,93,5.630662020905923,0.2430555555555555,0.7416111111111111
paper,paper,primary,high_volume,ewma_mf_mpc,1729,100,1,empirical,720000,ok,,2830.96162952584,2834.4334342731854,11907.55120053849,21260.30343868595,11910.52395821117,0.2735416666666667,2363400.0,105,4.118466898954704,0.1736111111111111,0.6520736111111111
paper,paper,primary,high_volume,gp_mean_mf_mpc,1729,100,1,empirical,720000,ok,,6709.136511262073,6712.608316009419,30830.86608178673,39609.60089219526,30834.8303500578,0.3834722222222222,3313200.0,103,1.9372822299651569,0.2361111111111111,0.5726111111111111
paper,paper,primary,high_volume,gp_ucb_mf_mpc,1729,100,1,empirical,720000,ok,,322.58499903781654,326.05680378516206,1789.927005544983,5515.518073573281,1804.3894244630044,0.7580208333333333,6549300.0,108,3.4111498257839723,0.1458333333333333,0.2765875
paper,paper,primary,high_volume,oracle_mf_mpc,1729,100,1,empirical,720000,ok,,361.79229894645937,365.264103693805,1950.969143391586,5518.106704379452,1963.0325501079865,0.2814930555555556,2432100.0,98,6.02787456445993,0.1805555555555555,0.3655513888888889
paper,paper,primary,high_volume,static,1730,100,1,empirical,720000,ok,,148.30000744812872,151.9400428412166,602.7903821695207,3509.3873752481545,616.1628220070799,1.0,8640000.0,0,0.0,0.1215277777777777,0.24845
paper,paper,primary,high_volume,reactive,1730,100,1,empirical,720000,ok,,8595.416597007777,8599.056632400865,28289.83920152056,36488.36435300457,28290.886533160072,0.2733680555555555,2361900.0,77,4.808362369337979,0.1736111111111111,0.8133152777777778
paper,paper,primary,high_volume,seasonal_mf_mpc,1730,100,1,empirical,720000,ok,,134109.5021581377,134113.1421935308,308612.3988170588,322757.6773605103,308613.0195955436,0.2924305555555556,2526600.0,93,5.630662020905923,0.2430555555555555,0.7454902777777778
paper,paper,primary,high_volume,ewma_mf_mpc,1730,100,1,empirical,720000,ok,,2222.7333719135045,2226.3734073065925,10717.153267685291,17129.916658945087,10720.578409075177,0.2735416666666667,2363400.0,105,4.118466898954704,0.1736111111111111,0.6111597222222223
paper,paper,primary,high_volume,gp_mean_mf_mpc,1730,100,1,empirical,720000,ok,,7340.543724872617,7344.183760265702,33699.36635912608,46925.48059986333,33702.78206321942,0.3834722222222222,3313200.0,103,1.9372822299651569,0.2361111111111111,0.5754986111111111
paper,paper,primary,high_volume,gp_ucb_mf_mpc,1730,100,1,empirical,720000,ok,,378.3538690044541,381.99390439754194,2364.481252102281,6591.548985071606,2382.120812928,0.7580208333333333,6549300.0,108,3.4111498257839723,0.1458333333333333,0.2848847222222222
paper,paper,primary,high_volume,oracle_mf_mpc,1730,100,1,empirical,720000,ok,,415.2929412954068,418.9329766884946,2255.3714516819286,6427.080018220635,2262.744388711153,0.2814930555555556,2432100.0,98,6.02787456445993,0.1805555555555555,0.3813763888888888
paper,paper,primary,high_volume,static,1732,100,1,empirical,720000,ok,,156.1309386509831,159.83824543922222,649.522336948276,3615.091117338584,662.6418365773586,1.0,8640000.0,0,0.0,0.1215277777777777,0.2510180555555555
paper,paper,primary,high_volume,reactive,1732,100,1,empirical,720000,ok,,11211.902509740756,11215.609816528997,41868.13506687953,54249.95441787413,41868.97466419572,0.2733680555555555,2361900.0,77,4.808362369337979,0.1736111111111111,0.8234972222222222
paper,paper,primary,high_volume,seasonal_mf_mpc,1732,100,1,empirical,720000,ok,,137899.6902054045,137903.39751219278,301289.83753792965,315125.4905070314,301292.66402643296,0.2924305555555556,2526600.0,93,5.630662020905923,0.2430555555555555,0.7423833333333333
paper,paper,primary,high_volume,ewma_mf_mpc,1732,100,1,empirical,720000,ok,,4259.313181489097,4263.020488277336,17355.926173107753,29157.37801425293,17358.05263022431,0.2735416666666667,2363400.0,105,4.118466898954704,0.1736111111111111,0.7261680555555555
paper,paper,primary,high_volume,gp_mean_mf_mpc,1732,100,1,empirical,720000,ok,,7576.208991075774,7579.9162978640115,35913.427467290465,46953.732267176405,35916.28903182381,0.3834722222222222,3313200.0,103,1.9372822299651569,0.2361111111111111,0.5799791666666667
paper,paper,primary,high_volume,gp_ucb_mf_mpc,1732,100,1,empirical,720000,ok,,382.11943942055296,385.8267462087919,2215.3146255678803,6753.296606791928,2236.2635470687146,0.7580208333333333,6549300.0,108,3.4111498257839723,0.1458333333333333,0.2883027777777778
paper,paper,primary,high_volume,oracle_mf_mpc,1732,100,1,empirical,720000,ok,,318.2240511064187,321.9313578946578,1591.6337656742571,5048.093763535371,1596.864475512256,0.2814930555555556,2432100.0,98,6.02787456445993,0.1805555555555555,0.3575388888888889
paper,paper,primary,high_volume,static,1734,100,1,empirical,720000,ok,,137.20719964771325,140.86780685677928,633.6849085312655,2626.071982017836,646.1528045058991,1.0,8640000.0,0,0.0,0.1215277777777777,0.2469722222222222
paper,paper,primary,high_volume,reactive,1734,100,1,empirical,720000,ok,,12803.614779209933,12807.275386418996,54142.4963516078,61631.93491318244,54144.26508957971,0.2733680555555555,2361900.0,77,4.808362369337979,0.1736111111111111,0.8072083333333333
paper,paper,primary,high_volume,seasonal_mf_mpc,1734,100,1,empirical,720000,ok,,139113.25754560198,139116.91815281106,317448.51966314774,325612.3635434539,317449.5738853195,0.2924305555555556,2526600.0,93,5.630662020905923,0.2430555555555555,0.7408208333333334
paper,paper,primary,high_volume,ewma_mf_mpc,1734,100,1,empirical,720000,ok,,3951.733671060345,3955.394278269412,18796.99902271385,27905.86162328389,18799.41214047318,0.2735416666666667,2363400.0,105,4.118466898954704,0.1736111111111111,0.6996569444444445
paper,paper,primary,high_volume,gp_mean_mf_mpc,1734,100,1,empirical,720000,ok,,7057.550078134518,7061.210685343584,29953.7117991399,43226.13877193944,29958.35306425545,0.3834722222222222,3313200.0,103,1.9372822299651569,0.2361111111111111,0.5785097222222222
paper,paper,primary,high_volume,gp_ucb_mf_mpc,1734,100,1,empirical,720000,ok,,354.7537787095731,358.4143859186392,2023.5135832888136,6531.622827796327,2041.6272465552388,0.7580208333333333,6549300.0,108,3.4111498257839723,0.1458333333333333,0.2837097222222222
paper,paper,primary,high_volume,oracle_mf_mpc,1734,100,1,empirical,720000,ok,,373.1680977727237,376.8287049817897,1994.30724746096,5501.9780970394095,2006.8389759630488,0.2814930555555556,2432100.0,98,6.02787456445993,0.1805555555555555,0.3698666666666667
paper,paper,primary,high_volume,static,1731,100,1,empirical,720000,ok,,108.52791826482306,112.007105544605,480.10947290281285,2119.1411035053,491.99440671525855,1.0,8640000.0,0,0.0,0.1215277777777777,0.2372375
paper,paper,primary,high_volume,reactive,1731,100,1,empirical,720000,ok,,9461.216201272724,9464.695388552507,31499.01497509633,35919.75449827811,31500.168330274355,0.2733680555555555,2361900.0,77,4.808362369337979,0.1736111111111111,0.80975
paper,paper,primary,high_volume,seasonal_mf_mpc,1731,100,1,empirical,720000,ok,,130501.02314694547,130504.50233422524,284944.01388863573,294900.52638862794,284944.34540615685,0.2924305555555556,2526600.0,93,5.630662020905923,0.2430555555555555,0.7396902777777777
paper,paper,primary,high_volume,ewma_mf_mpc,1731,100,1,empirical,720000,ok,,3988.384598081792,3991.863785361573,16628.75696084941,23928.888028300986,16631.43718832131,0.2735416666666667,2363400.0,105,4.118466898954704,0.1736111111111111,0.7116888888888889
paper,paper,primary,high_volume,gp_mean_mf_mpc,1731,100,1,empirical,720000,ok,,6562.939821361802,6566.419008641586,28472.56298153318,38113.84596133877,28476.075408802943,0.3834722222222222,3313200.0,103,1.9372822299651569,0.2361111111111111,0.5755305555555555
paper,paper,primary,high_volume,gp_ucb_mf_mpc,1731,100,1,empirical,720000,ok,,305.2866283511221,308.7658156309041,1717.3475727613732,5329.69824526206,1735.3386184276155,0.7580208333333333,6549300.0,108,3.4111498257839723,0.1458333333333333,0.2744472222222222
paper,paper,primary,high_volume,oracle_mf_mpc,1731,100,1,empirical,720000,ok,,350.7256078074041,354.2047950871861,1993.0471752654607,5554.187484022954,2000.765716479991,0.2814930555555556,2432100.0,98,6.02787456445993,0.1805555555555555,0.3665152777777777
paper,paper,primary,high_volume,static,1735,100,1,empirical,720000,ok,,132.88793140394688,136.50692645487035,580.4125770737319,2702.2045716654634,592.32355343603,1.0,8640000.0,0,0.0,0.1215277777777777,0.2448777777777777
paper,paper,primary,high_volume,reactive,1735,100,1,empirical,720000,ok,,9077.35856057824,9080.977555629164,38948.26688330337,46557.37786468887,38948.80479936323,0.2733680555555555,2361900.0,77,4.808362369337979,0.1736111111111111,0.8435361111111112
paper,paper,primary,high_volume,seasonal_mf_mpc,1735,100,1,empirical,720000,ok,,136478.6554905645,136482.2744856154,302572.5282736049,311327.75882940914,302572.8372581752,0.2924305555555556,2526600.0,93,5.630662020905923,0.2430555555555555,0.7409902777777778
paper,paper,primary,high_volume,ewma_mf_mpc,1735,100,1,empirical,720000,ok,,3740.9975549676697,3744.616550018593,15323.248559142954,22170.77494744384,15324.971539773407,0.2735416666666667,2363400.0,105,4.118466898954704,0.1736111111111111,0.7149333333333333
paper,paper,primary,high_volume,gp_mean_mf_mpc,1735,100,1,empirical,720000,ok,,7265.675167124481,7269.2941621754035,30804.935572304035,43534.53703815887,30807.527189892066,0.3834722222222222,3313200.0,103,1.9372822299651569,0.2361111111111111,0.5778305555555555
paper,paper,primary,high_volume,gp_ucb_mf_mpc,1735,100,1,empirical,720000,ok,,356.00927130328563,359.6282663542091,1992.9735555392665,6202.691771330675,2009.8281271793803,0.7580208333333333,6549300.0,108,3.4111498257839723,0.1458333333333333,0.2814152777777777
paper,paper,primary,high_volume,oracle_mf_mpc,1735,100,1,empirical,720000,ok,,447.0118878451234,450.6308828960469,2574.4595447494094,6944.916243103566,2580.501953076568,0.2814930555555556,2432100.0,98,6.02787456445993,0.1805555555555555,0.3995944444444444
paper,paper,primary,high_volume,static,1736,100,1,empirical,720000,ok,,118.61157132781736,122.16633364953292,532.6260294623661,2515.7463168796057,544.9604506391953,1.0,8640000.0,0,0.0,0.1215277777777777,0.2414555555555555
paper,paper,primary,high_volume,reactive,1736,100,1,empirical,720000,ok,,7977.121763043716,7980.676525365433,29165.464860523603,40214.09507039823,29166.31615207838,0.2733680555555555,2361900.0,77,4.808362369337979,0.1736111111111111,0.7902583333333333
paper,paper,primary,high_volume,seasonal_mf_mpc,1736,100,1,empirical,720000,ok,,132468.01892609784,132471.57368841956,304497.348352468,309415.22790152783,304497.98590232147,0.2924305555555556,2526600.0,93,5.630662020905923,0.2430555555555555,0.7393625
paper,paper,primary,high_volume,ewma_mf_mpc,1736,100,1,empirical,720000,ok,,3036.828931171651,3040.383693493366,15280.019272050991,21408.464096428263,15284.601999093064,0.2735416666666667,2363400.0,105,4.118466898954704,0.1736111111111111,0.6449166666666667
paper,paper,primary,high_volume,gp_mean_mf_mpc,1736,100,1,empirical,720000,ok,,7083.506489845792,7087.061252167508,31844.476008833983,40396.71330908503,31848.22821178616,0.3834722222222222,3313200.0,103,1.9372822299651569,0.2361111111111111,0.5717333333333333
paper,paper,primary,high_volume,gp_ucb_mf_mpc,1736,100,1,empirical,720000,ok,,330.7893780502424,334.344140371958,1928.422598757328,5967.206201210781,1944.261492795816,0.7580208333333333,6549300.0,108,3.4111498257839723,0.1458333333333333,0.2788597222222222
paper,paper,primary,high_volume,oracle_mf_mpc,1736,100,1,empirical,720000,ok,,515.4081083339776,518.962870655693,3451.120023166609,7130.2047638956565,3457.8100405138484,0.2814930555555556,2432100.0,98,6.02787456445993,0.1805555555555555,0.3923986111111111
paper,paper,primary,high_volume,static,1737,100,1,empirical,720000,ok,,138.5978573762967,142.2260290751484,646.813883316344,2676.066902674296,659.7120699248076,1.0,8640000.0,0,0.0,0.1215277777777777,0.2446375
paper,paper,primary,high_volume,reactive,1737,100,1,empirical,720000,ok,,15421.146712075895,15424.774883774748,58780.17824537408,76732.87611393208,58781.24248518232,0.2733680555555555,2361900.0,77,4.808362369337979,0.1736111111111111,0.8067402777777778
paper,paper,primary,high_volume,seasonal_mf_mpc,1737,100,1,empirical,720000,ok,,138067.4119845017,138071.04015620053,313913.9284691742,328800.7793612233,313914.9803552653,0.2924305555555556,2526600.0,93,5.630662020905923,0.2430555555555555,0.7403444444444445
paper,paper,primary,high_volume,ewma_mf_mpc,1737,100,1,empirical,720000,ok,,5660.68198747511,5664.310159173961,23940.660655518983,30056.316809979624,23942.14548263088,0.2735416666666667,2363400.0,105,4.118466898954704,0.1736111111111111,0.7787944444444445
paper,paper,primary,high_volume,gp_mean_mf_mpc,1737,100,1,empirical,720000,ok,,6719.8420841899015,6723.470255888754,29378.979893093303,43148.993126213936,29382.98951825891,0.3834722222222222,3313200.0,103,1.9372822299651569,0.2361111111111111,0.5799277777777778
paper,paper,primary,high_volume,gp_ucb_mf_mpc,1737,100,1,empirical,720000,ok,,337.8614024824231,341.4895741812748,1895.7124181707995,6110.546584524071,1912.617305531438,0.7580208333333333,6549300.0,108,3.4111498257839723,0.1458333333333333,0.2790541666666666
paper,paper,primary,high_volume,oracle_mf_mpc,1737,100,1,empirical,720000,ok,,431.48239682664,435.11056852549166,2039.6838750457944,7836.285960302325,2047.0344022532493,0.2814930555555556,2432100.0,98,6.02787456445993,0.1805555555555555,0.3756097222222222
paper,paper,primary,high_volume,static,1738,100,1,empirical,720000,ok,,143.18734595810557,146.70851711579598,686.123223672034,2815.4772445625003,698.8784681188247,1.0,8640000.0,0,0.0,0.1215277777777777,0.2457069444444444
paper,paper,primary,high_volume,reactive,1738,100,1,empirical,720000,ok,,8422.058450545535,8425.579621703228,27489.29770057904,37625.509642853125,27491.05261332321,0.2733680555555555,2361900.0,77,4.808362369337979,0.1736111111111111,0.8490638888888888
paper,paper,primary,high_volume,seasonal_mf_mpc,1738,100,1,empirical,720000,ok,,136651.26790049297,136654.78907165065,314681.6677454459,329964.7379706112,314683.3842714757,0.2924305555555556,2526600.0,93,5.630662020905923,0.2430555555555555,0.7387194444444445
paper,paper,primary,high_volume,ewma_mf_mpc,1738,100,1,empirical,720000,ok,,3317.261168576908,3320.782339734598,13610.237605221111,19722.63051523692,13611.814935573531,0.2735416666666667,2363400.0,105,4.118466898954704,0.1736111111111111,0.7039958333333334
paper,paper,primary,high_volume,gp_mean_mf_mpc,1738,100,1,empirical,720000,ok,,7184.124696813561,7187.645867971252,31557.405559049424,39303.52401623719,31560.68230617057,0.3834722222222222,3313200.0,103,1.9372822299651569,0.2361111111111111,0.5759763888888889
paper,paper,primary,high_volume,gp_ucb_mf_mpc,1738,100,1,empirical,720000,ok,,358.36006090644264,361.88123206413314,1993.667196612896,6597.695910686126,2009.219692162956,0.7580208333333333,6549300.0,108,3.4111498257839723,0.1458333333333333,0.2801972222222222
paper,paper,primary,high_volume,oracle_mf_mpc,1738,100,1,empirical,720000,ok,,299.94654923401515,303.4677203917056,1553.6452138821064,3886.191712413816,1560.6763893656412,0.2814930555555556,2432100.0,98,6.02787456445993,0.1805555555555555,0.3551361111111111
paper,paper,primary,bursty,static,1731,100,1,empirical,70163,ok,,297202.31256110815,297248.386923279,703569.9633630688,712377.4214605447,703571.0298270186,0.05,432000.0,0,0.0,0.0173611111111111,0.5695879594658153
paper,paper,primary,bursty,reactive,1731,100,1,empirical,70163,ok,,192159.67818178385,192205.75254395464,526927.8604438822,544407.8591981996,526936.7029214149,0.0618055555555555,534000.0,10,0.6968641114982579,0.0173611111111111,0.56524093895643
paper,paper,primary,bursty,seasonal_mf_mpc,1731,100,1,empirical,70163,ok,,273811.8347558985,273857.9091180693,703569.9633630688,712377.4214605447,703571.0298270186,0.0774305555555555,669000.0,14,0.940766550522648,0.0173611111111111,0.5316762396134714
paper,paper,primary,bursty,ewma_mf_mpc,1731,100,1,empirical,70163,ok,,122043.51321417389,122089.58757634464,412962.7904355808,430624.6277831591,412967.1986363203,0.1029861111111111,889800.0,15,0.662020905923345,0.0173611111111111,0.5495489075438621
paper,paper,primary,bursty,gp_mean_mf_mpc,1731,100,1,empirical,70163,ok,,16939.4199025046,16985.494264675388,64437.492102577584,70525.38185327785,64446.93230236516,0.1171875,1012500.0,58,3.1149825783972127,0.0173611111111111,0.4916836509271268
paper,paper,primary,bursty,gp_ucb_mf_mpc,1731,100,1,empirical,70163,ok,,10517.09541283652,10563.16977500731,49071.17026951715,67787.45226703443,49101.70494391878,0.1237152777777777,1068900.0,65,3.240418118466899,0.0173611111111111,0.4258512321308952
paper,paper,primary,bursty,oracle_mf_mpc,1731,100,1,empirical,70163,ok,,17694.62748740262,17740.701849573412,57870.320540978384,66322.4767438245,57901.01553846143,0.0713541666666666,616500.0,14,0.940766550522648,0.0173611111111111,0.5596967062411813
paper,paper,primary,bursty,static,1732,100,1,empirical,70118,ok,,316103.0390626184,316151.9850181429,753919.1990832965,771322.8882933042,753921.6421041596,0.05,432000.0,0,0.0,0.0173611111111111,0.5680709660857411
paper,paper,primary,bursty,reactive,1732,100,1,empirical,70118,ok,,200219.243487064,200268.1894425885,549136.7202561805,567031.8570310456,549139.18882783,0.0618055555555555,534000.0,10,0.6968641114982579,0.0173611111111111,0.5638780341709689
paper,paper,primary,bursty,seasonal_mf_mpc,1732,100,1,empirical,70118,ok,,292227.5450717386,292276.4910272632,749864.907419909,771322.8882933042,749869.3543927285,0.0774305555555555,669000.0,14,0.940766550522648,0.0173611111111111,0.5316751761316638
paper,paper,primary,bursty,ewma_mf_mpc,1732,100,1,empirical,70118,ok,,128654.24117899574,128703.18713452024,420047.0567272443,438408.7871505109,420049.74926417135,0.1029861111111111,889800.0,15,0.662020905923345,0.0173611111111111,0.5492455574888045
paper,paper,primary,bursty,gp_mean_mf_mpc,1732,100,1,empirical,70118,ok,,12251.88166610578,12300.827621630318,45154.14630563551,56285.81359092841,45200.54570235052,0.1171875,1012500.0,58,3.1149825783972127,0.0173611111111111,0.4923129581562508
paper,paper,primary,bursty,gp_ucb_mf_mpc,1732,100,1,empirical,70118,ok,,8109.543252771416,8158.489208295955,42835.90396490297,57733.88209721166,42913.5547685884,0.1237152777777777,1068900.0,65,3.240418118466899,0.0173611111111111,0.4014518383296728
paper,paper,primary,bursty,oracle_mf_mpc,1732,100,1,empirical,70118,ok,,16538.644198253725,16587.590153778263,54194.76235198909,62433.360695393,54212.23233510459,0.0713541666666666,616500.0,14,0.940766550522648,0.0173611111111111,0.5585441684018368
paper,paper,primary,bursty,static,1734,100,1,empirical,70283,ok,,317434.98406169785,317483.8729405123,741574.9601960238,758955.1689926188,741588.4004443303,0.05,432000.0,0,0.0,0.0173611111111111,0.56936954882404
paper,paper,primary,bursty,reactive,1734,100,1,empirical,70283,ok,,204978.71657652213,205027.6054553365,531711.6264500099,549317.092816697,531720.7319002949,0.0618055555555555,534000.0,10,0.6968641114982579,0.0173611111111111,0.5655990780131753
paper,paper,primary,bursty,seasonal_mf_mpc,1734,100,1,empirical,70283,ok,,293029.9802445112,293078.86912332574,737638.4078200462,758955.1689926188,737648.1580627932,0.0774305555555555,669000.0,14,0.940766550522648,0.0173611111111111,0.5322624247684362
paper,paper,primary,bursty,ewma_mf_mpc,1734,100,1,empirical,70283,ok,,130198.04174166232,130246.93062047672,388668.5007696101,406283.6132412294,388680.90337079327,0.1029861111111111,889800.0,15,0.662020905923345,0.0173611111111111,0.5526656517223226
paper,paper,primary,bursty,gp_mean_mf_mpc,1734,100,1,empirical,70283,ok,,12849.798727412155,12898.687606226584,58989.63954583955,73396.28522365831,59008.259339792414,0.1171875,1012500.0,58,3.1149825783972127,0.0173611111111111,0.4622739496037448
paper,paper,primary,bursty,gp_ucb_mf_mpc,1734,100,1,empirical,70283,ok,,14583.529256240468,14632.418135054888,51789.47633354184,62286.91186814579,51830.37163840942,0.1237152777777777,1068900.0,65,3.240418118466899,0.0173611111111111,0.4863907346015395
paper,paper,primary,bursty,oracle_mf_mpc,1734,100,1,empirical,70283,ok,,20383.210560364383,20432.09943917881,66063.16171258589,78127.59708591102,66094.99074975029,0.0713541666666666,616500.0,14,0.940766550522648,0.0173611111111111,0.5597228348249221
paper,paper,primary,bursty,static,1733,100,1,empirical,70603,ok,,313773.83232571906,313821.6785246268,772592.577774562,789712.02364736,772596.2758510046,0.05,432000.0,0,0.0,0.0173611111111111,0.5685027548404459
paper,paper,primary,bursty,reactive,1733,100,1,empirical,70603,ok,,202328.330582578,202376.1767814857,543438.1322577747,558333.2020697079,543449.0995333648,0.0618055555555555,534000.0,10,0.6968641114982579,0.0173611111111111,0.5635737858164668
paper,paper,primary,bursty,seasonal_mf_mpc,1733,100,1,empirical,70603,ok,,290150.5045812923,290198.35078020004,768907.1141520229,789712.02364736,768916.0208235256,0.0774305555555555,669000.0,14,0.940766550522648,0.0173611111111111,0.5318470886506239
paper,paper,primary,bursty,ewma_mf_mpc,1733,100,1,empirical,70603,ok,,133649.6826613505,133697.5288602582,433758.0567784288,451487.20160637726,433766.3081959724,0.1029861111111111,889800.0,15,0.662020905923345,0.0173611111111111,0.5476962735294534
paper,paper,primary,bursty,gp_mean_mf_mpc,1733,100,1,empirical,70603,ok,,10770.643559618797,10818.489758526515,52345.86334690178,62414.91995180246,52381.96138401048,0.1171875,1012500.0,58,3.1149825783972127,0.0173611111111111,0.415194821749784
paper,paper,primary,bursty,gp_ucb_mf_mpc,1733,100,1,empirical,70603,ok,,10063.776981399158,10111.623180306882,49766.97874129037,69907.6923762681,49825.55671175074,0.1237152777777777,1068900.0,65,3.240418118466899,0.0173611111111111,0.454924011727547
paper,paper,primary,bursty,oracle_mf_mpc,1733,100,1,empirical,70603,ok,,16050.42925182184,16098.275450729565,51582.389040487615,60668.62738663886,51636.061409934206,0.0713541666666666,616500.0,14,0.940766550522648,0.0173611111111111,0.5594379842216336
paper,paper,primary,bursty,static,1730,100,1,empirical,70329,ok,,293259.852138599,293305.1335557646,728708.2166365477,746192.0582153873,728712.5647321577,0.05,432000.0,0,0.0,0.0173611111111111,0.571968889078474
paper,paper,primary,bursty,reactive,1730,100,1,empirical,70329,ok,,186335.8811318054,186381.16254897093,599933.8189932901,617089.7160834635,599944.02895925,0.0618055555555555,534000.0,10,0.6968641114982579,0.0173611111111111,0.5675041590240157
paper,paper,primary,bursty,seasonal_mf_mpc,1730,100,1,empirical,70329,ok,,270494.7526285008,270540.03404566646,725150.1497091079,746192.0582153873,725151.5967459541,0.0774305555555555,669000.0,14,0.940766550522648,0.0173611111111111,0.5345163446089095
paper,paper,primary,bursty,ewma_mf_mpc,1730,100,1,empirical,70329,ok,,119655.87316315614,119701.15458032172,443914.6715822947,461829.32626310975,443921.0448688088,0.1029861111111111,889800.0,15,0.662020905923345,0.0173611111111111,0.5509675951598914
paper,paper,primary,bursty,gp_mean_mf_mpc,1730,100,1,empirical,70329,ok,,10479.906056794363,10525.187473959944,42790.53821752135,56858.36273147748,42851.16717853532,0.1171875,1012500.0,58,3.1149825783972127,0.0173611111111111,0.4664647584922294
paper,paper,primary,bursty,gp_ucb_mf_mpc,1730,100,1,empirical,70329,ok,,10405.153476337198,10450.434893502776,49380.58738320879,71765.14638294469,49434.19284382453,0.1237152777777777,1068900.0,65,3.240418118466899,0.0173611111111111,0.4779962746519928
paper,paper,primary,bursty,oracle_mf_mpc,1730,100,1,empirical,70329,ok,,25991.222573453248,26036.503990618818,73537.48621158682,80290.27169705695,73544.52976529025,0.0713541666666666,616500.0,14,0.940766550522648,0.0173611111111111,0.5627123946025111
paper,paper,primary,bursty,static,1729,100,1,empirical,70057,ok,,291655.8977168473,291701.18124540604,745392.552612413,763660.8155613451,745396.9506184129,0.05,432000.0,0,0.0,0.0173611111111111,0.5721626675421443
paper,paper,primary,bursty,reactive,1729,100,1,empirical,70057,ok,,189219.39664344053,189264.6801719993,521977.7764275216,540456.9792414091,521984.0962038382,0.0618055555555555,534000.0,10,0.6968641114982579,0.0173611111111111,0.5675949583910245
paper,paper,primary,bursty,seasonal_mf_mpc,1729,100,1,empirical,70057,ok,,268869.08556751115,268914.3690960699,741427.1308057691,763660.8155613451,741432.7736552255,0.0774305555555555,669000.0,14,0.940766550522648,0.0173611111111111,0.5344505188632114
paper,paper,primary,bursty,ewma_mf_mpc,1729,100,1,empirical,70057,ok,,116623.5546363254,116668.83816488416,397094.9209805621,415036.2381576601,397102.06353372335,0.1029861111111111,889800.0,15,0.662020905923345,0.0173611111111111,0.5547197282213056
paper,paper,primary,bursty,gp_mean_mf_mpc,1729,100,1,empirical,70057,ok,,8524.887578043457,8570.171106602224,44203.83999046407,61529.85227848732,44341.63650462359,0.1171875,1012500.0,58,3.1149825783972127,0.0173611111111111,0.4309205361348616
paper,paper,primary,bursty,gp_ucb_mf_mpc,1729,100,1,empirical,70057,ok,,12344.797642899186,12390.081171457952,52125.0544360158,67025.6079691847,52191.60346773441,0.1237152777777777,1068900.0,65,3.240418118466899,0.0173611111111111,0.4809654995218179
paper,paper,primary,bursty,oracle_mf_mpc,1729,100,1,empirical,70057,ok,,18983.731836499945,19029.01536505872,71803.23546593043,87640.48945494126,71817.62148384126,0.0713541666666666,616500.0,14,0.940766550522648,0.0173611111111111,0.5627417674179597
paper,paper,primary,bursty,static,1736,100,1,empirical,70251,ok,,293593.6762502491,293639.0913686606,643018.3872962489,658422.6741956403,643026.7692869825,0.05,432000.0,0,0.0,0.0173611111111111,0.5701982889923275
paper,paper,primary,bursty,reactive,1736,100,1,empirical,70251,ok,,185352.0448939636,185397.46001237503,477148.7639588928,494719.4662901326,477160.2442010044,0.0618055555555555,534000.0,10,0.6968641114982579,0.0173611111111111,0.5654581429445844
paper,paper,primary,bursty,seasonal_mf_mpc,1736,100,1,empirical,70251,ok,,271285.3537427781,271330.7688611896,642541.7845895877,658422.6741956403,642554.9785768185,0.0774305555555555,669000.0,14,0.940766550522648,0.0173611111111111,0.5334870677997466
paper,paper,primary,bursty,ewma_mf_mpc,1736,100,1,empirical,70251,ok,,118706.46034855784,118751.87546696929,350342.4263164485,364542.2623594625,350353.41173627565,0.1029861111111111,889800.0,15,0.662020905923345,0.0173611111111111,0.5514796942392279
paper,paper,primary,bursty,gp_mean_mf_mpc,1736,100,1,empirical,70251,ok,,10857.869712417449,10903.28483082891,51334.05277651437,71072.25171545715,51368.775830677616,0.1171875,1012500.0,58,3.1149825783972127,0.0173611111111111,0.4307696687591635
paper,paper,primary,bursty,gp_ucb_mf_mpc,1736,100,1,empirical,70251,ok,,7046.64063364425,7092.055752055712,43026.03392643443,59595.84781716703,43060.3224537696,0.1237152777777777,1068900.0,65,3.240418118466899,0.0173611111111111,0.3560945751661898
paper,paper,primary,bursty,oracle_mf_mpc,1736,100,1,empirical,70251,ok,,22251.533840937147,22296.948959348607,68792.33605560425,77671.13349505364,68809.17628111118,0.0713541666666666,616500.0,14,0.940766550522648,0.0173611111111111,0.5611450370813227
paper,paper,primary,bursty,static,1735,100,1,empirical,70496,ok,,326433.59497719543,326483.44644479547,728504.2976221509,746294.6329614153,728510.1361592519,0.05,432000.0,0,0.0,0.0173611111111111,0.5731530866999546
paper,paper,primary,bursty,reactive,1735,100,1,empirical,70496,ok,,207192.5696721012,207242.42113970124,560145.1440741909,578270.8742784144,560151.2489848537,0.0618055555555555,534000.0,10,0.6968641114982579,0.0173611111111111,0.5686705628688152
paper,paper,primary,bursty,seasonal_mf_mpc,1735,100,1,empirical,70496,ok,,301485.40157121123,301535.2530388113,724905.6073856066,746294.6329614153,724912.073223747,0.0774305555555555,669000.0,14,0.940766550522648,0.0173611111111111,0.5361864502950522
paper,paper,primary,bursty,ewma_mf_mpc,1735,100,1,empirical,70496,ok,,131913.12923676523,131962.9807043653,428065.27655560337,446296.22866942897,428075.3754020615,0.1029861111111111,889800.0,15,0.662020905923345,0.0173611111111111,0.5554357694053563
paper,paper,primary,bursty,gp_mean_mf_mpc,1735,100,1,empirical,70496,ok,,12923.339849537746,12973.191317137813,48399.467374731015,54536.26517891905,48430.19716387621,0.1171875,1012500.0,58,3.1149825783972127,0.0173611111111111,0.494254993191103
paper,paper,primary,bursty,gp_ucb_mf_mpc,1735,100,1,empirical,70496,ok,,14795.87601568141,14845.727483281476,67265.54200906452,79447.92071530689,67298.96307150518,0.1237152777777777,1068900.0,65,3.240418118466899,0.0173611111111111,0.4475005674080798
paper,paper,primary,bursty,oracle_mf_mpc,1735,100,1,empirical,70496,ok,,22579.954945622943,22629.806413223014,75577.92766222425,89896.49853289164,75607.09739686779,0.0713541666666666,616500.0,14,0.940766550522648,0.0173611111111111,0.5634929641398093
paper,paper,primary,bursty,static,1737,100,1,empirical,70368,ok,,292133.25018138014,292178.6795146938,712687.2404102157,730573.2355423465,712690.1805047927,0.05,432000.0,0,0.0,0.0173611111111111,0.5666211914506594
paper,paper,primary,bursty,reactive,1737,100,1,empirical,70368,ok,,186798.6410987074,186844.070432021,539260.9269436066,556768.750562681,539265.6900217781,0.0618055555555555,534000.0,10,0.6968641114982579,0.0173611111111111,0.562656321055025
paper,paper,primary,bursty,seasonal_mf_mpc,1737,100,1,empirical,70368,ok,,268957.4257027977,269002.85503611143,708802.2329975705,730573.2355423465,708812.4922879644,0.0774305555555555,669000.0,14,0.940766550522648,0.0173611111111111,0.5285783310595725
paper,paper,primary,bursty,ewma_mf_mpc,1737,100,1,empirical,70368,ok,,119019.03448620324,119064.46381951688,402165.3005490257,420620.29711257765,402170.601138652,0.1029861111111111,889800.0,15,0.662020905923345,0.0173611111111111,0.5484879490677581
paper,paper,primary,bursty,gp_mean_mf_mpc,1737,100,1,empirical,70368,ok,,13313.323350139868,13358.752683453486,52393.01690851868,69554.10457089588,52463.250676125055,0.1171875,1012500.0,58,3.1149825783972127,0.0173611111111111,0.4886454070031832
paper,paper,primary,bursty,gp_ucb_mf_mpc,1737,100,1,empirical,70368,ok,,10639.178525124556,10684.607858438176,48794.41781326188,67746.49074496554,48910.75127406728,0.1237152777777777,1068900.0,65,3.240418118466899,0.0173611111111111,0.4401716689404275
paper,paper,primary,bursty,oracle_mf_mpc,1737,100,1,empirical,70368,ok,,18817.791594711587,18863.220928025206,68638.40318501338,78107.62285027812,68662.6228811955,0.0713541666666666,616500.0,14,0.940766550522648,0.0173611111111111,0.5491984993178718
paper,paper,primary,bursty,static,1738,100,1,empirical,70292,ok,,317762.65503153484,317811.68750991765,702231.5215794927,715104.311538634,702243.3922551007,0.05,432000.0,0,0.0,0.0173611111111111,0.565299038297388
paper,paper,primary,bursty,reactive,1738,100,1,empirical,70292,ok,,203722.5792883229,203771.61176670576,558073.4359361881,576149.640146928,558077.4581530085,0.0618055555555555,534000.0,10,0.6968641114982579,0.0173611111111111,0.5609173163375633
paper,paper,primary,bursty,seasonal_mf_mpc,1738,100,1,empirical,70292,ok,,293746.19317685615,293795.22565523896,702231.5215794927,715104.311538634,702243.3922551007,0.0774305555555555,669000.0,14,0.940766550522648,0.0173611111111111,0.5288795310988448
paper,paper,primary,bursty,ewma_mf_mpc,1738,100,1,empirical,70292,ok,,133357.54367653353,133406.5761549164,436031.1627244663,454586.6004981764,436039.64217140793,0.1029861111111111,889800.0,15,0.662020905923345,0.0173611111111111,0.5462357024981506
paper,paper,primary,bursty,gp_mean_mf_mpc,1738,100,1,empirical,70292,ok,,10551.659708388355,10600.692186771195,48772.47761088748,56494.34001107526,48853.72852039089,0.1171875,1012500.0,58,3.1149825783972127,0.0173611111111111,0.4676919137312923
paper,paper,primary,bursty,gp_ucb_mf_mpc,1738,100,1,empirical,70292,ok,,16841.051887382313,16890.08436576515,59534.79283104254,67394.07220267653,59554.78077395589,0.1237152777777777,1068900.0,65,3.240418118466899,0.0173611111111111,0.4859301200705628
paper,paper,primary,bursty,oracle_mf_mpc,1738,100,1,empirical,70292,ok,,20633.606162710777,20682.63864109361,61693.82026033792,67189.2630516624,61715.1122284759,0.0713541666666666,616500.0,14,0.940766550522648,0.0173611111111111,0.5566778580777328
paper,paper,primary,diurnal,static,1734,100,1,empirical,720000,ok,,3.194988240452929,10.458216757417429,10.740217936326006,21.62852245914513,21.098058999355107,1.0,8640000.0,0,0.0,0.0,0.3839180555555556
paper,paper,primary,diurnal,reactive,1734,100,1,empirical,720000,ok,,14.480849613511037,21.74407813047553,20.020520148010817,380.0177981748642,31.152463348748643,0.9263888888888888,8004000.0,194,13.418118466898957,0.0173611111111111,0.4862458333333333
paper,paper,primary,diurnal,seasonal_mf_mpc,1734,100,1,empirical,720000,ok,,13.25391233271394,20.51714084967844,22.346120053638845,259.2293171119642,32.96659433195781,0.9282291666666668,8019900.0,193,13.362369337979096,0.0069444444444444,0.5652013888888889
paper,paper,primary,diurnal,ewma_mf_mpc,1734,100,1,empirical,720000,ok,,11.768581090094711,19.03180960705921,18.72613296800045,247.87889185605715,29.49626096668106,0.9117361111111112,7877400.0,287,6.801393728222997,0.0069444444444444,0.5052527777777778
paper,paper,primary,diurnal,gp_mean_mf_mpc,1734,100,1,empirical,720000,ok,,13.25391233271394,20.51714084967844,22.346120053638845,259.2293171119642,32.96659433195781,0.9282291666666668,8019900.0,193,13.362369337979096,0.0069444444444444,0.5652013888888889
paper,paper,primary,diurnal,gp_ucb_mf_mpc,1734,100,1,empirical,720000,ok,,13.25391233271394,20.51714084967844,22.346120053638845,259.2293171119642,32.96659433195781,0.9282291666666668,8019900.0,193,13.362369337979096,0.0069444444444444,0.5652013888888889
paper,paper,primary,diurnal,oracle_mf_mpc,1734,100,1,empirical,720000,ok,,13.25391233271394,20.51714084967844,22.346120053638845,259.2293171119642,32.96659433195781,0.9282291666666668,8019900.0,193,13.362369337979096,0.0069444444444444,0.5652013888888889
paper,paper,primary,diurnal,static,1733,100,1,empirical,720000,ok,,3.257312217047444,10.536424952295128,10.815231604059171,21.858607298775286,21.22351862346112,1.0,8640000.0,0,0.0,0.0,0.386625
paper,paper,primary,diurnal,reactive,1733,100,1,empirical,720000,ok,,14.36793751847512,21.647050253722803,20.430815337694646,380.0311237935071,31.525132037960297,0.9263888888888888,8004000.0,194,13.418118466898957,0.0173611111111111,0.4890930555555555
paper,paper,primary,diurnal,seasonal_mf_mpc,1733,100,1,empirical,720000,ok,,13.548665528434634,20.827778263682323,23.0548505175142,277.23283237530194,33.78646707010774,0.9282291666666668,8019900.0,193,13.362369337979096,0.0069444444444444,0.5755708333333334
paper,paper,primary,diurnal,ewma_mf_mpc,1733,100,1,empirical,720000,ok,,11.767964118984176,19.047076854231857,18.646529114438813,254.1706261134329,29.34734903892444,0.9117361111111112,7877400.0,287,6.801393728222997,0.0069444444444444,0.5079694444444445
paper,paper,primary,diurnal,gp_mean_mf_mpc,1733,100,1,empirical,720000,ok,,13.548665528434634,20.827778263682323,23.0548505175142,277.23283237530194,33.78646707010774,0.9282291666666668,8019900.0,193,13.362369337979096,0.0069444444444444,0.5755708333333334
paper,paper,primary,diurnal,gp_ucb_mf_mpc,1733,100,1,empirical,720000,ok,,13.548665528434634,20.827778263682323,23.0548505175142,277.23283237530194,33.78646707010774,0.9282291666666668,8019900.0,193,13.362369337979096,0.0069444444444444,0.5755708333333334
paper,paper,primary,diurnal,oracle_mf_mpc,1733,100,1,empirical,720000,ok,,13.548665528434634,20.827778263682323,23.0548505175142,277.23283237530194,33.78646707010774,0.9282291666666668,8019900.0,193,13.362369337979096,0.0069444444444444,0.5755708333333334
paper,paper,primary,diurnal,static,1732,100,1,empirical,720000,ok,,3.2869371964516403,10.580482039054472,10.878268335950995,22.19496700619132,21.26233458575369,1.0,8640000.0,0,0.0,0.0,0.3870944444444444
paper,paper,primary,diurnal,reactive,1732,100,1,empirical,720000,ok,,15.101528636024469,22.3950734786273,20.68628558111476,385.1569231103241,31.79845890681789,0.9263888888888888,8004000.0,194,13.418118466898957,0.0173611111111111,0.4906680555555555
paper,paper,primary,diurnal,seasonal_mf_mpc,1732,100,1,empirical,720000,ok,,13.877239810696045,21.17078465329888,22.832007813509257,268.3036183744909,33.51035263262382,0.9282291666666668,8019900.0,193,13.362369337979096,0.0069444444444444,0.5690416666666667
paper,paper,primary,diurnal,ewma_mf_mpc,1732,100,1,empirical,720000,ok,,12.326221045573252,19.619765888176083,19.05302023383507,253.31064634758243,29.796006612368,0.9117361111111112,7877400.0,287,6.801393728222997,0.0069444444444444,0.5095041666666666
paper,paper,primary,diurnal,gp_mean_mf_mpc,1732,100,1,empirical,720000,ok,,13.877239810696045,21.17078465329888,22.832007813509257,268.3036183744909,33.51035263262382,0.9282291666666668,8019900.0,193,13.362369337979096,0.0069444444444444,0.5690416666666667
paper,paper,primary,diurnal,gp_ucb_mf_mpc,1732,100,1,empirical,720000,ok,,13.877239810696045,21.17078465329888,22.832007813509257,268.3036183744909,33.51035263262382,0.9282291666666668,8019900.0,193,13.362369337979096,0.0069444444444444,0.5690416666666667
paper,paper,primary,diurnal,oracle_mf_mpc,1732,100,1,empirical,720000,ok,,13.877239810696045,21.17078465329888,22.832007813509257,268.3036183744909,33.51035263262382,0.9282291666666668,8019900.0,193,13.362369337979096,0.0069444444444444,0.5690416666666667
paper,paper,primary,diurnal,static,1729,100,1,empirical,720000,ok,,3.235040561029751,10.51474509117142,10.82570141490486,21.96114757342878,21.249251705791952,1.0,8640000.0,0,0.0,0.0,0.3861944444444444
paper,paper,primary,diurnal,reactive,1729,100,1,empirical,720000,ok,,14.539845660991354,21.819550191133025,20.17961287232362,385.6357345087742,31.23679842587661,0.9263888888888888,8004000.0,194,13.418118466898957,0.0173611111111111,0.4884861111111111
paper,paper,primary,diurnal,seasonal_mf_mpc,1729,100,1,empirical,720000,ok,,13.67555025582535,20.955254785967018,22.94283457164892,265.14463162370873,33.53713043476488,0.9282291666666668,8019900.0,193,13.362369337979096,0.0069444444444444,0.5743944444444444
paper,paper,primary,diurnal,ewma_mf_mpc,1729,100,1,empirical,720000,ok,,11.95406656470233,19.233771094844,18.635873163800674,248.925692757482,29.30489323963834,0.9117361111111112,7877400.0,287,6.801393728222997,0.0069444444444444,0.5070722222222223
paper,paper,primary,diurnal,gp_mean_mf_mpc,1729,100,1,empirical,720000,ok,,13.67555025582535,20.955254785967018,22.94283457164892,265.14463162370873,33.53713043476488,0.9282291666666668,8019900.0,193,13.362369337979096,0.0069444444444444,0.5743944444444444
paper,paper,primary,diurnal,gp_ucb_mf_mpc,1729,100,1,empirical,720000,ok,,13.67555025582535,20.955254785967018,22.94283457164892,265.14463162370873,33.53713043476488,0.9282291666666668,8019900.0,193,13.362369337979096,0.0069444444444444,0.5743944444444444
paper,paper,primary,diurnal,oracle_mf_mpc,1729,100,1,empirical,720000,ok,,13.67555025582535,20.955254785967018,22.94283457164892,265.14463162370873,33.53713043476488,0.9282291666666668,8019900.0,193,13.362369337979096,0.0069444444444444,0.5743944444444444
paper,paper,primary,diurnal,static,1730,100,1,empirical,720000,ok,,3.2414693708461657,10.51883980691453,10.83582323241416,21.843085176034734,21.171359198271222,1.0,8640000.0,0,0.0,0.0,0.3856513888888889
paper,paper,primary,diurnal,reactive,1730,100,1,empirical,720000,ok,,14.597421466331122,21.874791902399483,20.367719954684247,404.6551405488792,31.398542521263494,0.9263888888888888,8004000.0,194,13.418118466898957,0.0173611111111111,0.4881041666666667
paper,paper,primary,diurnal,seasonal_mf_mpc,1730,100,1,empirical,720000,ok,,13.71467996419748,20.99205040026584,23.241059680046952,279.716404849679,33.955515592461936,0.9282291666666668,8019900.0,193,13.362369337979096,0.0069444444444444,0.5736680555555556
paper,paper,primary,diurnal,ewma_mf_mpc,1730,100,1,empirical,720000,ok,,11.985490159371643,19.26286059544001,19.08932482487942,269.51950572200843,29.99358137744383,0.9117361111111112,7877400.0,287,6.801393728222997,0.0069444444444444,0.5072625
paper,paper,primary,diurnal,gp_mean_mf_mpc,1730,100,1,empirical,720000,ok,,13.71467996419748,20.99205040026584,23.241059680046952,279.716404849679,33.955515592461936,0.9282291666666668,8019900.0,193,13.362369337979096,0.0069444444444444,0.5736680555555556
paper,paper,primary,diurnal,gp_ucb_mf_mpc,1730,100,1,empirical,720000,ok,,13.71467996419748,20.99205040026584,23.241059680046952,279.716404849679,33.955515592461936,0.9282291666666668,8019900.0,193,13.362369337979096,0.0069444444444444,0.5736680555555556
paper,paper,primary,diurnal,oracle_mf_mpc,1730,100,1,empirical,720000,ok,,13.71467996419748,20.99205040026584,23.241059680046952,279.716404849679,33.955515592461936,0.9282291666666668,8019900.0,193,13.362369337979096,0.0069444444444444,0.5736680555555556
paper,paper,primary,diurnal,static,1731,100,1,empirical,720000,ok,,3.226154579816062,10.49835302953486,10.706271612834804,21.800265289001267,21.086954488765333,1.0,8640000.0,0,0.0,0.0,0.3841930555555555
paper,paper,primary,diurnal,reactive,1731,100,1,empirical,720000,ok,,13.611605300630922,20.88380375034972,19.88202071270261,363.8221250279254,30.90811970778176,0.9263888888888888,8004000.0,194,13.418118466898957,0.0173611111111111,0.4878083333333333
paper,paper,primary,diurnal,seasonal_mf_mpc,1731,100,1,empirical,720000,ok,,12.860844451265544,20.133042900984336,22.60882359869691,245.79755037992635,33.12827541241347,0.9282291666666668,8019900.0,193,13.362369337979096,0.0069444444444444,0.5735458333333333
paper,paper,primary,diurnal,ewma_mf_mpc,1731,100,1,empirical,720000,ok,,11.24529030823808,18.51748875795688,18.03487937352001,232.4687111751739,28.66937280000002,0.9117361111111112,7877400.0,287,6.801393728222997,0.0069444444444444,0.506625
paper,paper,primary,diurnal,gp_mean_mf_mpc,1731,100,1,empirical,720000,ok,,12.860844451265544,20.133042900984336,22.60882359869691,245.79755037992635,33.12827541241347,0.9282291666666668,8019900.0,193,13.362369337979096,0.0069444444444444,0.5735458333333333
paper,paper,primary,diurnal,gp_ucb_mf_mpc,1731,100,1,empirical,720000,ok,,12.860844451265544,20.133042900984336,22.60882359869691,245.79755037992635,33.12827541241347,0.9282291666666668,8019900.0,193,13.362369337979096,0.0069444444444444,0.5735458333333333
paper,paper,primary,diurnal,oracle_mf_mpc,1731,100,1,empirical,720000,ok,,12.860844451265544,20.133042900984336,22.60882359869691,245.79755037992635,33.12827541241347,0.9282291666666668,8019900.0,193,13.362369337979096,0.0069444444444444,0.5735458333333333
paper,paper,primary,diurnal,static,1736,100,1,empirical,720000,ok,,3.2672354878445,10.54920099616395,10.8439150221091,21.946574541603848,21.1729953889906,1.0,8640000.0,0,0.0,0.0,0.3868361111111111
paper,paper,primary,diurnal,reactive,1736,100,1,empirical,720000,ok,,14.771572805538447,22.0535383138579,20.2813706012972,410.949655362038,31.40876545672654,0.9263888888888888,8004000.0,194,13.418118466898957,0.0173611111111111,0.4893
paper,paper,primary,diurnal,seasonal_mf_mpc,1736,100,1,empirical,720000,ok,,13.732923175672594,21.01488868399204,22.604506384643173,298.670265625888,33.31752498885967,0.9282291666666668,8019900.0,193,13.362369337979096,0.0069444444444444,0.5685416666666666
paper,paper,primary,diurnal,ewma_mf_mpc,1736,100,1,empirical,720000,ok,,12.106368546936396,19.388334055255847,18.82335862610638,270.4181589277986,29.477069309892247,0.9117361111111112,7877400.0,287,6.801393728222997,0.0069444444444444,0.5082333333333333
paper,paper,primary,diurnal,gp_mean_mf_mpc,1736,100,1,empirical,720000,ok,,13.732923175672594,21.01488868399204,22.604506384643173,298.670265625888,33.31752498885967,0.9282291666666668,8019900.0,193,13.362369337979096,0.0069444444444444,0.5685416666666666
paper,paper,primary,diurnal,gp_ucb_mf_mpc,1736,100,1,empirical,720000,ok,,13.732923175672594,21.01488868399204,22.604506384643173,298.670265625888,33.31752498885967,0.9282291666666668,8019900.0,193,13.362369337979096,0.0069444444444444,0.5685416666666666
paper,paper,primary,diurnal,oracle_mf_mpc,1736,100,1,empirical,720000,ok,,13.732923175672594,21.01488868399204,22.604506384643173,298.670265625888,33.31752498885967,0.9282291666666668,8019900.0,193,13.362369337979096,0.0069444444444444,0.5685416666666666
paper,paper,primary,diurnal,static,1737,100,1,empirical,720000,ok,,3.2796512594061307,10.5730662659706,10.870161831750869,21.974084809670984,21.24092987429376,1.0,8640000.0,0,0.0,0.0,0.3865833333333333
paper,paper,primary,diurnal,reactive,1737,100,1,empirical,720000,ok,,14.100776840089129,21.3941918466536,20.4658399503976,361.3918009662518,31.539601388690425,0.9263888888888888,8004000.0,194,13.418118466898957,0.0173611111111111,0.49135
paper,paper,primary,diurnal,seasonal_mf_mpc,1737,100,1,empirical,720000,ok,,13.433088246314806,20.726503252879283,23.03687777971698,265.65702214473214,33.62447815818776,0.9282291666666668,8019900.0,193,13.362369337979096,0.0069444444444444,0.5763013888888889
paper,paper,primary,diurnal,ewma_mf_mpc,1737,100,1,empirical,720000,ok,,11.752901839535811,19.04631684610028,18.388471361325617,250.93392228343183,29.034329768204923,0.9117361111111112,7877400.0,287,6.801393728222997,0.0069444444444444,0.5093180555555555
paper,paper,primary,diurnal,gp_mean_mf_mpc,1737,100,1,empirical,720000,ok,,13.433088246314806,20.726503252879283,23.03687777971698,265.65702214473214,33.62447815818776,0.9282291666666668,8019900.0,193,13.362369337979096,0.0069444444444444,0.5763013888888889
paper,paper,primary,diurnal,gp_ucb_mf_mpc,1737,100,1,empirical,720000,ok,,13.433088246314806,20.726503252879283,23.03687777971698,265.65702214473214,33.62447815818776,0.9282291666666668,8019900.0,193,13.362369337979096,0.0069444444444444,0.5763013888888889
paper,paper,primary,diurnal,oracle_mf_mpc,1737,100,1,empirical,720000,ok,,13.433088246314806,20.726503252879283,23.03687777971698,265.65702214473214,33.62447815818776,0.9282291666666668,8019900.0,193,13.362369337979096,0.0069444444444444,0.5763013888888889
paper,paper,primary,diurnal,static,1735,100,1,empirical,720000,ok,,3.3139020167664093,10.606415900111962,10.942460888717855,22.2708135049,21.340562212734337,1.0,8640000.0,0,0.0,0.0,0.3872847222222222
paper,paper,primary,diurnal,reactive,1735,100,1,empirical,720000,ok,,13.427509355072088,20.72002323841764,20.17072058772463,353.3829210312272,31.12850486510528,0.9263888888888888,8004000.0,194,13.418118466898957,0.0173611111111111,0.4900708333333333
paper,paper,primary,diurnal,seasonal_mf_mpc,1735,100,1,empirical,720000,ok,,12.822818135108776,20.115332018454325,22.74973660032483,240.43794568946123,33.288837347921586,0.9282291666666668,8019900.0,193,13.362369337979096,0.0069444444444444,0.5769305555555555
paper,paper,primary,diurnal,ewma_mf_mpc,1735,100,1,empirical,720000,ok,,11.091194231398262,18.38370811474382,18.1414951390382,218.46045989716944,28.62911838463328,0.9117361111111112,7877400.0,287,6.801393728222997,0.0069444444444444,0.5083680555555555
paper,paper,primary,diurnal,gp_mean_mf_mpc,1735,100,1,empirical,720000,ok,,12.822818135108776,20.115332018454325,22.74973660032483,240.43794568946123,33.288837347921586,0.9282291666666668,8019900.0,193,13.362369337979096,0.0069444444444444,0.5769305555555555
paper,paper,primary,diurnal,gp_ucb_mf_mpc,1735,100,1,empirical,720000,ok,,12.822818135108776,20.115332018454325,22.74973660032483,240.43794568946123,33.288837347921586,0.9282291666666668,8019900.0,193,13.362369337979096,0.0069444444444444,0.5769305555555555
paper,paper,primary,diurnal,oracle_mf_mpc,1735,100,1,empirical,720000,ok,,12.822818135108776,20.115332018454325,22.74973660032483,240.43794568946123,33.288837347921586,0.9282291666666668,8019900.0,193,13.362369337979096,0.0069444444444444,0.5769305555555555
paper,paper,primary,diurnal,static,1738,100,1,empirical,720000,ok,,3.3335565378555176,10.634297677819603,10.914452136664185,22.258431620818573,21.3334967481998,1.0,8640000.0,0,0.0,0.0,0.3870902777777777
paper,paper,primary,diurnal,reactive,1738,100,1,empirical,720000,ok,,14.890813214947434,22.19155435491152,20.698025110552383,389.5396104884952,31.76343779031448,0.9263888888888888,8004000.0,194,13.418118466898957,0.0173611111111111,0.4916097222222222
paper,paper,primary,diurnal,seasonal_mf_mpc,1738,100,1,empirical,720000,ok,,14.026055120901166,21.32679626086525,23.36546866702852,278.7111639150712,33.958035771720425,0.9282291666666668,8019900.0,193,13.362369337979096,0.0069444444444444,0.5771805555555556
paper,paper,primary,diurnal,ewma_mf_mpc,1738,100,1,empirical,720000,ok,,12.263639060902634,19.56438020086672,19.206319550004967,260.2554465920921,30.09250452851747,0.9117361111111112,7877400.0,287,6.801393728222997,0.0069444444444444,0.5106944444444445
paper,paper,primary,diurnal,gp_mean_mf_mpc,1738,100,1,empirical,720000,ok,,14.026055120901166,21.32679626086525,23.36546866702852,278.7111639150712,33.958035771720425,0.9282291666666668,8019900.0,193,13.362369337979096,0.0069444444444444,0.5771805555555556
paper,paper,primary,diurnal,gp_ucb_mf_mpc,1738,100,1,empirical,720000,ok,,14.026055120901166,21.32679626086525,23.36546866702852,278.7111639150712,33.958035771720425,0.9282291666666668,8019900.0,193,13.362369337979096,0.0069444444444444,0.5771805555555556
paper,paper,primary,diurnal,oracle_mf_mpc,1738,100,1,empirical,720000,ok,,14.026055120901166,21.32679626086525,23.36546866702852,278.7111639150712,33.958035771720425,0.9282291666666668,8019900.0,193,13.362369337979096,0.0069444444444444,0.5771805555555556
paper,delay_sensitivity-n100-d0-empirical,delay_sensitivity,bursty,reactive,1729,100,0,empirical,70057,ok,,99121.7369725924,99167.0205011512,277607.2571458113,295661.59129185893,277613.10343872465,0.06180555555555555,534000.0,10,0.6968641114982579,0.017361111111111112,0.5655252151819233
paper,delay_sensitivity-n100-d0-empirical,delay_sensitivity,bursty,gp_mean_mf_mpc,1729,100,0,empirical,70057,ok,,12296.657294491373,12341.940823050141,49759.74847914847,62495.455768864886,49825.06825152347,0.1272222222222222,1099200.0,57,3.4773519163763065,0.017361111111111112,0.4791812381346618
paper,delay_sensitivity-n100-d0-empirical,delay_sensitivity,bursty,gp_ucb_mf_mpc,1729,100,0,empirical,70057,ok,,14625.582419684419,14670.865948243185,51620.28737487187,62184.01408928279,51643.76013333949,0.13125,1134000.0,60,3.602787456445993,0.017361111111111112,0.5044606534678905
paper,delay_sensitivity-n100-d0-empirical,delay_sensitivity,bursty,oracle_mf_mpc,1729,100,0,empirical,70057,ok,,7110.206637127419,7155.490165686186,32625.851752125298,45604.55019035007,32797.068808839664,0.08333333333333334,720000.0,16,1.0801393728222997,0.017361111111111112,0.4615527356295588
paper,delay_sensitivity-n100-d0-empirical,delay_sensitivity,bursty,reactive,1731,100,0,empirical,70163,ok,,96679.87138723311,96725.9457494039,256413.13899168713,272400.07380202843,256423.78831379072,0.06180555555555555,534000.0,10,0.6968641114982579,0.017361111111111112,0.5630745549648675
paper,delay_sensitivity-n100-d0-empirical,delay_sensitivity,bursty,gp_mean_mf_mpc,1731,100,0,empirical,70163,ok,,14178.092206445212,14224.166568616001,48149.77098948416,60843.23297619348,48181.627030613585,0.1272222222222222,1099200.0,57,3.4773519163763065,0.017361111111111112,0.5063780055014752
paper,delay_sensitivity-n100-d0-empirical,delay_sensitivity,bursty,gp_ucb_mf_mpc,1731,100,0,empirical,70163,ok,,15346.738404271353,15392.812766442143,61241.333647155276,81426.48338454883,61286.88175057438,0.13125,1134000.0,60,3.602787456445993,0.017361111111111112,0.5027578638313641
paper,delay_sensitivity-n100-d0-empirical,delay_sensitivity,bursty,oracle_mf_mpc,1731,100,0,empirical,70163,ok,,9094.24300439608,9140.31736656687,48219.97086189503,63633.82888823209,48279.98487939157,0.08333333333333334,720000.0,16,1.0801393728222997,0.017361111111111112,0.4669270128130211
paper,delay_sensitivity-n100-d0-empirical,delay_sensitivity,bursty,reactive,1733,100,0,empirical,70603,ok,,106675.92933922228,106723.77553813001,287717.87750466535,304981.51790121495,287726.18814437295,0.06180555555555555,534000.0,10,0.6968641114982579,0.017361111111111112,0.5615483761313259
paper,delay_sensitivity-n100-d0-empirical,delay_sensitivity,bursty,gp_mean_mf_mpc,1733,100,0,empirical,70603,ok,,12733.761967401393,12781.608166309117,54923.34366950361,71764.1814979032,55040.53162135596,0.1272222222222222,1099200.0,57,3.4773519163763065,0.017361111111111112,0.4889452289562766
paper,delay_sensitivity-n100-d0-empirical,delay_sensitivity,bursty,gp_ucb_mf_mpc,1733,100,0,empirical,70603,ok,,17739.81128111938,17787.657480027105,72503.66780312305,82086.210982655,72544.03927807632,0.13125,1134000.0,60,3.602787456445993,0.017361111111111112,0.5035480078750195
paper,delay_sensitivity-n100-d0-empirical,delay_sensitivity,bursty,oracle_mf_mpc,1733,100,0,empirical,70603,ok,,8896.632780322047,8944.47897922977,34298.47997667,50626.379643482156,34373.51790512514,0.08333333333333334,720000.0,16,1.0801393728222997,0.017361111111111112,0.5009702137302947
paper,delay_sensitivity-n100-d0-empirical,delay_sensitivity,bursty,reactive,1730,100,0,empirical,70329,ok,,87603.37977761017,87648.66119477576,259559.02812825507,277152.6100641724,259564.8666767868,0.06180555555555555,534000.0,10,0.6968641114982579,0.017361111111111112,0.5655846094783091
paper,delay_sensitivity-n100-d0-empirical,delay_sensitivity,bursty,gp_mean_mf_mpc,1730,100,0,empirical,70329,ok,,14820.665417068276,14865.946834233853,60521.52825011476,81986.45015350226,60529.08111793131,0.1272222222222222,1099200.0,57,3.4773519163763065,0.017361111111111112,0.499367259594193
paper,delay_sensitivity-n100-d0-empirical,delay_sensitivity,bursty,gp_ucb_mf_mpc,1730,100,0,empirical,70329,ok,,15875.566381077868,15920.847798243447,58249.77911658999,73676.58829615901,58276.62570221916,0.13125,1134000.0,60,3.602787456445993,0.017361111111111112,0.5049695004905516
paper,delay_sensitivity-n100-d0-empirical,delay_sensitivity,bursty,oracle_mf_mpc,1730,100,0,empirical,70329,ok,,11906.651249090153,11951.93266625573,42550.07883331955,51873.80688271432,42599.65619202627,0.08333333333333334,720000.0,16,1.0801393728222997,0.017361111111111112,0.5546787242815908
paper,delay_sensitivity-n100-d0-empirical,delay_sensitivity,bursty,reactive,1732,100,0,empirical,70118,ok,,95645.4733721707,95694.41932769524,277001.4954661074,294892.61402713624,277012.00791123003,0.06180555555555555,534000.0,10,0.6968641114982579,0.017361111111111112,0.5624661285261987
paper,delay_sensitivity-n100-d0-empirical,delay_sensitivity,bursty,gp_mean_mf_mpc,1732,100,0,empirical,70118,ok,,15626.957346457291,15675.903301981829,64126.83179477571,79302.98236706958,64189.295086262544,0.1272222222222222,1099200.0,57,3.4773519163763065,0.017361111111111112,0.48248666533557716
paper,delay_sensitivity-n100-d0-empirical,delay_sensitivity,bursty,gp_ucb_mf_mpc,1732,100,0,empirical,70118,ok,,14407.142177468562,14456.088132993102,47942.60162755086,64752.44815656815,47973.50778225192,0.13125,1134000.0,60,3.602787456445993,0.017361111111111112,0.5047206138224136
paper,delay_sensitivity-n100-d0-empirical,delay_sensitivity,bursty,oracle_mf_mpc,1732,100,0,empirical,70118,ok,,13597.605391747444,13646.551347271981,59433.57449735298,77742.33711080943,59457.891829578046,0.08333333333333334,720000.0,16,1.0801393728222997,0.017361111111111112,0.5040503151829773
paper,delay_sensitivity-n100-d0-empirical,delay_sensitivity,bursty,reactive,1734,100,0,empirical,70283,ok,,111031.51894671124,111080.40782552568,336296.07984593156,354274.5103878983,336301.08611834934,0.06180555555555555,534000.0,10,0.6968641114982579,0.017361111111111112,0.5634221646770912
paper,delay_sensitivity-n100-d0-empirical,delay_sensitivity,bursty,gp_mean_mf_mpc,1734,100,0,empirical,70283,ok,,16537.22034792564,16586.109226740067,58984.83693979571,68998.85694570099,59008.66371510249,0.1272222222222222,1099200.0,57,3.4773519163763065,0.017361111111111112,0.5060825519684703
paper,delay_sensitivity-n100-d0-empirical,delay_sensitivity,bursty,gp_ucb_mf_mpc,1734,100,0,empirical,70283,ok,,13213.218149868286,13262.107028682716,61965.782303680055,83717.3887936652,62057.10915280224,0.13125,1134000.0,60,3.602787456445993,0.017361111111111112,0.4794473770328529
paper,delay_sensitivity-n100-d0-empirical,delay_sensitivity,bursty,oracle_mf_mpc,1734,100,0,empirical,70283,ok,,16085.87015801006,16134.759036824491,47100.25913790987,54780.91037053353,47124.022771034695,0.08333333333333334,720000.0,16,1.0801393728222997,0.017361111111111112,0.5648165274675242
paper,delay_sensitivity-n100-d0-empirical,delay_sensitivity,bursty,reactive,1737,100,0,empirical,70368,ok,,91009.52712034596,91054.95645365957,273778.45967930206,291611.46624721127,273782.8715203227,0.06180555555555555,534000.0,10,0.6968641114982579,0.017361111111111112,0.5604394042746703
paper,delay_sensitivity-n100-d0-empirical,delay_sensitivity,bursty,gp_mean_mf_mpc,1737,100,0,empirical,70368,ok,,13497.742867633775,13543.172200947396,46253.80628345023,57737.88437083796,46295.548505046296,0.1272222222222222,1099200.0,57,3.4773519163763065,0.017361111111111112,0.5006252842201
paper,delay_sensitivity-n100-d0-empirical,delay_sensitivity,bursty,gp_ucb_mf_mpc,1737,100,0,empirical,70368,ok,,13903.416973471212,13948.846306784833,49132.363761078916,58379.19194981712,49159.53217534107,0.13125,1134000.0,60,3.602787456445993,0.017361111111111112,0.5008526603001364
paper,delay_sensitivity-n100-d0-empirical,delay_sensitivity,bursty,oracle_mf_mpc,1737,100,0,empirical,70368,ok,,5861.670948428133,5907.100281741754,35132.298440335915,51742.022217785525,35241.70401994744,0.08333333333333334,720000.0,16,1.0801393728222997,0.017361111111111112,0.38386766712141884
paper,delay_sensitivity-n100-d0-empirical,delay_sensitivity,bursty,reactive,1735,100,0,empirical,70496,ok,,109437.13112675893,109486.98259435898,328051.6750636394,346022.0981099142,328063.6745254816,0.06180555555555555,534000.0,10,0.6968641114982579,0.017361111111111112,0.5669541534271448
paper,delay_sensitivity-n100-d0-empirical,delay_sensitivity,bursty,gp_mean_mf_mpc,1735,100,0,empirical,70496,ok,,18484.96380642471,18534.815274024775,80852.88085453653,107768.57631832405,80872.43046430778,0.1272222222222222,1099200.0,57,3.4773519163763065,0.017361111111111112,0.46764355424421244
paper,delay_sensitivity-n100-d0-empirical,delay_sensitivity,bursty,gp_ucb_mf_mpc,1735,100,0,empirical,70496,ok,,22829.448235967528,22879.29970356759,84995.70851031438,92625.92254507574,85001.9999082422,0.13125,1134000.0,60,3.602787456445993,0.017361111111111112,0.5066954153427145
paper,delay_sensitivity-n100-d0-empirical,delay_sensitivity,bursty,oracle_mf_mpc,1735,100,0,empirical,70496,ok,,10085.28278912991,10135.134256729976,44291.27437896425,57297.90085746071,44362.278865003595,0.08333333333333334,720000.0,16,1.0801393728222997,0.017361111111111112,0.46070699046754426
paper,delay_sensitivity-n100-d0-empirical,delay_sensitivity,bursty,reactive,1736,100,0,empirical,70251,ok,,92534.00571682486,92579.42083523632,250503.31622838532,263627.83786313934,250512.57436242537,0.06180555555555555,534000.0,10,0.6968641114982579,0.017361111111111112,0.5638211555707392
paper,delay_sensitivity-n100-d0-empirical,delay_sensitivity,bursty,gp_mean_mf_mpc,1736,100,0,empirical,70251,ok,,10937.1251910321,10982.54030944356,47481.77058077386,64770.42968215149,47566.58753230455,0.1272222222222222,1099200.0,57,3.4773519163763065,0.017361111111111112,0.4704132325518498
paper,delay_sensitivity-n100-d0-empirical,delay_sensitivity,bursty,gp_ucb_mf_mpc,1736,100,0,empirical,70251,ok,,18530.047658868916,18575.462777280376,72518.71563746655,84074.29344598159,72650.3979584816,0.13125,1134000.0,60,3.602787456445993,0.017361111111111112,0.5010747177976114
paper,delay_sensitivity-n100-d0-empirical,delay_sensitivity,bursty,oracle_mf_mpc,1736,100,0,empirical,70251,ok,,8428.09074721761,8473.505865629071,36767.27345146157,47817.822572874866,36843.359225070366,0.08333333333333334,720000.0,16,1.0801393728222997,0.017361111111111112,0.4703847632062177
paper,delay_sensitivity-n100-d0-empirical,delay_sensitivity,bursty,reactive,1738,100,0,empirical,70292,ok,,108018.71636758221,108067.74884596503,290522.32788772485,300358.6260021127,290528.9549839956,0.06180555555555555,534000.0,10,0.6968641114982579,0.017361111111111112,0.5593808683776248
paper,delay_sensitivity-n100-d0-empirical,delay_sensitivity,bursty,gp_mean_mf_mpc,1738,100,0,empirical,70292,ok,,14959.80958137707,15008.842059759907,65511.68579491152,77373.2935659044,65576.10385478339,0.1272222222222222,1099200.0,57,3.4773519163763065,0.017361111111111112,0.47479087236100836
paper,delay_sensitivity-n100-d0-empirical,delay_sensitivity,bursty,gp_ucb_mf_mpc,1738,100,0,empirical,70292,ok,,17444.369129868493,17493.40160825133,60595.438233711066,70456.86048984711,60622.61595071281,0.13125,1134000.0,60,3.602787456445993,0.017361111111111112,0.5005975075399761
paper,delay_sensitivity-n100-d0-empirical,delay_sensitivity,bursty,oracle_mf_mpc,1738,100,0,empirical,70292,ok,,8884.05544502934,8933.087923412178,40245.577155085826,53219.487358661674,40309.31561879954,0.08333333333333334,720000.0,16,1.0801393728222997,0.017361111111111112,0.45781881295168725
paper,delay_sensitivity-n100-d1-empirical,delay_sensitivity,bursty,reactive,1734,100,1,empirical,70283,ok,,204978.71657652213,205027.60545533654,531711.6264500099,549317.092816697,531720.7319002949,0.06180555555555555,534000.0,10,0.6968641114982579,0.017361111111111112,0.5655990780131753
paper,delay_sensitivity-n100-d1-empirical,delay_sensitivity,bursty,gp_mean_mf_mpc,1734,100,1,empirical,70283,ok,,12849.798727412155,12898.687606226584,58989.63954583955,73396.28522365831,59008.259339792414,0.1171875,1012500.0,58,3.1149825783972127,0.017361111111111112,0.46227394960374485
paper,delay_sensitivity-n100-d1-empirical,delay_sensitivity,bursty,gp_ucb_mf_mpc,1734,100,1,empirical,70283,ok,,14583.529256240467,14632.418135054888,51789.47633354184,62286.91186814579,51830.37163840942,0.12371527777777779,1068900.0,65,3.240418118466899,0.017361111111111112,0.4863907346015395
paper,delay_sensitivity-n100-d1-empirical,delay_sensitivity,bursty,oracle_mf_mpc,1734,100,1,empirical,70283,ok,,20383.210560364383,20432.09943917881,66063.16171258589,78127.59708591102,66094.99074975029,0.07135416666666666,616500.0,14,0.9407665505226481,0.017361111111111112,0.5597228348249221
paper,delay_sensitivity-n100-d1-empirical,delay_sensitivity,bursty,reactive,1731,100,1,empirical,70163,ok,,192159.67818178385,192205.75254395464,526927.8604438822,544407.8591981996,526936.7029214149,0.06180555555555555,534000.0,10,0.6968641114982579,0.017361111111111112,0.56524093895643
paper,delay_sensitivity-n100-d1-empirical,delay_sensitivity,bursty,gp_mean_mf_mpc,1731,100,1,empirical,70163,ok,,16939.4199025046,16985.494264675388,64437.492102577584,70525.38185327785,64446.93230236516,0.1171875,1012500.0,58,3.1149825783972127,0.017361111111111112,0.49168365092712685
paper,delay_sensitivity-n100-d1-empirical,delay_sensitivity,bursty,gp_ucb_mf_mpc,1731,100,1,empirical,70163,ok,,10517.09541283652,10563.16977500731,49071.17026951715,67787.45226703443,49101.70494391878,0.12371527777777779,1068900.0,65,3.240418118466899,0.017361111111111112,0.4258512321308952
paper,delay_sensitivity-n100-d1-empirical,delay_sensitivity,bursty,oracle_mf_mpc,1731,100,1,empirical,70163,ok,,17694.62748740262,17740.701849573412,57870.320540978384,66322.4767438245,57901.01553846143,0.07135416666666666,616500.0,14,0.9407665505226481,0.017361111111111112,0.5596967062411813
paper,delay_sensitivity-n100-d1-empirical,delay_sensitivity,bursty,reactive,1732,100,1,empirical,70118,ok,,200219.243487064,200268.18944258854,549136.7202561805,567031.8570310456,549139.18882783,0.06180555555555555,534000.0,10,0.6968641114982579,0.017361111111111112,0.5638780341709689
paper,delay_sensitivity-n100-d1-empirical,delay_sensitivity,bursty,gp_mean_mf_mpc,1732,100,1,empirical,70118,ok,,12251.88166610578,12300.827621630318,45154.14630563551,56285.81359092841,45200.54570235052,0.1171875,1012500.0,58,3.1149825783972127,0.017361111111111112,0.49231295815625087
paper,delay_sensitivity-n100-d1-empirical,delay_sensitivity,bursty,gp_ucb_mf_mpc,1732,100,1,empirical,70118,ok,,8109.5432527714165,8158.489208295955,42835.90396490297,57733.88209721166,42913.5547685884,0.12371527777777779,1068900.0,65,3.240418118466899,0.017361111111111112,0.40145183832967285
paper,delay_sensitivity-n100-d1-empirical,delay_sensitivity,bursty,oracle_mf_mpc,1732,100,1,empirical,70118,ok,,16538.644198253725,16587.590153778263,54194.76235198909,62433.360695393,54212.23233510459,0.07135416666666666,616500.0,14,0.9407665505226481,0.017361111111111112,0.5585441684018368
paper,delay_sensitivity-n100-d1-empirical,delay_sensitivity,bursty,reactive,1730,100,1,empirical,70329,ok,,186335.8811318054,186381.16254897098,599933.8189932901,617089.7160834635,599944.02895925,0.06180555555555555,534000.0,10,0.6968641114982579,0.017361111111111112,0.5675041590240157
paper,delay_sensitivity-n100-d1-empirical,delay_sensitivity,bursty,gp_mean_mf_mpc,1730,100,1,empirical,70329,ok,,10479.906056794363,10525.187473959943,42790.538217521345,56858.36273147748,42851.16717853532,0.1171875,1012500.0,58,3.1149825783972127,0.017361111111111112,0.4664647584922294
paper,delay_sensitivity-n100-d1-empirical,delay_sensitivity,bursty,gp_ucb_mf_mpc,1730,100,1,empirical,70329,ok,,10405.153476337198,10450.434893502776,49380.58738320879,71765.14638294469,49434.19284382453,0.12371527777777779,1068900.0,65,3.240418118466899,0.017361111111111112,0.4779962746519928
paper,delay_sensitivity-n100-d1-empirical,delay_sensitivity,bursty,oracle_mf_mpc,1730,100,1,empirical,70329,ok,,25991.222573453248,26036.503990618818,73537.48621158682,80290.27169705695,73544.52976529025,0.07135416666666666,616500.0,14,0.9407665505226481,0.017361111111111112,0.5627123946025111
paper,delay_sensitivity-n100-d1-empirical,delay_sensitivity,bursty,reactive,1729,100,1,empirical,70057,ok,,189219.39664344053,189264.68017199927,521977.77642752154,540456.9792414091,521984.0962038382,0.06180555555555555,534000.0,10,0.6968641114982579,0.017361111111111112,0.5675949583910245
paper,delay_sensitivity-n100-d1-empirical,delay_sensitivity,bursty,gp_mean_mf_mpc,1729,100,1,empirical,70057,ok,,8524.887578043457,8570.171106602224,44203.83999046407,61529.85227848732,44341.63650462359,0.1171875,1012500.0,58,3.1149825783972127,0.017361111111111112,0.4309205361348616
paper,delay_sensitivity-n100-d1-empirical,delay_sensitivity,bursty,gp_ucb_mf_mpc,1729,100,1,empirical,70057,ok,,12344.797642899186,12390.081171457952,52125.0544360158,67025.6079691847,52191.60346773441,0.12371527777777779,1068900.0,65,3.240418118466899,0.017361111111111112,0.48096549952181794
paper,delay_sensitivity-n100-d1-empirical,delay_sensitivity,bursty,oracle_mf_mpc,1729,100,1,empirical,70057,ok,,18983.731836499945,19029.015365058716,71803.23546593043,87640.48945494126,71817.62148384126,0.07135416666666666,616500.0,14,0.9407665505226481,0.017361111111111112,0.5627417674179597
paper,delay_sensitivity-n100-d1-empirical,delay_sensitivity,bursty,reactive,1733,100,1,empirical,70603,ok,,202328.330582578,202376.1767814857,543438.1322577747,558333.2020697079,543449.0995333648,0.06180555555555555,534000.0,10,0.6968641114982579,0.017361111111111112,0.5635737858164668
paper,delay_sensitivity-n100-d1-empirical,delay_sensitivity,bursty,gp_mean_mf_mpc,1733,100,1,empirical,70603,ok,,10770.643559618795,10818.489758526517,52345.86334690178,62414.91995180246,52381.96138401048,0.1171875,1012500.0,58,3.1149825783972127,0.017361111111111112,0.415194821749784
paper,delay_sensitivity-n100-d1-empirical,delay_sensitivity,bursty,gp_ucb_mf_mpc,1733,100,1,empirical,70603,ok,,10063.776981399158,10111.623180306882,49766.97874129037,69907.6923762681,49825.55671175074,0.12371527777777779,1068900.0,65,3.240418118466899,0.017361111111111112,0.454924011727547
paper,delay_sensitivity-n100-d1-empirical,delay_sensitivity,bursty,oracle_mf_mpc,1733,100,1,empirical,70603,ok,,16050.429251821839,16098.275450729563,51582.389040487615,60668.62738663886,51636.061409934206,0.07135416666666666,616500.0,14,0.9407665505226481,0.017361111111111112,0.5594379842216336
paper,delay_sensitivity-n100-d1-empirical,delay_sensitivity,bursty,reactive,1735,100,1,empirical,70496,ok,,207192.56967210118,207242.42113970124,560145.1440741909,578270.8742784144,560151.2489848537,0.06180555555555555,534000.0,10,0.6968641114982579,0.017361111111111112,0.5686705628688152
paper,delay_sensitivity-n100-d1-empirical,delay_sensitivity,bursty,gp_mean_mf_mpc,1735,100,1,empirical,70496,ok,,12923.339849537746,12973.191317137813,48399.467374731015,54536.26517891905,48430.19716387621,0.1171875,1012500.0,58,3.1149825783972127,0.017361111111111112,0.49425499319110305
paper,delay_sensitivity-n100-d1-empirical,delay_sensitivity,bursty,gp_ucb_mf_mpc,1735,100,1,empirical,70496,ok,,14795.87601568141,14845.727483281476,67265.54200906452,79447.92071530689,67298.96307150518,0.12371527777777779,1068900.0,65,3.240418118466899,0.017361111111111112,0.44750056740807986
paper,delay_sensitivity-n100-d1-empirical,delay_sensitivity,bursty,oracle_mf_mpc,1735,100,1,empirical,70496,ok,,22579.954945622943,22629.806413223014,75577.92766222425,89896.49853289164,75607.09739686779,0.07135416666666666,616500.0,14,0.9407665505226481,0.017361111111111112,0.5634929641398093
paper,delay_sensitivity-n100-d1-empirical,delay_sensitivity,bursty,reactive,1736,100,1,empirical,70251,ok,,185352.0448939636,185397.46001237503,477148.7639588928,494719.4662901326,477160.2442010044,0.06180555555555555,534000.0,10,0.6968641114982579,0.017361111111111112,0.5654581429445844
paper,delay_sensitivity-n100-d1-empirical,delay_sensitivity,bursty,gp_mean_mf_mpc,1736,100,1,empirical,70251,ok,,10857.869712417449,10903.28483082891,51334.05277651437,71072.25171545715,51368.775830677616,0.1171875,1012500.0,58,3.1149825783972127,0.017361111111111112,0.43076966875916356
paper,delay_sensitivity-n100-d1-empirical,delay_sensitivity,bursty,gp_ucb_mf_mpc,1736,100,1,empirical,70251,ok,,7046.64063364425,7092.055752055712,43026.03392643443,59595.84781716703,43060.3224537696,0.12371527777777779,1068900.0,65,3.240418118466899,0.017361111111111112,0.3560945751661898
paper,delay_sensitivity-n100-d1-empirical,delay_sensitivity,bursty,oracle_mf_mpc,1736,100,1,empirical,70251,ok,,22251.533840937147,22296.948959348607,68792.33605560425,77671.13349505364,68809.17628111118,0.07135416666666666,616500.0,14,0.9407665505226481,0.017361111111111112,0.5611450370813227
paper,delay_sensitivity-n100-d1-empirical,delay_sensitivity,bursty,reactive,1737,100,1,empirical,70368,ok,,186798.6410987074,186844.070432021,539260.9269436066,556768.750562681,539265.6900217781,0.06180555555555555,534000.0,10,0.6968641114982579,0.017361111111111112,0.562656321055025
paper,delay_sensitivity-n100-d1-empirical,delay_sensitivity,bursty,gp_mean_mf_mpc,1737,100,1,empirical,70368,ok,,13313.323350139868,13358.752683453486,52393.01690851868,69554.10457089588,52463.250676125055,0.1171875,1012500.0,58,3.1149825783972127,0.017361111111111112,0.48864540700318326
paper,delay_sensitivity-n100-d1-empirical,delay_sensitivity,bursty,gp_ucb_mf_mpc,1737,100,1,empirical,70368,ok,,10639.178525124556,10684.607858438176,48794.41781326188,67746.49074496554,48910.75127406728,0.12371527777777779,1068900.0,65,3.240418118466899,0.017361111111111112,0.4401716689404275
paper,delay_sensitivity-n100-d1-empirical,delay_sensitivity,bursty,oracle_mf_mpc,1737,100,1,empirical,70368,ok,,18817.791594711587,18863.220928025206,68638.40318501338,78107.62285027812,68662.6228811955,0.07135416666666666,616500.0,14,0.9407665505226481,0.017361111111111112,0.5491984993178718
paper,delay_sensitivity-n100-d1-empirical,delay_sensitivity,bursty,reactive,1738,100,1,empirical,70292,ok,,203722.57928832286,203771.61176670576,558073.4359361881,576149.640146928,558077.4581530085,0.06180555555555555,534000.0,10,0.6968641114982579,0.017361111111111112,0.5609173163375633
paper,delay_sensitivity-n100-d1-empirical,delay_sensitivity,bursty,gp_mean_mf_mpc,1738,100,1,empirical,70292,ok,,10551.659708388357,10600.692186771195,48772.47761088748,56494.34001107526,48853.72852039089,0.1171875,1012500.0,58,3.1149825783972127,0.017361111111111112,0.4676919137312923
paper,delay_sensitivity-n100-d1-empirical,delay_sensitivity,bursty,gp_ucb_mf_mpc,1738,100,1,empirical,70292,ok,,16841.051887382313,16890.08436576515,59534.79283104254,67394.07220267653,59554.78077395589,0.12371527777777779,1068900.0,65,3.240418118466899,0.017361111111111112,0.4859301200705628
paper,delay_sensitivity-n100-d1-empirical,delay_sensitivity,bursty,oracle_mf_mpc,1738,100,1,empirical,70292,ok,,20633.606162710777,20682.638641093614,61693.82026033792,67189.2630516624,61715.1122284759,0.07135416666666666,616500.0,14,0.9407665505226481,0.017361111111111112,0.5566778580777328
paper,delay_sensitivity-n100-d2-empirical,delay_sensitivity,bursty,reactive,1732,100,2,empirical,70118,ok,,250176.00286282835,250224.94881835286,637591.6910332543,655104.772208124,637594.2158701463,0.06180555555555555,534000.0,10,0.6968641114982579,0.017361111111111112,0.5612966713254799
paper,delay_sensitivity-n100-d2-empirical,delay_sensitivity,bursty,gp_mean_mf_mpc,1732,100,2,empirical,70118,ok,,15546.2813163661,15595.227271890639,56615.36604146251,65336.40522977858,56644.42381392386,0.11118055555555556,960600.0,61,2.843205574912892,0.017361111111111112,0.5006417752930774
paper,delay_sensitivity-n100-d2-empirical,delay_sensitivity,bursty,gp_ucb_mf_mpc,1732,100,2,empirical,70118,ok,,9588.414629719005,9637.360585243547,46103.94639593546,59702.438713187315,46151.29663053759,0.1195486111111111,1032900.0,80,3.156794425087108,0.017361111111111112,0.42532587923215154
paper,delay_sensitivity-n100-d2-empirical,delay_sensitivity,bursty,oracle_mf_mpc,1732,100,2,empirical,70118,ok,,67558.10613468711,67607.05209021164,175665.66338316345,181802.3006533249,175671.1283220952,0.06180555555555555,534000.0,10,0.6968641114982579,0.017361111111111112,0.5634929689951225
paper,delay_sensitivity-n100-d2-empirical,delay_sensitivity,bursty,reactive,1734,100,2,empirical,70283,ok,,252304.54071889108,252353.42959770554,577171.4038315453,584594.9559433787,577177.9712014489,0.06180555555555555,534000.0,10,0.6968641114982579,0.017361111111111112,0.5629099497744832
paper,delay_sensitivity-n100-d2-empirical,delay_sensitivity,bursty,gp_mean_mf_mpc,1734,100,2,empirical,70283,ok,,8223.930997530286,8272.819876344713,39080.323557299525,51405.658484557,39139.838037422276,0.11118055555555556,960600.0,61,2.843205574912892,0.017361111111111112,0.42920763200204887
paper,delay_sensitivity-n100-d2-empirical,delay_sensitivity,bursty,gp_ucb_mf_mpc,1734,100,2,empirical,70283,ok,,11393.664670715538,11442.553549529966,45999.38289544458,56334.783472701536,46077.21920874757,0.1195486111111111,1032900.0,80,3.156794425087108,0.017361111111111112,0.4767013360272043
paper,delay_sensitivity-n100-d2-empirical,delay_sensitivity,bursty,oracle_mf_mpc,1734,100,2,empirical,70283,ok,,77325.781825221,77374.67070403542,225225.09715152366,242848.39102691112,225230.82219069,0.06180555555555555,534000.0,10,0.6968641114982579,0.017361111111111112,0.5652718296031757
paper,delay_sensitivity-n100-d2-empirical,delay_sensitivity,bursty,reactive,1730,100,2,empirical,70329,ok,,231095.711791389,231140.99320855457,624111.5813550934,641245.7163209182,624122.9827111156,0.06180555555555555,534000.0,10,0.6968641114982579,0.017361111111111112,0.5654850772796428
paper,delay_sensitivity-n100-d2-empirical,delay_sensitivity,bursty,gp_mean_mf_mpc,1730,100,2,empirical,70329,ok,,11449.021770079704,11494.303187245283,64098.19276908194,79014.49228559232,64126.18384073407,0.11118055555555556,960600.0,61,2.843205574912892,0.017361111111111112,0.45275775284733183
paper,delay_sensitivity-n100-d2-empirical,delay_sensitivity,bursty,gp_ucb_mf_mpc,1730,100,2,empirical,70329,ok,,10056.993923044907,10102.275340210485,49562.08348591679,65132.06913841486,49606.937820728024,0.1195486111111111,1032900.0,80,3.156794425087108,0.017361111111111112,0.433604914046837
paper,delay_sensitivity-n100-d2-empirical,delay_sensitivity,bursty,oracle_mf_mpc,1730,100,2,empirical,70329,ok,,70049.90242180656,70095.18383897214,222943.67718541782,240572.73504545752,222951.28045538484,0.06180555555555555,534000.0,10,0.6968641114982579,0.017361111111111112,0.5674188457108732
paper,delay_sensitivity-n100-d2-empirical,delay_sensitivity,bursty,reactive,1729,100,2,empirical,70057,ok,,231446.25527114669,231491.53879970545,612415.0626628189,630733.0939928957,612422.6874207479,0.06180555555555555,534000.0,10,0.6968641114982579,0.017361111111111112,0.565168362904492
paper,delay_sensitivity-n100-d2-empirical,delay_sensitivity,bursty,gp_mean_mf_mpc,1729,100,2,empirical,70057,ok,,8026.428733550902,8071.71226210967,36498.40970105504,44966.665659333405,36543.17664721968,0.11118055555555556,960600.0,61,2.843205574912892,0.017361111111111112,0.428251281099676
paper,delay_sensitivity-n100-d2-empirical,delay_sensitivity,bursty,gp_ucb_mf_mpc,1729,100,2,empirical,70057,ok,,9161.425720240837,9206.709248799605,44982.226250515945,68504.47175662433,45039.8813817128,0.1195486111111111,1032900.0,80,3.156794425087108,0.017361111111111112,0.4168748304951682
paper,delay_sensitivity-n100-d2-empirical,delay_sensitivity,bursty,oracle_mf_mpc,1729,100,2,empirical,70057,ok,,63584.96184658845,63630.24537514719,197374.34757128253,216365.28477650587,197379.59893076037,0.06180555555555555,534000.0,10,0.6968641114982579,0.017361111111111112,0.5674093952067603
paper,delay_sensitivity-n100-d2-empirical,delay_sensitivity,bursty,reactive,1733,100,2,empirical,70603,ok,,251112.64832449288,251160.4945234006,651026.1446382498,669113.4504582783,651039.3949528483,0.06180555555555555,534000.0,10,0.6968641114982579,0.017361111111111112,0.5618033228049799
paper,delay_sensitivity-n100-d2-empirical,delay_sensitivity,bursty,gp_mean_mf_mpc,1733,100,2,empirical,70603,ok,,16633.276416537563,16681.122615445285,58434.962952071524,74545.00337726748,58462.07186785394,0.11118055555555556,960600.0,61,2.843205574912892,0.017361111111111112,0.5005453026075379
paper,delay_sensitivity-n100-d2-empirical,delay_sensitivity,bursty,gp_ucb_mf_mpc,1733,100,2,empirical,70603,ok,,12558.11673871882,12605.962937626544,53843.45820202886,78760.92451669776,53886.886836074395,0.1195486111111111,1032900.0,80,3.156794425087108,0.017361111111111112,0.4427290625044262
paper,delay_sensitivity-n100-d2-empirical,delay_sensitivity,bursty,oracle_mf_mpc,1733,100,2,empirical,70603,ok,,68358.98686602213,68406.83306492984,196052.6528904126,213878.60793782628,196054.2522814972,0.06180555555555555,534000.0,10,0.6968641114982579,0.017361111111111112,0.5637579139696614
paper,delay_sensitivity-n100-d2-empirical,delay_sensitivity,bursty,reactive,1731,100,2,empirical,70163,ok,,237728.38889032317,237774.46325249394,621612.8397430104,639487.8899479697,621617.844701215,0.06180555555555555,534000.0,10,0.6968641114982579,0.017361111111111112,0.5626327266507989
paper,delay_sensitivity-n100-d2-empirical,delay_sensitivity,bursty,gp_mean_mf_mpc,1731,100,2,empirical,70163,ok,,11472.276522634716,11518.350884805508,54555.11061834121,64566.08256646832,54588.39244588455,0.11118055555555556,960600.0,61,2.843205574912892,0.017361111111111112,0.4569930020096062
paper,delay_sensitivity-n100-d2-empirical,delay_sensitivity,bursty,gp_ucb_mf_mpc,1731,100,2,empirical,70163,ok,,11639.405415409867,11685.479777580656,55111.56212806908,73825.85384036334,55146.63392725515,0.1195486111111111,1032900.0,80,3.156794425087108,0.017361111111111112,0.4383506976611604
paper,delay_sensitivity-n100-d2-empirical,delay_sensitivity,bursty,oracle_mf_mpc,1731,100,2,empirical,70163,ok,,72498.8457513219,72544.92011349271,202119.03586289033,219933.724555721,202121.2425837117,0.06180555555555555,534000.0,10,0.6968641114982579,0.017361111111111112,0.564628080327238
paper,delay_sensitivity-n100-d2-empirical,delay_sensitivity,bursty,reactive,1735,100,2,empirical,70496,ok,,258007.72859798584,258057.58006558593,598681.8930150784,608465.7894550982,598689.9701526663,0.06180555555555555,534000.0,10,0.6968641114982579,0.017361111111111112,0.5664576713572401
paper,delay_sensitivity-n100-d2-empirical,delay_sensitivity,bursty,gp_mean_mf_mpc,1735,100,2,empirical,70496,ok,,15215.519032638726,15265.370500238792,67147.0826126677,92157.63000639243,67169.19570738543,0.11118055555555556,960600.0,61,2.843205574912892,0.017361111111111112,0.4786087153881071
paper,delay_sensitivity-n100-d2-empirical,delay_sensitivity,bursty,gp_ucb_mf_mpc,1735,100,2,empirical,70496,ok,,10414.007651354816,10463.85911895488,43290.301450568906,57276.699807515804,43373.72646434017,0.1195486111111111,1032900.0,80,3.156794425087108,0.017361111111111112,0.44916023604176125
paper,delay_sensitivity-n100-d2-empirical,delay_sensitivity,bursty,oracle_mf_mpc,1735,100,2,empirical,70496,ok,,78594.72436402015,78644.57583162023,216486.93911870403,229455.92555033136,216489.17346941022,0.06180555555555555,534000.0,10,0.6968641114982579,0.017361111111111112,0.5684435996368589
paper,delay_sensitivity-n100-d2-empirical,delay_sensitivity,bursty,reactive,1736,100,2,empirical,70251,ok,,223528.59664861782,223574.0117670293,533815.278197957,542612.129520109,533822.2715121709,0.06180555555555555,534000.0,10,0.6968641114982579,0.017361111111111112,0.5638496249163713
paper,delay_sensitivity-n100-d2-empirical,delay_sensitivity,bursty,gp_mean_mf_mpc,1736,100,2,empirical,70251,ok,,8997.465844802438,9042.880963213896,36018.70861928573,45878.53471817624,36050.35163569364,0.11118055555555556,960600.0,61,2.843205574912892,0.017361111111111112,0.47348792188011557
paper,delay_sensitivity-n100-d2-empirical,delay_sensitivity,bursty,gp_ucb_mf_mpc,1736,100,2,empirical,70251,ok,,16186.185970556737,16231.6010889682,63353.519482416494,86156.37567342396,63380.48368087561,0.1195486111111111,1032900.0,80,3.156794425087108,0.017361111111111112,0.4820429602425588
paper,delay_sensitivity-n100-d2-empirical,delay_sensitivity,bursty,oracle_mf_mpc,1736,100,2,empirical,70251,ok,,57226.463814191935,57271.878932603395,159443.38979239413,170454.91754242196,159453.80448935507,0.06180555555555555,534000.0,10,0.6968641114982579,0.017361111111111112,0.5657001323824572
paper,delay_sensitivity-n100-d2-empirical,delay_sensitivity,bursty,reactive,1738,100,2,empirical,70292,ok,,249931.95075228857,249980.98323067153,646833.102271037,664662.8906089105,646839.3885009463,0.06180555555555555,534000.0,10,0.6968641114982579,0.017361111111111112,0.5586695498776533
paper,delay_sensitivity-n100-d2-empirical,delay_sensitivity,bursty,gp_mean_mf_mpc,1738,100,2,empirical,70292,ok,,12925.044034802095,12974.076513184931,46805.955817127055,57415.22596983816,46853.32412960673,0.11118055555555556,960600.0,61,2.843205574912892,0.017361111111111112,0.4980083082000797
paper,delay_sensitivity-n100-d2-empirical,delay_sensitivity,bursty,gp_ucb_mf_mpc,1738,100,2,empirical,70292,ok,,13818.696014913601,13867.728493296434,56596.75408988952,77637.50073354963,56621.29697692542,0.1195486111111111,1032900.0,80,3.156794425087108,0.017361111111111112,0.4798981391908041
paper,delay_sensitivity-n100-d2-empirical,delay_sensitivity,bursty,oracle_mf_mpc,1738,100,2,empirical,70292,ok,,74980.88001407513,75029.91249245798,206536.9805334945,215222.2892133524,206540.566463174,0.06180555555555555,534000.0,10,0.6968641114982579,0.017361111111111112,0.5612160701075514
paper,delay_sensitivity-n100-d2-empirical,delay_sensitivity,bursty,reactive,1737,100,2,empirical,70368,ok,,228580.6463804263,228626.07571373993,558616.8168868704,576502.5846435332,558623.9158774666,0.06180555555555555,534000.0,10,0.6968641114982579,0.017361111111111112,0.559544110959527
paper,delay_sensitivity-n100-d2-empirical,delay_sensitivity,bursty,gp_mean_mf_mpc,1737,100,2,empirical,70368,ok,,9184.176395569397,9229.605728883016,37507.97186575807,49779.9635126054,37573.50845496604,0.11118055555555556,960600.0,61,2.843205574912892,0.017361111111111112,0.46288085493406095
paper,delay_sensitivity-n100-d2-empirical,delay_sensitivity,bursty,gp_ucb_mf_mpc,1737,100,2,empirical,70368,ok,,9218.131866395886,9263.561199709506,41594.79291096521,49787.55175325433,41670.41454366289,0.1195486111111111,1032900.0,80,3.156794425087108,0.017361111111111112,0.43583731241473395
paper,delay_sensitivity-n100-d2-empirical,delay_sensitivity,bursty,oracle_mf_mpc,1737,100,2,empirical,70368,ok,,66424.71954039307,66470.14887370668,194149.63594414713,203357.18274674995,194164.6049176978,0.06180555555555555,534000.0,10,0.6968641114982579,0.017361111111111112,0.5612352205547977
paper,many_server_sensitivity-n50-d1-empirical,many_server_sensitivity,bursty,reactive,1729,50,1,empirical,41168,ok,,147138.14640658247,147176.87503101423,365626.82140779094,371366.38333392265,365633.11636730965,0.07180555555555555,310200.0,10,0.34843205574912894,0.017361111111111112,0.6314613291877186
paper,many_server_sensitivity-n50-d1-empirical,many_server_sensitivity,bursty,gp_mean_mf_mpc,1729,50,1,empirical,41168,ok,,9935.891328972497,9974.619953404279,38422.610016051534,51512.36790446668,38511.12839858267,0.12604166666666666,544500.0,54,1.5470383275261324,0.017361111111111112,0.5152302759424796
paper,many_server_sensitivity-n50-d1-empirical,many_server_sensitivity,bursty,gp_ucb_mf_mpc,1729,50,1,empirical,41168,ok,,18266.659297029753,18305.387921461534,61275.53669318015,71780.51254736914,61281.13452781755,0.13229166666666667,571500.0,59,1.602787456445993,0.017361111111111112,0.5675281772250291
paper,many_server_sensitivity-n50-d1-empirical,many_server_sensitivity,bursty,oracle_mf_mpc,1729,50,1,empirical,41168,ok,,16709.625742564385,16748.35436699617,47228.26619870651,55573.13689824039,47268.11698038121,0.08104166666666666,350100.0,14,0.46689895470383275,0.017361111111111112,0.6267246404974738
paper,many_server_sensitivity-n50-d1-empirical,many_server_sensitivity,bursty,reactive,1734,50,1,empirical,41405,ok,,166885.250368225,166925.8069475436,413555.31148269365,424954.18747907784,413566.55358030443,0.07180555555555555,310200.0,10,0.34843205574912894,0.017361111111111112,0.6298514672141046
paper,many_server_sensitivity-n50-d1-empirical,many_server_sensitivity,bursty,gp_mean_mf_mpc,1734,50,1,empirical,41405,ok,,10276.100541746415,10316.657121065009,41652.75447047882,46796.34584940909,41672.99451804794,0.12604166666666666,544500.0,54,1.5470383275261324,0.017361111111111112,0.4971380268083565
paper,many_server_sensitivity-n50-d1-empirical,many_server_sensitivity,bursty,gp_ucb_mf_mpc,1734,50,1,empirical,41405,ok,,14661.94304201983,14702.499621338422,50265.27523895224,55330.70953547335,50285.63974182455,0.13229166666666667,571500.0,59,1.602787456445993,0.017361111111111112,0.5655355633377611
paper,many_server_sensitivity-n50-d1-empirical,many_server_sensitivity,bursty,oracle_mf_mpc,1734,50,1,empirical,41405,ok,,19824.443789147615,19865.00036846621,59652.78998412305,72287.6092631547,59676.959969363255,0.08104166666666666,350100.0,14,0.46689895470383275,0.017361111111111112,0.62581813790605
paper,many_server_sensitivity-n50-d1-empirical,many_server_sensitivity,bursty,reactive,1731,50,1,empirical,41319,ok,,161207.4996179479,161247.64399657748,426173.83865073055,438676.0933707578,426181.4291613231,0.07180555555555555,310200.0,10,0.34843205574912894,0.017361111111111112,0.6277983494276241
paper,many_server_sensitivity-n50-d1-empirical,many_server_sensitivity,bursty,gp_mean_mf_mpc,1731,50,1,empirical,41319,ok,,11161.224158969706,11201.368537599277,40473.0354884552,46700.04777410522,40525.45393271587,0.12604166666666666,544500.0,54,1.5470383275261324,0.017361111111111112,0.5403325346692804
paper,many_server_sensitivity-n50-d1-empirical,many_server_sensitivity,bursty,gp_ucb_mf_mpc,1731,50,1,empirical,41319,ok,,13107.512382854338,13147.65676148391,50854.34530001723,69099.22463639108,50920.707851600644,0.13229166666666667,571500.0,59,1.602787456445993,0.017361111111111112,0.5396064764394104
paper,many_server_sensitivity-n50-d1-empirical,many_server_sensitivity,bursty,oracle_mf_mpc,1731,50,1,empirical,41319,ok,,18674.95551972011,18715.099898349683,50547.46847688242,54677.85119356018,50566.54780406883,0.08104166666666666,350100.0,14,0.46689895470383275,0.017361111111111112,0.6246036932161959
paper,many_server_sensitivity-n50-d1-empirical,many_server_sensitivity,bursty,reactive,1733,50,1,empirical,41525,ok,,157748.38585724827,157788.14834558291,415202.05509769794,426862.3974992404,415215.95246199885,0.07180555555555555,310200.0,10,0.34843205574912894,0.017361111111111112,0.6284406983744732
paper,many_server_sensitivity-n50-d1-empirical,many_server_sensitivity,bursty,gp_mean_mf_mpc,1733,50,1,empirical,41525,ok,,13772.867683999557,13812.630172334168,50556.081578500736,63345.900002136776,50597.85312008088,0.12604166666666666,544500.0,54,1.5470383275261324,0.017361111111111112,0.5701866345574955
paper,many_server_sensitivity-n50-d1-empirical,many_server_sensitivity,bursty,gp_ucb_mf_mpc,1733,50,1,empirical,41525,ok,,13552.766416958859,13592.528905293471,46824.709548640916,58535.91391511862,46877.458321086546,0.13229166666666667,571500.0,59,1.602787456445993,0.017361111111111112,0.5673208910295003
paper,many_server_sensitivity-n50-d1-empirical,many_server_sensitivity,bursty,oracle_mf_mpc,1733,50,1,empirical,41525,ok,,18486.137993739198,18525.90048207381,54131.766209094494,63060.4506960436,54245.078392042065,0.08104166666666666,350100.0,14,0.46689895470383275,0.017361111111111112,0.6241541240216737
paper,many_server_sensitivity-n50-d1-empirical,many_server_sensitivity,bursty,reactive,1732,50,1,empirical,41327,ok,,161790.04401750767,161830.51783713888,445191.87476320216,457960.7518019877,445196.4471152284,0.07180555555555555,310200.0,10,0.34843205574912894,0.017361111111111112,0.6270960873036998
paper,many_server_sensitivity-n50-d1-empirical,many_server_sensitivity,bursty,gp_mean_mf_mpc,1732,50,1,empirical,41327,ok,,12545.034142242028,12585.50796187327,49919.9530301037,55444.16435104703,49930.9942425286,0.12604166666666666,544500.0,54,1.5470383275261324,0.017361111111111112,0.5378566070607593
paper,many_server_sensitivity-n50-d1-empirical,many_server_sensitivity,bursty,gp_ucb_mf_mpc,1732,50,1,empirical,41327,ok,,13546.792130070304,13587.265949701548,50965.02189269374,58345.1866105071,51020.072802383685,0.13229166666666667,571500.0,59,1.602787456445993,0.017361111111111112,0.540590896992281
paper,many_server_sensitivity-n50-d1-empirical,many_server_sensitivity,bursty,oracle_mf_mpc,1732,50,1,empirical,41327,ok,,19136.739861857754,19177.213681488993,62523.240821545194,74624.59026471025,62566.70576485931,0.08104166666666666,350100.0,14,0.46689895470383275,0.017361111111111112,0.623926246763617
paper,many_server_sensitivity-n50-d1-empirical,many_server_sensitivity,bursty,reactive,1730,50,1,empirical,41411,ok,,162412.2747867269,162452.91659759328,433629.71313209424,446070.2707718185,433641.47524697514,0.07180555555555555,310200.0,10,0.34843205574912894,0.017361111111111112,0.6307261355678443
paper,many_server_sensitivity-n50-d1-empirical,many_server_sensitivity,bursty,gp_mean_mf_mpc,1730,50,1,empirical,41411,ok,,9674.41415508681,9715.055965953208,38525.42523120002,46556.42392290872,38590.64339233117,0.12604166666666666,544500.0,54,1.5470383275261324,0.017361111111111112,0.5154669049286421
paper,many_server_sensitivity-n50-d1-empirical,many_server_sensitivity,bursty,gp_ucb_mf_mpc,1730,50,1,empirical,41411,ok,,15173.120805556737,15213.762616423131,51260.42391489299,64805.23862580403,51385.04423183252,0.13229166666666667,571500.0,59,1.602787456445993,0.017361111111111112,0.5669508101712105
paper,many_server_sensitivity-n50-d1-empirical,many_server_sensitivity,bursty,oracle_mf_mpc,1730,50,1,empirical,41411,ok,,18052.19284329879,18092.834654165188,57991.11026061415,65489.61239241194,58012.52282176123,0.08104166666666666,350100.0,14,0.46689895470383275,0.017361111111111112,0.6178793074303929
paper,many_server_sensitivity-n50-d1-empirical,many_server_sensitivity,bursty,reactive,1735,50,1,empirical,41533,ok,,186816.72825584892,186861.69984342894,451853.6834517303,459063.90490873466,451857.77508446627,0.07180555555555555,310200.0,10,0.34843205574912894,0.017361111111111112,0.6341704187031999
paper,many_server_sensitivity-n50-d1-empirical,many_server_sensitivity,bursty,gp_mean_mf_mpc,1735,50,1,empirical,41533,ok,,18457.19529163252,18502.166879212557,65581.06775596453,76091.45036057537,65610.84614085311,0.12604166666666666,544500.0,54,1.5470383275261324,0.017361111111111112,0.5767462018154239
paper,many_server_sensitivity-n50-d1-empirical,many_server_sensitivity,bursty,gp_ucb_mf_mpc,1735,50,1,empirical,41533,ok,,15812.565809828036,15857.53739740807,63382.19893231214,78013.09941193282,63408.803917365636,0.13229166666666667,571500.0,59,1.602787456445993,0.017361111111111112,0.5500445428936027
paper,many_server_sensitivity-n50-d1-empirical,many_server_sensitivity,bursty,oracle_mf_mpc,1735,50,1,empirical,41533,ok,,20337.424451040548,20382.396038620584,60376.69974527598,69966.73460232506,60425.053577346494,0.08104166666666666,350100.0,14,0.46689895470383275,0.017361111111111112,0.6298605927816435
paper,many_server_sensitivity-n50-d1-empirical,many_server_sensitivity,bursty,reactive,1738,50,1,empirical,41412,ok,,169265.02851772757,169308.31931593112,472771.42963440623,485041.1820830334,472778.4310139534,0.07180555555555555,310200.0,10,0.34843205574912894,0.017361111111111112,0.6243359412730609
paper,many_server_sensitivity-n50-d1-empirical,many_server_sensitivity,bursty,gp_mean_mf_mpc,1738,50,1,empirical,41412,ok,,12396.847134962074,12440.137933165599,43710.34261436977,53167.03532060461,43728.43156455025,0.12604166666666666,544500.0,54,1.5470383275261324,0.017361111111111112,0.5654158215010142
paper,many_server_sensitivity-n50-d1-empirical,many_server_sensitivity,bursty,gp_ucb_mf_mpc,1738,50,1,empirical,41412,ok,,14308.4187374401,14351.709535643628,52752.42174553079,66519.46156719308,52771.34435413529,0.13229166666666667,571500.0,59,1.602787456445993,0.017361111111111112,0.5609243697478992
paper,many_server_sensitivity-n50-d1-empirical,many_server_sensitivity,bursty,oracle_mf_mpc,1738,50,1,empirical,41412,ok,,18057.7530030583,18101.043801261825,53401.47434520931,63655.910312423235,53419.14011480837,0.08104166666666666,350100.0,14,0.46689895470383275,0.017361111111111112,0.6209311310731189
paper,many_server_sensitivity-n50-d1-empirical,many_server_sensitivity,bursty,reactive,1737,50,1,empirical,41418,ok,,164259.40273251574,164301.6047912252,467154.54653449624,478879.8673173201,467160.00139038346,0.07180555555555555,310200.0,10,0.34843205574912894,0.017361111111111112,0.6268289149645082
paper,many_server_sensitivity-n50-d1-empirical,many_server_sensitivity,bursty,gp_mean_mf_mpc,1737,50,1,empirical,41418,ok,,10433.732398675993,10475.934457385501,40578.51808694892,51030.858121499936,40639.29560507873,0.12604166666666666,544500.0,54,1.5470383275261324,0.017361111111111112,0.5040803515379787
paper,many_server_sensitivity-n50-d1-empirical,many_server_sensitivity,bursty,gp_ucb_mf_mpc,1737,50,1,empirical,41418,ok,,11608.088725919199,11650.290784628705,44407.66447182489,53128.307302334186,44448.040153642156,0.13229166666666667,571500.0,59,1.602787456445993,0.017361111111111112,0.5165145588874402
paper,many_server_sensitivity-n50-d1-empirical,many_server_sensitivity,bursty,oracle_mf_mpc,1737,50,1,empirical,41418,ok,,18758.967800176346,18801.169858885856,58206.423098436135,69368.0619776881,58262.53346908831,0.08104166666666666,350100.0,14,0.46689895470383275,0.017361111111111112,0.621903520208605
paper,many_server_sensitivity-n50-d1-empirical,many_server_sensitivity,bursty,reactive,1736,50,1,empirical,41423,ok,,162545.7798100984,162586.64688318424,406664.23840581666,412128.95591403847,406678.5368363599,0.07180555555555555,310200.0,10,0.34843205574912894,0.017361111111111112,0.6304709943751056
paper,many_server_sensitivity-n50-d1-empirical,many_server_sensitivity,bursty,gp_mean_mf_mpc,1736,50,1,empirical,41423,ok,,13139.849910709994,13180.716983795834,47427.81760268456,57705.2772661474,47443.57641691455,0.12604166666666666,544500.0,54,1.5470383275261324,0.017361111111111112,0.56994906211525
paper,many_server_sensitivity-n50-d1-empirical,many_server_sensitivity,bursty,gp_ucb_mf_mpc,1736,50,1,empirical,41423,ok,,11262.965541580981,11303.832614666822,40129.415480563184,47111.20924010908,40197.10974940276,0.13229166666666667,571500.0,59,1.602787456445993,0.017361111111111112,0.5517466141998407
paper,many_server_sensitivity-n50-d1-empirical,many_server_sensitivity,bursty,oracle_mf_mpc,1736,50,1,empirical,41423,ok,,23097.61482959293,23138.481902678774,64319.36695666429,70453.04512612951,64337.383226142396,0.08104166666666666,350100.0,14,0.46689895470383275,0.017361111111111112,0.6261255824059098
paper,many_server_sensitivity-n100-d1-empirical,many_server_sensitivity,bursty,reactive,1729,100,1,empirical,70057,ok,,189219.39664344053,189264.68017199927,521977.77642752154,540456.9792414091,521984.0962038382,0.06180555555555555,534000.0,10,0.6968641114982579,0.017361111111111112,0.5675949583910245
paper,many_server_sensitivity-n100-d1-empirical,many_server_sensitivity,bursty,gp_mean_mf_mpc,1729,100,1,empirical,70057,ok,,8524.887578043457,8570.171106602224,44203.83999046407,61529.85227848732,44341.63650462359,0.1171875,1012500.0,58,3.1149825783972127,0.017361111111111112,0.4309205361348616
paper,many_server_sensitivity-n100-d1-empirical,many_server_sensitivity,bursty,gp_ucb_mf_mpc,1729,100,1,empirical,70057,ok,,12344.797642899186,12390.081171457952,52125.0544360158,67025.6079691847,52191.60346773441,0.12371527777777779,1068900.0,65,3.240418118466899,0.017361111111111112,0.48096549952181794
paper,many_server_sensitivity-n100-d1-empirical,many_server_sensitivity,bursty,oracle_mf_mpc,1729,100,1,empirical,70057,ok,,18983.731836499945,19029.015365058716,71803.23546593043,87640.48945494126,71817.62148384126,0.07135416666666666,616500.0,14,0.9407665505226481,0.017361111111111112,0.5627417674179597
paper,many_server_sensitivity-n100-d1-empirical,many_server_sensitivity,bursty,reactive,1731,100,1,empirical,70163,ok,,192159.67818178385,192205.75254395464,526927.8604438822,544407.8591981996,526936.7029214149,0.06180555555555555,534000.0,10,0.6968641114982579,0.017361111111111112,0.56524093895643
paper,many_server_sensitivity-n100-d1-empirical,many_server_sensitivity,bursty,gp_mean_mf_mpc,1731,100,1,empirical,70163,ok,,16939.4199025046,16985.494264675388,64437.492102577584,70525.38185327785,64446.93230236516,0.1171875,1012500.0,58,3.1149825783972127,0.017361111111111112,0.49168365092712685
paper,many_server_sensitivity-n100-d1-empirical,many_server_sensitivity,bursty,gp_ucb_mf_mpc,1731,100,1,empirical,70163,ok,,10517.09541283652,10563.16977500731,49071.17026951715,67787.45226703443,49101.70494391878,0.12371527777777779,1068900.0,65,3.240418118466899,0.017361111111111112,0.4258512321308952
paper,many_server_sensitivity-n100-d1-empirical,many_server_sensitivity,bursty,oracle_mf_mpc,1731,100,1,empirical,70163,ok,,17694.62748740262,17740.701849573412,57870.320540978384,66322.4767438245,57901.01553846143,0.07135416666666666,616500.0,14,0.9407665505226481,0.017361111111111112,0.5596967062411813
paper,many_server_sensitivity-n100-d1-empirical,many_server_sensitivity,bursty,reactive,1732,100,1,empirical,70118,ok,,200219.243487064,200268.18944258854,549136.7202561805,567031.8570310456,549139.18882783,0.06180555555555555,534000.0,10,0.6968641114982579,0.017361111111111112,0.5638780341709689
paper,many_server_sensitivity-n100-d1-empirical,many_server_sensitivity,bursty,gp_mean_mf_mpc,1732,100,1,empirical,70118,ok,,12251.88166610578,12300.827621630318,45154.14630563551,56285.81359092841,45200.54570235052,0.1171875,1012500.0,58,3.1149825783972127,0.017361111111111112,0.49231295815625087
paper,many_server_sensitivity-n100-d1-empirical,many_server_sensitivity,bursty,gp_ucb_mf_mpc,1732,100,1,empirical,70118,ok,,8109.5432527714165,8158.489208295955,42835.90396490297,57733.88209721166,42913.5547685884,0.12371527777777779,1068900.0,65,3.240418118466899,0.017361111111111112,0.40145183832967285
paper,many_server_sensitivity-n100-d1-empirical,many_server_sensitivity,bursty,oracle_mf_mpc,1732,100,1,empirical,70118,ok,,16538.644198253725,16587.590153778263,54194.76235198909,62433.360695393,54212.23233510459,0.07135416666666666,616500.0,14,0.9407665505226481,0.017361111111111112,0.5585441684018368
paper,many_server_sensitivity-n100-d1-empirical,many_server_sensitivity,bursty,reactive,1733,100,1,empirical,70603,ok,,202328.330582578,202376.1767814857,543438.1322577747,558333.2020697079,543449.0995333648,0.06180555555555555,534000.0,10,0.6968641114982579,0.017361111111111112,0.5635737858164668
paper,many_server_sensitivity-n100-d1-empirical,many_server_sensitivity,bursty,gp_mean_mf_mpc,1733,100,1,empirical,70603,ok,,10770.643559618795,10818.489758526517,52345.86334690178,62414.91995180246,52381.96138401048,0.1171875,1012500.0,58,3.1149825783972127,0.017361111111111112,0.415194821749784
paper,many_server_sensitivity-n100-d1-empirical,many_server_sensitivity,bursty,gp_ucb_mf_mpc,1733,100,1,empirical,70603,ok,,10063.776981399158,10111.623180306882,49766.97874129037,69907.6923762681,49825.55671175074,0.12371527777777779,1068900.0,65,3.240418118466899,0.017361111111111112,0.454924011727547
paper,many_server_sensitivity-n100-d1-empirical,many_server_sensitivity,bursty,oracle_mf_mpc,1733,100,1,empirical,70603,ok,,16050.429251821839,16098.275450729563,51582.389040487615,60668.62738663886,51636.061409934206,0.07135416666666666,616500.0,14,0.9407665505226481,0.017361111111111112,0.5594379842216336
paper,many_server_sensitivity-n100-d1-empirical,many_server_sensitivity,bursty,reactive,1734,100,1,empirical,70283,ok,,204978.71657652213,205027.60545533654,531711.6264500099,549317.092816697,531720.7319002949,0.06180555555555555,534000.0,10,0.6968641114982579,0.017361111111111112,0.5655990780131753
paper,many_server_sensitivity-n100-d1-empirical,many_server_sensitivity,bursty,gp_mean_mf_mpc,1734,100,1,empirical,70283,ok,,12849.798727412155,12898.687606226584,58989.63954583955,73396.28522365831,59008.259339792414,0.1171875,1012500.0,58,3.1149825783972127,0.017361111111111112,0.46227394960374485
paper,many_server_sensitivity-n100-d1-empirical,many_server_sensitivity,bursty,gp_ucb_mf_mpc,1734,100,1,empirical,70283,ok,,14583.529256240467,14632.418135054888,51789.47633354184,62286.91186814579,51830.37163840942,0.12371527777777779,1068900.0,65,3.240418118466899,0.017361111111111112,0.4863907346015395
paper,many_server_sensitivity-n100-d1-empirical,many_server_sensitivity,bursty,oracle_mf_mpc,1734,100,1,empirical,70283,ok,,20383.210560364383,20432.09943917881,66063.16171258589,78127.59708591102,66094.99074975029,0.07135416666666666,616500.0,14,0.9407665505226481,0.017361111111111112,0.5597228348249221
paper,many_server_sensitivity-n100-d1-empirical,many_server_sensitivity,bursty,reactive,1730,100,1,empirical,70329,ok,,186335.8811318054,186381.16254897098,599933.8189932901,617089.7160834635,599944.02895925,0.06180555555555555,534000.0,10,0.6968641114982579,0.017361111111111112,0.5675041590240157
paper,many_server_sensitivity-n100-d1-empirical,many_server_sensitivity,bursty,gp_mean_mf_mpc,1730,100,1,empirical,70329,ok,,10479.906056794363,10525.187473959943,42790.538217521345,56858.36273147748,42851.16717853532,0.1171875,1012500.0,58,3.1149825783972127,0.017361111111111112,0.4664647584922294
paper,many_server_sensitivity-n100-d1-empirical,many_server_sensitivity,bursty,gp_ucb_mf_mpc,1730,100,1,empirical,70329,ok,,10405.153476337198,10450.434893502776,49380.58738320879,71765.14638294469,49434.19284382453,0.12371527777777779,1068900.0,65,3.240418118466899,0.017361111111111112,0.4779962746519928
paper,many_server_sensitivity-n100-d1-empirical,many_server_sensitivity,bursty,oracle_mf_mpc,1730,100,1,empirical,70329,ok,,25991.222573453248,26036.503990618818,73537.48621158682,80290.27169705695,73544.52976529025,0.07135416666666666,616500.0,14,0.9407665505226481,0.017361111111111112,0.5627123946025111
paper,many_server_sensitivity-n100-d1-empirical,many_server_sensitivity,bursty,reactive,1735,100,1,empirical,70496,ok,,207192.56967210118,207242.42113970124,560145.1440741909,578270.8742784144,560151.2489848537,0.06180555555555555,534000.0,10,0.6968641114982579,0.017361111111111112,0.5686705628688152
paper,many_server_sensitivity-n100-d1-empirical,many_server_sensitivity,bursty,gp_mean_mf_mpc,1735,100,1,empirical,70496,ok,,12923.339849537746,12973.191317137813,48399.467374731015,54536.26517891905,48430.19716387621,0.1171875,1012500.0,58,3.1149825783972127,0.017361111111111112,0.49425499319110305
paper,many_server_sensitivity-n100-d1-empirical,many_server_sensitivity,bursty,gp_ucb_mf_mpc,1735,100,1,empirical,70496,ok,,14795.87601568141,14845.727483281476,67265.54200906452,79447.92071530689,67298.96307150518,0.12371527777777779,1068900.0,65,3.240418118466899,0.017361111111111112,0.44750056740807986
paper,many_server_sensitivity-n100-d1-empirical,many_server_sensitivity,bursty,oracle_mf_mpc,1735,100,1,empirical,70496,ok,,22579.954945622943,22629.806413223014,75577.92766222425,89896.49853289164,75607.09739686779,0.07135416666666666,616500.0,14,0.9407665505226481,0.017361111111111112,0.5634929641398093
paper,many_server_sensitivity-n100-d1-empirical,many_server_sensitivity,bursty,reactive,1737,100,1,empirical,70368,ok,,186798.6410987074,186844.070432021,539260.9269436066,556768.750562681,539265.6900217781,0.06180555555555555,534000.0,10,0.6968641114982579,0.017361111111111112,0.562656321055025
paper,many_server_sensitivity-n100-d1-empirical,many_server_sensitivity,bursty,gp_mean_mf_mpc,1737,100,1,empirical,70368,ok,,13313.323350139868,13358.752683453486,52393.01690851868,69554.10457089588,52463.250676125055,0.1171875,1012500.0,58,3.1149825783972127,0.017361111111111112,0.48864540700318326
paper,many_server_sensitivity-n100-d1-empirical,many_server_sensitivity,bursty,gp_ucb_mf_mpc,1737,100,1,empirical,70368,ok,,10639.178525124556,10684.607858438176,48794.41781326188,67746.49074496554,48910.75127406728,0.12371527777777779,1068900.0,65,3.240418118466899,0.017361111111111112,0.4401716689404275
paper,many_server_sensitivity-n100-d1-empirical,many_server_sensitivity,bursty,oracle_mf_mpc,1737,100,1,empirical,70368,ok,,18817.791594711587,18863.220928025206,68638.40318501338,78107.62285027812,68662.6228811955,0.07135416666666666,616500.0,14,0.9407665505226481,0.017361111111111112,0.5491984993178718
paper,many_server_sensitivity-n100-d1-empirical,many_server_sensitivity,bursty,reactive,1736,100,1,empirical,70251,ok,,185352.0448939636,185397.46001237503,477148.7639588928,494719.4662901326,477160.2442010044,0.06180555555555555,534000.0,10,0.6968641114982579,0.017361111111111112,0.5654581429445844
paper,many_server_sensitivity-n100-d1-empirical,many_server_sensitivity,bursty,gp_mean_mf_mpc,1736,100,1,empirical,70251,ok,,10857.869712417449,10903.28483082891,51334.05277651437,71072.25171545715,51368.775830677616,0.1171875,1012500.0,58,3.1149825783972127,0.017361111111111112,0.43076966875916356
paper,many_server_sensitivity-n100-d1-empirical,many_server_sensitivity,bursty,gp_ucb_mf_mpc,1736,100,1,empirical,70251,ok,,7046.64063364425,7092.055752055712,43026.03392643443,59595.84781716703,43060.3224537696,0.12371527777777779,1068900.0,65,3.240418118466899,0.017361111111111112,0.3560945751661898
paper,many_server_sensitivity-n100-d1-empirical,many_server_sensitivity,bursty,oracle_mf_mpc,1736,100,1,empirical,70251,ok,,22251.533840937147,22296.948959348607,68792.33605560425,77671.13349505364,68809.17628111118,0.07135416666666666,616500.0,14,0.9407665505226481,0.017361111111111112,0.5611450370813227
paper,many_server_sensitivity-n100-d1-empirical,many_server_sensitivity,bursty,reactive,1738,100,1,empirical,70292,ok,,203722.57928832286,203771.61176670576,558073.4359361881,576149.640146928,558077.4581530085,0.06180555555555555,534000.0,10,0.6968641114982579,0.017361111111111112,0.5609173163375633
paper,many_server_sensitivity-n100-d1-empirical,many_server_sensitivity,bursty,gp_mean_mf_mpc,1738,100,1,empirical,70292,ok,,10551.659708388357,10600.692186771195,48772.47761088748,56494.34001107526,48853.72852039089,0.1171875,1012500.0,58,3.1149825783972127,0.017361111111111112,0.4676919137312923
paper,many_server_sensitivity-n100-d1-empirical,many_server_sensitivity,bursty,gp_ucb_mf_mpc,1738,100,1,empirical,70292,ok,,16841.051887382313,16890.08436576515,59534.79283104254,67394.07220267653,59554.78077395589,0.12371527777777779,1068900.0,65,3.240418118466899,0.017361111111111112,0.4859301200705628
paper,many_server_sensitivity-n100-d1-empirical,many_server_sensitivity,bursty,oracle_mf_mpc,1738,100,1,empirical,70292,ok,,20633.606162710777,20682.638641093614,61693.82026033792,67189.2630516624,61715.1122284759,0.07135416666666666,616500.0,14,0.9407665505226481,0.017361111111111112,0.5566778580777328
paper,many_server_sensitivity-n200-d1-empirical,many_server_sensitivity,bursty,reactive,1734,200,1,empirical,128058,ok,,182603.6004526145,182651.9102819264,502743.3059705343,553166.6369074227,502762.5912569308,0.06180555555555555,1068000.0,10,1.3937282229965158,0.017361111111111112,0.520998297646379
paper,many_server_sensitivity-n200-d1-empirical,many_server_sensitivity,bursty,gp_mean_mf_mpc,1734,200,1,empirical,128058,ok,,9075.381358034938,9123.691187346847,49539.5983648891,59226.32185845789,49606.914513060765,0.11652777777777779,2013600.0,58,6.188153310104529,0.017361111111111112,0.3886363991316435
paper,many_server_sensitivity-n200-d1-empirical,many_server_sensitivity,bursty,gp_ucb_mf_mpc,1734,200,1,empirical,128058,ok,,10648.455994322898,10696.765823634807,71025.72520058684,123083.98873217951,71102.922844466,0.12295138888888889,2124600.0,69,6.411149825783972,0.017361111111111112,0.33627731184307114
paper,many_server_sensitivity-n200-d1-empirical,many_server_sensitivity,bursty,oracle_mf_mpc,1734,200,1,empirical,128058,ok,,13558.229465665934,13606.539294977842,54737.528686328485,65158.27598039593,54800.98330027192,0.07135416666666666,1233000.0,14,1.8815331010452963,0.017361111111111112,0.48361679863811713
paper,many_server_sensitivity-n200-d1-empirical,many_server_sensitivity,bursty,reactive,1731,200,1,empirical,127866,ok,,230918.71283514978,230976.17225214466,607502.4953945098,752871.5564214176,607511.5832360061,0.06180555555555555,1068000.0,10,1.3937282229965158,0.017361111111111112,0.5211080349741135
paper,many_server_sensitivity-n200-d1-empirical,many_server_sensitivity,bursty,gp_mean_mf_mpc,1731,200,1,empirical,127866,ok,,6336.096961235683,6393.556378230586,38392.13470935437,55235.37098176341,38595.6548975671,0.11652777777777779,2013600.0,58,6.188153310104529,0.017361111111111112,0.32191512990161575
paper,many_server_sensitivity-n200-d1-empirical,many_server_sensitivity,bursty,gp_ucb_mf_mpc,1731,200,1,empirical,127866,ok,,13273.901289347436,13331.36070634234,75374.26811228649,106072.98972271576,75454.95945703951,0.12295138888888889,2124600.0,69,6.411149825783972,0.017361111111111112,0.40450158759951826
paper,many_server_sensitivity-n200-d1-empirical,many_server_sensitivity,bursty,oracle_mf_mpc,1731,200,1,empirical,127866,ok,,13091.361068447299,13148.820485442198,61880.28956006537,77201.92216116347,61986.74475921846,0.07135416666666666,1233000.0,14,1.8815331010452963,0.017361111111111112,0.4613423427650822
paper,many_server_sensitivity-n200-d1-empirical,many_server_sensitivity,bursty,reactive,1732,200,1,empirical,128003,ok,,193404.5821461739,193455.4389602134,559109.9771877086,588475.295103135,559116.3954367859,0.06180555555555555,1068000.0,10,1.3937282229965158,0.017361111111111112,0.5208393553276095
paper,many_server_sensitivity-n200-d1-empirical,many_server_sensitivity,bursty,gp_mean_mf_mpc,1732,200,1,empirical,128003,ok,,8665.008812812019,8715.865626851517,47621.35034439818,78429.25610470459,47780.779906599266,0.11652777777777779,2013600.0,58,6.188153310104529,0.017361111111111112,0.3702803840534987
paper,many_server_sensitivity-n200-d1-empirical,many_server_sensitivity,bursty,gp_ucb_mf_mpc,1732,200,1,empirical,128003,ok,,7218.452175080209,7269.308989119707,42632.502841530004,61919.67718315811,42903.05629659949,0.12295138888888889,2124600.0,69,6.411149825783972,0.017361111111111112,0.34075763849284785
paper,many_server_sensitivity-n200-d1-empirical,many_server_sensitivity,bursty,oracle_mf_mpc,1732,200,1,empirical,128003,ok,,17306.37955945413,17357.23637349363,76869.84906434489,96299.80535344854,76891.10619853517,0.07135416666666666,1233000.0,14,1.8815331010452963,0.017361111111111112,0.4473020163589916
paper,many_server_sensitivity-n200-d1-empirical,many_server_sensitivity,bursty,reactive,1733,200,1,empirical,128426,ok,,184079.54896195716,184127.70539588926,502245.2982695664,518978.2242555247,502248.34628273355,0.06180555555555555,1068000.0,10,1.3937282229965158,0.017361111111111112,0.5206500241384143
paper,many_server_sensitivity-n200-d1-empirical,many_server_sensitivity,bursty,gp_mean_mf_mpc,1733,200,1,empirical,128426,ok,,9899.493844795974,9947.650278728068,52401.826980524056,75723.58199673683,52536.352804411785,0.11652777777777779,2013600.0,58,6.188153310104529,0.017361111111111112,0.3806394343824459
paper,many_server_sensitivity-n200-d1-empirical,many_server_sensitivity,bursty,gp_ucb_mf_mpc,1733,200,1,empirical,128426,ok,,5086.977785989891,5135.134219921985,29122.77266863611,51122.488138054236,29254.30821188047,0.12295138888888889,2124600.0,69,6.411149825783972,0.017361111111111112,0.3135891486147665
paper,many_server_sensitivity-n200-d1-empirical,many_server_sensitivity,bursty,oracle_mf_mpc,1733,200,1,empirical,128426,ok,,11532.645637869311,11580.802071801409,54516.157886394125,69910.88873414017,54598.56945569112,0.07135416666666666,1233000.0,14,1.8815331010452963,0.017361111111111112,0.44826592746017163
paper,many_server_sensitivity-n200-d1-empirical,many_server_sensitivity,bursty,reactive,1729,200,1,empirical,127680,ok,,192645.4897190746,192696.03817743078,508692.46972163627,579843.0594223284,508706.9380772352,0.06180555555555555,1068000.0,10,1.3937282229965158,0.017361111111111112,0.5237860275689223
paper,many_server_sensitivity-n200-d1-empirical,many_server_sensitivity,bursty,gp_mean_mf_mpc,1729,200,1,empirical,127680,ok,,9902.839306214448,9953.387764570632,44803.86599222179,99491.47615692501,44912.62761574998,0.11652777777777779,2013600.0,58,6.188153310104529,0.017361111111111112,0.3823073308270677
paper,many_server_sensitivity-n200-d1-empirical,many_server_sensitivity,bursty,gp_ucb_mf_mpc,1729,200,1,empirical,127680,ok,,6853.802459213466,6904.350917569651,42306.295497414816,60237.808423750044,42591.08977404252,0.12295138888888889,2124600.0,69,6.411149825783972,0.017361111111111112,0.31531954887218044
paper,many_server_sensitivity-n200-d1-empirical,many_server_sensitivity,bursty,oracle_mf_mpc,1729,200,1,empirical,127680,ok,,16344.347336706944,16394.895795063127,66103.77771646978,80657.89064376272,66131.5187747172,0.07135416666666666,1233000.0,14,1.8815331010452963,0.017361111111111112,0.4598370927318296
paper,many_server_sensitivity-n200-d1-empirical,many_server_sensitivity,bursty,reactive,1730,200,1,empirical,128011,ok,,210785.38622875258,210838.86147549248,596828.5186563603,632990.746387559,596852.7575452996,0.06180555555555555,1068000.0,10,1.3937282229965158,0.017361111111111112,0.5225254079727524
paper,many_server_sensitivity-n200-d1-empirical,many_server_sensitivity,bursty,gp_mean_mf_mpc,1730,200,1,empirical,128011,ok,,13252.840511283903,13306.315758023828,66188.0120359995,95736.53603504594,66297.68336928272,0.11652777777777779,2013600.0,58,6.188153310104529,0.017361111111111112,0.435376647319371
paper,many_server_sensitivity-n200-d1-empirical,many_server_sensitivity,bursty,gp_ucb_mf_mpc,1730,200,1,empirical,128011,ok,,11431.033419373825,11484.508666113754,60940.58984301726,85078.74564947408,61070.5752367256,0.12295138888888889,2124600.0,69,6.411149825783972,0.017361111111111112,0.38170938434978247
paper,many_server_sensitivity-n200-d1-empirical,many_server_sensitivity,bursty,oracle_mf_mpc,1730,200,1,empirical,128011,ok,,17374.387726318728,17427.86297305865,61767.882602947764,101619.36841662209,61812.2753836418,0.07135416666666666,1233000.0,14,1.8815331010452963,0.017361111111111112,0.478247963065674
paper,many_server_sensitivity-n200-d1-empirical,many_server_sensitivity,bursty,reactive,1735,200,1,empirical,128386,ok,,209858.5136591097,209911.59072200072,558434.0233721023,632385.6214789944,558443.5712368011,0.06180555555555555,1068000.0,10,1.3937282229965158,0.017361111111111112,0.5239278425996604
paper,many_server_sensitivity-n200-d1-empirical,many_server_sensitivity,bursty,gp_mean_mf_mpc,1735,200,1,empirical,128386,ok,,10151.675436987613,10204.752499878638,61765.912294736714,79347.0370790851,61817.95499951449,0.11652777777777779,2013600.0,58,6.188153310104529,0.017361111111111112,0.3561525399965728
paper,many_server_sensitivity-n200-d1-empirical,many_server_sensitivity,bursty,gp_ucb_mf_mpc,1735,200,1,empirical,128386,ok,,16647.544172233927,16700.621235124952,99951.96516410308,140817.81269838315,99963.33923211451,0.12295138888888889,2124600.0,69,6.411149825783972,0.017361111111111112,0.4309348371317745
paper,many_server_sensitivity-n200-d1-empirical,many_server_sensitivity,bursty,oracle_mf_mpc,1735,200,1,empirical,128386,ok,,19321.202531297953,19374.279594188978,84317.14911137373,100567.80892493283,84353.4823516843,0.07135416666666666,1233000.0,14,1.8815331010452963,0.017361111111111112,0.48072998613555995
paper,many_server_sensitivity-n200-d1-empirical,many_server_sensitivity,bursty,reactive,1737,200,1,empirical,128118,ok,,198396.47741440154,198450.4251135365,561609.9691825976,581504.7604297706,561620.0863608568,0.06180555555555555,1068000.0,10,1.3937282229965158,0.017361111111111112,0.5196303407795938
paper,many_server_sensitivity-n200-d1-empirical,many_server_sensitivity,bursty,gp_mean_mf_mpc,1737,200,1,empirical,128118,ok,,11716.91949198111,11770.867191116049,72104.27158587446,121615.67382883177,72203.71338748568,0.11652777777777779,2013600.0,58,6.188153310104529,0.017361111111111112,0.37331210290513434
paper,many_server_sensitivity-n200-d1-empirical,many_server_sensitivity,bursty,gp_ucb_mf_mpc,1737,200,1,empirical,128118,ok,,13291.255147065673,13345.202846200613,66114.87420553512,111521.15993964464,66291.35686755131,0.12295138888888889,2124600.0,69,6.411149825783972,0.017361111111111112,0.4064534257481384
paper,many_server_sensitivity-n200-d1-empirical,many_server_sensitivity,bursty,oracle_mf_mpc,1737,200,1,empirical,128118,ok,,18464.002405447005,18517.950104581945,85791.6676183045,137953.36886232748,85891.90447016445,0.07135416666666666,1233000.0,14,1.8815331010452963,0.017361111111111112,0.4802369690441624
paper,many_server_sensitivity-n200-d1-empirical,many_server_sensitivity,bursty,reactive,1736,200,1,empirical,127990,ok,,183365.94782116986,183415.809660069,487623.54349944193,539698.7918619064,487637.7334398339,0.06180555555555555,1068000.0,10,1.3937282229965158,0.017361111111111112,0.5214938667083366
paper,many_server_sensitivity-n200-d1-empirical,many_server_sensitivity,bursty,gp_mean_mf_mpc,1736,200,1,empirical,127990,ok,,7531.102613349065,7580.9644522481985,41096.94383845067,64433.22942891163,41383.76433285584,0.11652777777777779,2013600.0,58,6.188153310104529,0.017361111111111112,0.3543323697163841
paper,many_server_sensitivity-n200-d1-empirical,many_server_sensitivity,bursty,gp_ucb_mf_mpc,1736,200,1,empirical,127990,ok,,9854.126898855295,9903.988737754426,62801.243835632835,86070.59138846051,62862.00891721018,0.12295138888888889,2124600.0,69,6.411149825783972,0.017361111111111112,0.35262129853894836
paper,many_server_sensitivity-n200-d1-empirical,many_server_sensitivity,bursty,oracle_mf_mpc,1736,200,1,empirical,127990,ok,,22644.632962374737,22694.49480127387,92517.42834972816,164572.36946230134,92531.13931346564,0.07135416666666666,1233000.0,14,1.8815331010452963,0.017361111111111112,0.5045550433627627
paper,many_server_sensitivity-n200-d1-empirical,many_server_sensitivity,bursty,reactive,1738,200,1,empirical,128071,ok,,212397.48399516422,212451.68756330077,593228.8808786512,670055.3882015675,593240.8415068187,0.06180555555555555,1068000.0,10,1.3937282229965158,0.017361111111111112,0.5183140601697496
paper,many_server_sensitivity-n200-d1-empirical,many_server_sensitivity,bursty,gp_mean_mf_mpc,1738,200,1,empirical,128071,ok,,6797.363891564982,6851.567459701567,44976.994931826746,68720.99444236243,45159.79708303604,0.11652777777777779,2013600.0,58,6.188153310104529,0.017361111111111112,0.30769651209094956
paper,many_server_sensitivity-n200-d1-empirical,many_server_sensitivity,bursty,gp_ucb_mf_mpc,1738,200,1,empirical,128071,ok,,10360.047118299546,10414.25068643613,52493.53254516901,67953.17876785433,52568.983526120304,0.12295138888888889,2124600.0,69,6.411149825783972,0.017361111111111112,0.3799689234877529
paper,many_server_sensitivity-n200-d1-empirical,many_server_sensitivity,bursty,oracle_mf_mpc,1738,200,1,empirical,128071,ok,,18472.792946909754,18526.996515046343,77429.96388685507,115178.1429223918,77483.24008171978,0.07135416666666666,1233000.0,14,1.8815331010452963,0.017361111111111112,0.47782089622162705
paper,model_mismatch-n100-d1-exponential_matched,model_mismatch,bursty,static,1729,100,1,exponential_matched,70057,ok,,328629.1348154761,328679.5240061426,693914.2169349338,702568.0329342566,693919.2776614442,0.05,432000.0,0,0.0,0.017361111111111112,0.5730333870990765
paper,model_mismatch-n100-d1-exponential_matched,model_mismatch,bursty,reactive,1729,100,1,exponential_matched,70057,ok,,209565.02059866957,209615.4097893361,497037.2878267626,507037.041597059,497041.78736820293,0.06180555555555555,534000.0,10,0.6968641114982579,0.017361111111111112,0.5694505902336668
paper,model_mismatch-n100-d1-exponential_matched,model_mismatch,bursty,seasonal_mf_mpc,1729,100,1,exponential_matched,70057,ok,,303135.3291661522,303185.7183568187,693914.2169349338,702568.0329342566,693919.2776614442,0.07743055555555556,669000.0,14,0.9407665505226481,0.017361111111111112,0.5352641420557546
paper,model_mismatch-n100-d1-exponential_matched,model_mismatch,bursty,ewma_mf_mpc,1729,100,1,exponential_matched,70057,ok,,137220.52350805863,137270.91269872518,383800.439571775,390990.8866871162,383807.32288010226,0.10298611111111111,889800.0,15,0.662020905923345,0.017361111111111112,0.5608861355753172
paper,model_mismatch-n100-d1-exponential_matched,model_mismatch,bursty,gp_mean_mf_mpc,1729,100,1,exponential_matched,70057,ok,,14245.230960393097,14295.620151059615,46461.74201377691,51418.6321182626,46487.43077432492,0.1171875,1012500.0,58,3.1149825783972127,0.017361111111111112,0.4993077065817834
paper,model_mismatch-n100-d1-exponential_matched,model_mismatch,bursty,gp_ucb_mf_mpc,1729,100,1,exponential_matched,70057,ok,,15290.755247911582,15341.1444385781,50431.77971358347,53930.037118852495,50444.681025765974,0.12371527777777779,1068900.0,65,3.240418118466899,0.017361111111111112,0.4924275946729092
paper,model_mismatch-n100-d1-exponential_matched,model_mismatch,bursty,oracle_mf_mpc,1729,100,1,exponential_matched,70057,ok,,19876.316626018714,19926.705816685233,53937.04264263095,58382.83163283314,53965.19488564592,0.07135416666666666,616500.0,14,0.9407665505226481,0.017361111111111112,0.5654681188175343
paper,model_mismatch-n100-d1-exponential_matched,model_mismatch,bursty,static,1731,100,1,exponential_matched,70163,ok,,331595.2245974517,331646.295515119,699828.0496070038,705376.3948320423,699832.1482213297,0.05,432000.0,0,0.0,0.017361111111111112,0.5702578282000484
paper,model_mismatch-n100-d1-exponential_matched,model_mismatch,bursty,reactive,1731,100,1,exponential_matched,70163,ok,,212388.0048708897,212439.07578855695,509405.5959168032,517399.9164074877,509412.09148548247,0.06180555555555555,534000.0,10,0.6968641114982579,0.017361111111111112,0.5665806764248963
paper,model_mismatch-n100-d1-exponential_matched,model_mismatch,bursty,seasonal_mf_mpc,1731,100,1,exponential_matched,70163,ok,,305664.8933849319,305715.96430259914,699828.0496070038,705376.3948320423,699832.1482213297,0.07743055555555556,669000.0,14,0.9407665505226481,0.017361111111111112,0.5324458760315266
paper,model_mismatch-n100-d1-exponential_matched,model_mismatch,bursty,ewma_mf_mpc,1731,100,1,exponential_matched,70163,ok,,137699.42541072948,137750.49632839672,387223.8174842629,393469.0561206272,387231.20465093484,0.10298611111111111,889800.0,15,0.662020905923345,0.017361111111111112,0.5578723828798654
paper,model_mismatch-n100-d1-exponential_matched,model_mismatch,bursty,gp_mean_mf_mpc,1731,100,1,exponential_matched,70163,ok,,14621.155116536276,14672.226034203493,47849.86290976828,53477.45839761256,47862.45192495184,0.1171875,1012500.0,58,3.1149825783972127,0.017361111111111112,0.4980687826917321
paper,model_mismatch-n100-d1-exponential_matched,model_mismatch,bursty,gp_ucb_mf_mpc,1731,100,1,exponential_matched,70163,ok,,16272.341819463947,16323.412737131162,53424.08768187556,60971.65649610607,53439.50490219943,0.12371527777777779,1068900.0,65,3.240418118466899,0.017361111111111112,0.48991633767085213
paper,model_mismatch-n100-d1-exponential_matched,model_mismatch,bursty,oracle_mf_mpc,1731,100,1,exponential_matched,70163,ok,,21159.298038962643,21210.368956629856,57818.760784274484,62795.6947750102,57839.29823396529,0.07135416666666666,616500.0,14,0.9407665505226481,0.017361111111111112,0.5627895044396619
paper,model_mismatch-n100-d1-exponential_matched,model_mismatch,bursty,static,1732,100,1,exponential_matched,70118,ok,,327051.5695061771,327102.10796136444,700221.4252827141,708957.8690108174,700226.8011396502,0.05,432000.0,0,0.0,0.017361111111111112,0.5685130779543056
paper,model_mismatch-n100-d1-exponential_matched,model_mismatch,bursty,reactive,1732,100,1,exponential_matched,70118,ok,,207916.67617993508,207967.21463512242,497439.9608695308,507809.9602843367,497444.3515583051,0.06180555555555555,534000.0,10,0.6968641114982579,0.017361111111111112,0.5654468182207136
paper,model_mismatch-n100-d1-exponential_matched,model_mismatch,bursty,seasonal_mf_mpc,1732,100,1,exponential_matched,70118,ok,,302268.18959989445,302318.7280550818,700221.4252827141,708957.8690108174,700226.8011396502,0.07743055555555556,669000.0,14,0.9407665505226481,0.017361111111111112,0.5320602413075102
paper,model_mismatch-n100-d1-exponential_matched,model_mismatch,bursty,ewma_mf_mpc,1732,100,1,exponential_matched,70118,ok,,135617.01490926225,135667.5533644496,385409.685785725,397410.9759987842,385413.95204982866,0.10298611111111111,889800.0,15,0.662020905923345,0.017361111111111112,0.5565190108103483
paper,model_mismatch-n100-d1-exponential_matched,model_mismatch,bursty,gp_mean_mf_mpc,1732,100,1,exponential_matched,70118,ok,,14493.853368362792,14544.391823550113,47250.521254517575,53781.582679539126,47270.74768098334,0.1171875,1012500.0,58,3.1149825783972127,0.017361111111111112,0.49614934824153567
paper,model_mismatch-n100-d1-exponential_matched,model_mismatch,bursty,gp_ucb_mf_mpc,1732,100,1,exponential_matched,70118,ok,,16180.132695540036,16230.67115072736,54654.95017448315,59981.887313215106,54679.03169920407,0.12371527777777779,1068900.0,65,3.240418118466899,0.017361111111111112,0.4894891468667104
paper,model_mismatch-n100-d1-exponential_matched,model_mismatch,bursty,oracle_mf_mpc,1732,100,1,exponential_matched,70118,ok,,21324.273860332552,21374.812315519874,57909.68490009905,62748.56202434088,57934.306709029814,0.07135416666666666,616500.0,14,0.9407665505226481,0.017361111111111112,0.560982914515531
paper,model_mismatch-n100-d1-exponential_matched,model_mismatch,bursty,static,1730,100,1,exponential_matched,70329,ok,,332756.45109647687,332807.4807549636,706098.7194337834,714846.2037776182,706104.1500467404,0.05,432000.0,0,0.0,0.017361111111111112,0.5715707602838089
paper,model_mismatch-n100-d1-exponential_matched,model_mismatch,bursty,reactive,1730,100,1,exponential_matched,70329,ok,,214795.49667163414,214846.5263301208,509757.5498168987,519400.1066997381,509760.2858897219,0.06180555555555555,534000.0,10,0.6968641114982579,0.017361111111111112,0.5679591633607758
paper,model_mismatch-n100-d1-exponential_matched,model_mismatch,bursty,seasonal_mf_mpc,1730,100,1,exponential_matched,70329,ok,,306862.67637374497,306913.7060322317,706098.7194337834,714846.2037776182,706104.1500467404,0.07743055555555556,669000.0,14,0.9407665505226481,0.017361111111111112,0.5340329025011019
paper,model_mismatch-n100-d1-exponential_matched,model_mismatch,bursty,ewma_mf_mpc,1730,100,1,exponential_matched,70329,ok,,138569.45936623897,138620.48902472563,386796.30585663184,397925.42495137086,386809.59444249485,0.10298611111111111,889800.0,15,0.662020905923345,0.017361111111111112,0.5596268964438568
paper,model_mismatch-n100-d1-exponential_matched,model_mismatch,bursty,gp_mean_mf_mpc,1730,100,1,exponential_matched,70329,ok,,13377.215403030954,13428.245061517622,44232.72476956547,49387.4786723455,44270.19378898178,0.1171875,1012500.0,58,3.1149825783972127,0.017361111111111112,0.4987416286311479
paper,model_mismatch-n100-d1-exponential_matched,model_mismatch,bursty,gp_ucb_mf_mpc,1730,100,1,exponential_matched,70329,ok,,16212.032908085559,16263.062566572231,53000.800970212775,60805.942257561044,53023.37016638458,0.12371527777777779,1068900.0,65,3.240418118466899,0.017361111111111112,0.4916464047547953
paper,model_mismatch-n100-d1-exponential_matched,model_mismatch,bursty,oracle_mf_mpc,1730,100,1,exponential_matched,70329,ok,,22583.1787479864,22634.208406473066,60745.2361008891,68431.4363007617,60770.62177270912,0.07135416666666666,616500.0,14,0.9407665505226481,0.017361111111111112,0.5644613175219326
paper,model_mismatch-n100-d1-exponential_matched,model_mismatch,bursty,static,1733,100,1,exponential_matched,70603,ok,,336732.00819209183,336783.4697734603,718459.5454082307,735988.8039455571,718460.3673444474,0.05,432000.0,0,0.0,0.017361111111111112,0.5697066696882569
paper,model_mismatch-n100-d1-exponential_matched,model_mismatch,bursty,reactive,1733,100,1,exponential_matched,70603,ok,,217242.09278553308,217293.55436690158,528029.772284903,545683.9901431259,528037.9167151458,0.06180555555555555,534000.0,10,0.6968641114982579,0.017361111111111112,0.5658541421752616
paper,model_mismatch-n100-d1-exponential_matched,model_mismatch,bursty,seasonal_mf_mpc,1733,100,1,exponential_matched,70603,ok,,311254.3765012357,311305.83808260417,714917.2287970487,735988.8039455571,714925.9151100311,0.07743055555555556,669000.0,14,0.9407665505226481,0.017361111111111112,0.5331218220188944
paper,model_mismatch-n100-d1-exponential_matched,model_mismatch,bursty,ewma_mf_mpc,1733,100,1,exponential_matched,70603,ok,,141853.9160059958,141905.37758736432,401720.982746013,419280.9321257176,401750.3193874821,0.10298611111111111,889800.0,15,0.662020905923345,0.017361111111111112,0.5578941404756171
paper,model_mismatch-n100-d1-exponential_matched,model_mismatch,bursty,gp_mean_mf_mpc,1733,100,1,exponential_matched,70603,ok,,14749.324204138362,14800.785785506852,48298.90088480943,55955.62440327361,48320.28796988528,0.1171875,1012500.0,58,3.1149825783972127,0.017361111111111112,0.49809498179964024
paper,model_mismatch-n100-d1-exponential_matched,model_mismatch,bursty,gp_ucb_mf_mpc,1733,100,1,exponential_matched,70603,ok,,15617.104611740104,15668.5661931086,51053.435977842455,59613.05422329645,51073.25040349975,0.12371527777777779,1068900.0,65,3.240418118466899,0.017361111111111112,0.4920895712646771
paper,model_mismatch-n100-d1-exponential_matched,model_mismatch,bursty,oracle_mf_mpc,1733,100,1,exponential_matched,70603,ok,,22187.296146491313,22238.757727859807,60788.43832861067,66118.4468496289,60815.52226749354,0.07135416666666666,616500.0,14,0.9407665505226481,0.017361111111111112,0.5628231094995964
paper,model_mismatch-n100-d1-exponential_matched,model_mismatch,bursty,static,1734,100,1,exponential_matched,70283,ok,,331050.0950663088,331101.0312147542,712746.2200622236,730231.4659123134,712750.1606841369,0.05,432000.0,0,0.0,0.017361111111111112,0.5705362605466471
paper,model_mismatch-n100-d1-exponential_matched,model_mismatch,bursty,reactive,1734,100,1,exponential_matched,70283,ok,,213363.73631654546,213414.67246499087,520596.3540467321,538106.7989650682,520608.7830978719,0.06180555555555555,534000.0,10,0.6968641114982579,0.017361111111111112,0.5675625684731728
paper,model_mismatch-n100-d1-exponential_matched,model_mismatch,bursty,seasonal_mf_mpc,1734,100,1,exponential_matched,70283,ok,,305661.5170441332,305712.45319257857,710414.9310288158,730231.4659123134,710423.9521668352,0.07743055555555556,669000.0,14,0.9407665505226481,0.017361111111111112,0.5335145056414781
paper,model_mismatch-n100-d1-exponential_matched,model_mismatch,bursty,ewma_mf_mpc,1734,100,1,exponential_matched,70283,ok,,137486.44821513802,137537.38436358338,397803.8333269517,414344.88573031535,397822.1568885445,0.10298611111111111,889800.0,15,0.662020905923345,0.017361111111111112,0.5592817608810097
paper,model_mismatch-n100-d1-exponential_matched,model_mismatch,bursty,gp_mean_mf_mpc,1734,100,1,exponential_matched,70283,ok,,14708.297087577992,14759.233236023372,48144.983806765005,56449.68818429964,48159.49661172326,0.1171875,1012500.0,58,3.1149825783972127,0.017361111111111112,0.49616550232630935
paper,model_mismatch-n100-d1-exponential_matched,model_mismatch,bursty,gp_ucb_mf_mpc,1734,100,1,exponential_matched,70283,ok,,16527.979630950653,16578.915779396026,55397.82320469477,61566.428866967304,55422.11137755163,0.12371527777777779,1068900.0,65,3.240418118466899,0.017361111111111112,0.4892648293328401
paper,model_mismatch-n100-d1-exponential_matched,model_mismatch,bursty,oracle_mf_mpc,1734,100,1,exponential_matched,70283,ok,,22110.574638938728,22161.510787384108,59652.39011552426,66102.46324950928,59670.69000293303,0.07135416666666666,616500.0,14,0.9407665505226481,0.017361111111111112,0.5633652519101348
paper,model_mismatch-n100-d1-exponential_matched,model_mismatch,bursty,static,1735,100,1,exponential_matched,70496,ok,,340639.0467205592,340690.84514050523,712833.5078246465,718262.2624410132,712839.8651007458,0.05,432000.0,0,0.0,0.017361111111111112,0.5733091239219247
paper,model_mismatch-n100-d1-exponential_matched,model_mismatch,bursty,reactive,1735,100,1,exponential_matched,70496,ok,,219140.88680957718,219192.68522952322,521662.87896418246,530344.8038293802,521667.23711089185,0.06180555555555555,534000.0,10,0.6968641114982579,0.017361111111111112,0.5698053790285974
paper,model_mismatch-n100-d1-exponential_matched,model_mismatch,bursty,seasonal_mf_mpc,1735,100,1,exponential_matched,70496,ok,,314688.123247661,314739.92166760704,712833.5078246465,718262.2624410132,712839.8651007458,0.07743055555555556,669000.0,14,0.9407665505226481,0.017361111111111112,0.5362715615070358
paper,model_mismatch-n100-d1-exponential_matched,model_mismatch,bursty,ewma_mf_mpc,1735,100,1,exponential_matched,70496,ok,,143360.30298948556,143412.10140943158,397682.14363469544,403877.1078690301,397693.87762517156,0.10298611111111111,889800.0,15,0.662020905923345,0.017361111111111112,0.5614502950522016
paper,model_mismatch-n100-d1-exponential_matched,model_mismatch,bursty,gp_mean_mf_mpc,1735,100,1,exponential_matched,70496,ok,,14640.772384083628,14692.570804029656,47211.0238158842,53173.13443838133,47238.48505307042,0.1171875,1012500.0,58,3.1149825783972127,0.017361111111111112,0.5012766681797549
paper,model_mismatch-n100-d1-exponential_matched,model_mismatch,bursty,gp_ucb_mf_mpc,1735,100,1,exponential_matched,70496,ok,,15931.48237129363,15983.280791239655,51818.506410247246,57539.977750017715,51832.83771669642,0.12371527777777779,1068900.0,65,3.240418118466899,0.017361111111111112,0.49407058556513844
paper,model_mismatch-n100-d1-exponential_matched,model_mismatch,bursty,oracle_mf_mpc,1735,100,1,exponential_matched,70496,ok,,21153.591384383817,21205.38980432984,57486.724939115586,64603.913315542355,57518.73313301098,0.07135416666666666,616500.0,14,0.9407665505226481,0.017361111111111112,0.5662732637312755
paper,model_mismatch-n100-d1-exponential_matched,model_mismatch,bursty,static,1736,100,1,exponential_matched,70251,ok,,333206.17173689423,333257.2969830843,700677.766720304,710873.8396285488,700684.485811578,0.05,432000.0,0,0.0,0.017361111111111112,0.5709527266515779
paper,model_mismatch-n100-d1-exponential_matched,model_mismatch,bursty,reactive,1736,100,1,exponential_matched,70251,ok,,214442.94011333553,214494.06535952556,507064.59746836615,512001.246533419,507073.54783343687,0.06180555555555555,534000.0,10,0.6968641114982579,0.017361111111111112,0.5673228850834864
paper,model_mismatch-n100-d1-exponential_matched,model_mismatch,bursty,seasonal_mf_mpc,1736,100,1,exponential_matched,70251,ok,,307894.85393872636,307945.97918491636,700677.766720304,710873.8396285488,700684.485811578,0.07743055555555556,669000.0,14,0.9407665505226481,0.017361111111111112,0.5342699748046291
paper,model_mismatch-n100-d1-exponential_matched,model_mismatch,bursty,ewma_mf_mpc,1736,100,1,exponential_matched,70251,ok,,139528.48634609077,139579.61159228077,389549.10821479076,394122.9631459813,389560.3736364271,0.10298611111111111,889800.0,15,0.662020905923345,0.017361111111111112,0.5592660602696047
paper,model_mismatch-n100-d1-exponential_matched,model_mismatch,bursty,gp_mean_mf_mpc,1736,100,1,exponential_matched,70251,ok,,14854.683371236075,14905.8086174261,48447.263734565975,56138.07600645571,48464.02210633714,0.1171875,1012500.0,58,3.1149825783972127,0.017361111111111112,0.49691819333532616
paper,model_mismatch-n100-d1-exponential_matched,model_mismatch,bursty,gp_ucb_mf_mpc,1736,100,1,exponential_matched,70251,ok,,15200.755205399115,15251.880451589144,50163.60867941602,60360.57909530628,50185.84196481563,0.12371527777777779,1068900.0,65,3.240418118466899,0.017361111111111112,0.4894165207612703
paper,model_mismatch-n100-d1-exponential_matched,model_mismatch,bursty,oracle_mf_mpc,1736,100,1,exponential_matched,70251,ok,,21844.333320136644,21895.45856632667,59887.575190348085,64673.74883394889,59908.30016767542,0.07135416666666666,616500.0,14,0.9407665505226481,0.017361111111111112,0.5645044198659094
paper,model_mismatch-n100-d1-exponential_matched,model_mismatch,bursty,static,1737,100,1,exponential_matched,70368,ok,,331646.4823429131,331697.74775352847,710713.378272321,722386.2053550375,710731.1988028615,0.05,432000.0,0,0.0,0.017361111111111112,0.5678007048658481
paper,model_mismatch-n100-d1-exponential_matched,model_mismatch,bursty,reactive,1737,100,1,exponential_matched,70368,ok,,212246.4244414534,212297.68985206878,509630.0273567584,518582.319785985,509638.192473157,0.06180555555555555,534000.0,10,0.6968641114982579,0.017361111111111112,0.5643332196452933
paper,model_mismatch-n100-d1-exponential_matched,model_mismatch,bursty,seasonal_mf_mpc,1737,100,1,exponential_matched,70368,ok,,305287.49017216737,305338.7555827828,710713.378272321,722386.2053550375,710731.1988028615,0.07743055555555556,669000.0,14,0.9407665505226481,0.017361111111111112,0.5297578444747613
paper,model_mismatch-n100-d1-exponential_matched,model_mismatch,bursty,ewma_mf_mpc,1737,100,1,exponential_matched,70368,ok,,136543.11679894698,136594.38220956235,386918.9560661769,397615.3732099873,386923.56128146016,0.10298611111111111,889800.0,15,0.662020905923345,0.017361111111111112,0.5556929286039108
paper,model_mismatch-n100-d1-exponential_matched,model_mismatch,bursty,gp_mean_mf_mpc,1737,100,1,exponential_matched,70368,ok,,14738.749400004675,14790.01481062006,48956.624234486706,55005.94000241385,48972.37726074364,0.1171875,1012500.0,58,3.1149825783972127,0.017361111111111112,0.49602091859936337
paper,model_mismatch-n100-d1-exponential_matched,model_mismatch,bursty,gp_ucb_mf_mpc,1737,100,1,exponential_matched,70368,ok,,16189.270590043992,16240.53600065938,53953.46070983497,59062.3271755442,53970.60157350955,0.12371527777777779,1068900.0,65,3.240418118466899,0.017361111111111112,0.48871646202819463
paper,model_mismatch-n100-d1-exponential_matched,model_mismatch,bursty,oracle_mf_mpc,1737,100,1,exponential_matched,70368,ok,,22580.309776017246,22631.57518663263,61271.775801444644,67458.17469753337,61289.62409713286,0.07135416666666666,616500.0,14,0.9407665505226481,0.017361111111111112,0.5604820372896772
paper,model_mismatch-n100-d1-exponential_matched,model_mismatch,bursty,static,1738,100,1,exponential_matched,70292,ok,,330043.61995617,330094.76890466816,702741.2276844367,710946.5280275907,702746.3746362258,0.05,432000.0,0,0.0,0.017361111111111112,0.5667785807773289
paper,model_mismatch-n100-d1-exponential_matched,model_mismatch,bursty,reactive,1738,100,1,exponential_matched,70292,ok,,210087.41754928618,210138.5664977844,505637.47006362677,516960.8075634417,505649.7879801111,0.06180555555555555,534000.0,10,0.6968641114982579,0.017361111111111112,0.5632362146474705
paper,model_mismatch-n100-d1-exponential_matched,model_mismatch,bursty,seasonal_mf_mpc,1738,100,1,exponential_matched,70292,ok,,304920.0707233286,304971.21967182687,702741.2276844367,710946.5280275907,702746.3746362258,0.07743055555555556,669000.0,14,0.9407665505226481,0.017361111111111112,0.5302594889887896
paper,model_mismatch-n100-d1-exponential_matched,model_mismatch,bursty,ewma_mf_mpc,1738,100,1,exponential_matched,70292,ok,,136705.12876642623,136756.27771492445,386631.3268789356,397528.8375681925,386641.4073680456,0.10298611111111111,889800.0,15,0.662020905923345,0.017361111111111112,0.5550560518977977
paper,model_mismatch-n100-d1-exponential_matched,model_mismatch,bursty,gp_mean_mf_mpc,1738,100,1,exponential_matched,70292,ok,,14405.492072857998,14456.641021356187,47384.672524598376,55010.75372741751,47417.79450451533,0.1171875,1012500.0,58,3.1149825783972127,0.017361111111111112,0.49349854891026007
paper,model_mismatch-n100-d1-exponential_matched,model_mismatch,bursty,gp_ucb_mf_mpc,1738,100,1,exponential_matched,70292,ok,,14877.007403691272,14928.156352189462,49078.67865359368,56738.05515020417,49108.35216738566,0.12371527777777779,1068900.0,65,3.240418118466899,0.017361111111111112,0.48699709782052014
paper,model_mismatch-n100-d1-exponential_matched,model_mismatch,bursty,oracle_mf_mpc,1738,100,1,exponential_matched,70292,ok,,21484.998338681267,21536.147287179458,58283.43713330994,62716.75352443704,58313.11315838129,0.07135416666666666,616500.0,14,0.9407665505226481,0.017361111111111112,0.559850338587606
paper,model_mismatch-n100-d1-empirical,model_mismatch,bursty,static,1734,100,1,empirical,70283,ok,,317434.98406169785,317483.8729405123,741574.9601960238,758955.1689926188,741588.4004443303,0.05,432000.0,0,0.0,0.017361111111111112,0.56936954882404
paper,model_mismatch-n100-d1-empirical,model_mismatch,bursty,reactive,1734,100,1,empirical,70283,ok,,204978.71657652213,205027.60545533654,531711.6264500099,549317.092816697,531720.7319002949,0.06180555555555555,534000.0,10,0.6968641114982579,0.017361111111111112,0.5655990780131753
paper,model_mismatch-n100-d1-empirical,model_mismatch,bursty,seasonal_mf_mpc,1734,100,1,empirical,70283,ok,,293029.9802445112,293078.86912332574,737638.4078200462,758955.1689926188,737648.1580627932,0.07743055555555556,669000.0,14,0.9407665505226481,0.017361111111111112,0.5322624247684362
paper,model_mismatch-n100-d1-empirical,model_mismatch,bursty,ewma_mf_mpc,1734,100,1,empirical,70283,ok,,130198.04174166231,130246.93062047672,388668.5007696101,406283.6132412294,388680.90337079327,0.10298611111111111,889800.0,15,0.662020905923345,0.017361111111111112,0.5526656517223226
paper,model_mismatch-n100-d1-empirical,model_mismatch,bursty,gp_mean_mf_mpc,1734,100,1,empirical,70283,ok,,12849.798727412155,12898.687606226584,58989.63954583955,73396.28522365831,59008.259339792414,0.1171875,1012500.0,58,3.1149825783972127,0.017361111111111112,0.46227394960374485
paper,model_mismatch-n100-d1-empirical,model_mismatch,bursty,gp_ucb_mf_mpc,1734,100,1,empirical,70283,ok,,14583.529256240467,14632.418135054888,51789.47633354184,62286.91186814579,51830.37163840942,0.12371527777777779,1068900.0,65,3.240418118466899,0.017361111111111112,0.4863907346015395
paper,model_mismatch-n100-d1-empirical,model_mismatch,bursty,oracle_mf_mpc,1734,100,1,empirical,70283,ok,,20383.210560364383,20432.09943917881,66063.16171258589,78127.59708591102,66094.99074975029,0.07135416666666666,616500.0,14,0.9407665505226481,0.017361111111111112,0.5597228348249221
paper,model_mismatch-n100-d1-empirical,model_mismatch,bursty,static,1729,100,1,empirical,70057,ok,,291655.8977168473,291701.18124540604,745392.552612413,763660.8155613451,745396.9506184129,0.05,432000.0,0,0.0,0.017361111111111112,0.5721626675421443
paper,model_mismatch-n100-d1-empirical,model_mismatch,bursty,reactive,1729,100,1,empirical,70057,ok,,189219.39664344053,189264.68017199927,521977.77642752154,540456.9792414091,521984.0962038382,0.06180555555555555,534000.0,10,0.6968641114982579,0.017361111111111112,0.5675949583910245
paper,model_mismatch-n100-d1-empirical,model_mismatch,bursty,seasonal_mf_mpc,1729,100,1,empirical,70057,ok,,268869.08556751115,268914.3690960699,741427.1308057691,763660.8155613451,741432.7736552255,0.07743055555555556,669000.0,14,0.9407665505226481,0.017361111111111112,0.5344505188632114
paper,model_mismatch-n100-d1-empirical,model_mismatch,bursty,ewma_mf_mpc,1729,100,1,empirical,70057,ok,,116623.55463632541,116668.83816488416,397094.92098056205,415036.2381576601,397102.06353372335,0.10298611111111111,889800.0,15,0.662020905923345,0.017361111111111112,0.5547197282213056
paper,model_mismatch-n100-d1-empirical,model_mismatch,bursty,gp_mean_mf_mpc,1729,100,1,empirical,70057,ok,,8524.887578043457,8570.171106602224,44203.83999046407,61529.85227848732,44341.63650462359,0.1171875,1012500.0,58,3.1149825783972127,0.017361111111111112,0.4309205361348616
paper,model_mismatch-n100-d1-empirical,model_mismatch,bursty,gp_ucb_mf_mpc,1729,100,1,empirical,70057,ok,,12344.797642899186,12390.081171457952,52125.0544360158,67025.6079691847,52191.60346773441,0.12371527777777779,1068900.0,65,3.240418118466899,0.017361111111111112,0.48096549952181794
paper,model_mismatch-n100-d1-empirical,model_mismatch,bursty,oracle_mf_mpc,1729,100,1,empirical,70057,ok,,18983.731836499945,19029.015365058716,71803.23546593043,87640.48945494126,71817.62148384126,0.07135416666666666,616500.0,14,0.9407665505226481,0.017361111111111112,0.5627417674179597
paper,model_mismatch-n100-d1-empirical,model_mismatch,bursty,static,1732,100,1,empirical,70118,ok,,316103.0390626184,316151.9850181429,753919.1990832965,771322.8882933042,753921.6421041596,0.05,432000.0,0,0.0,0.017361111111111112,0.5680709660857411
paper,model_mismatch-n100-d1-empirical,model_mismatch,bursty,reactive,1732,100,1,empirical,70118,ok,,200219.243487064,200268.18944258854,549136.7202561805,567031.8570310456,549139.18882783,0.06180555555555555,534000.0,10,0.6968641114982579,0.017361111111111112,0.5638780341709689
paper,model_mismatch-n100-d1-empirical,model_mismatch,bursty,seasonal_mf_mpc,1732,100,1,empirical,70118,ok,,292227.5450717386,292276.49102726317,749864.907419909,771322.8882933042,749869.3543927285,0.07743055555555556,669000.0,14,0.9407665505226481,0.017361111111111112,0.5316751761316638
paper,model_mismatch-n100-d1-empirical,model_mismatch,bursty,ewma_mf_mpc,1732,100,1,empirical,70118,ok,,128654.24117899574,128703.18713452025,420047.0567272443,438408.78715051094,420049.74926417135,0.10298611111111111,889800.0,15,0.662020905923345,0.017361111111111112,0.5492455574888045
paper,model_mismatch-n100-d1-empirical,model_mismatch,bursty,gp_mean_mf_mpc,1732,100,1,empirical,70118,ok,,12251.88166610578,12300.827621630318,45154.14630563551,56285.81359092841,45200.54570235052,0.1171875,1012500.0,58,3.1149825783972127,0.017361111111111112,0.49231295815625087
paper,model_mismatch-n100-d1-empirical,model_mismatch,bursty,gp_ucb_mf_mpc,1732,100,1,empirical,70118,ok,,8109.5432527714165,8158.489208295955,42835.90396490297,57733.88209721166,42913.5547685884,0.12371527777777779,1068900.0,65,3.240418118466899,0.017361111111111112,0.40145183832967285
paper,model_mismatch-n100-d1-empirical,model_mismatch,bursty,oracle_mf_mpc,1732,100,1,empirical,70118,ok,,16538.644198253725,16587.590153778263,54194.76235198909,62433.360695393,54212.23233510459,0.07135416666666666,616500.0,14,0.9407665505226481,0.017361111111111112,0.5585441684018368
paper,model_mismatch-n100-d1-empirical,model_mismatch,bursty,static,1733,100,1,empirical,70603,ok,,313773.83232571906,313821.67852462677,772592.577774562,789712.02364736,772596.2758510046,0.05,432000.0,0,0.0,0.017361111111111112,0.5685027548404459
paper,model_mismatch-n100-d1-empirical,model_mismatch,bursty,reactive,1733,100,1,empirical,70603,ok,,202328.330582578,202376.1767814857,543438.1322577747,558333.2020697079,543449.0995333648,0.06180555555555555,534000.0,10,0.6968641114982579,0.017361111111111112,0.5635737858164668
paper,model_mismatch-n100-d1-empirical,model_mismatch,bursty,seasonal_mf_mpc,1733,100,1,empirical,70603,ok,,290150.5045812923,290198.35078020004,768907.1141520229,789712.02364736,768916.0208235256,0.07743055555555556,669000.0,14,0.9407665505226481,0.017361111111111112,0.5318470886506239
paper,model_mismatch-n100-d1-empirical,model_mismatch,bursty,ewma_mf_mpc,1733,100,1,empirical,70603,ok,,133649.6826613505,133697.5288602582,433758.05677842884,451487.20160637726,433766.30819597235,0.10298611111111111,889800.0,15,0.662020905923345,0.017361111111111112,0.5476962735294534
paper,model_mismatch-n100-d1-empirical,model_mismatch,bursty,gp_mean_mf_mpc,1733,100,1,empirical,70603,ok,,10770.643559618795,10818.489758526517,52345.86334690178,62414.91995180246,52381.96138401048,0.1171875,1012500.0,58,3.1149825783972127,0.017361111111111112,0.415194821749784
paper,model_mismatch-n100-d1-empirical,model_mismatch,bursty,gp_ucb_mf_mpc,1733,100,1,empirical,70603,ok,,10063.776981399158,10111.623180306882,49766.97874129037,69907.6923762681,49825.55671175074,0.12371527777777779,1068900.0,65,3.240418118466899,0.017361111111111112,0.454924011727547
paper,model_mismatch-n100-d1-empirical,model_mismatch,bursty,oracle_mf_mpc,1733,100,1,empirical,70603,ok,,16050.429251821839,16098.275450729563,51582.389040487615,60668.62738663886,51636.061409934206,0.07135416666666666,616500.0,14,0.9407665505226481,0.017361111111111112,0.5594379842216336
paper,model_mismatch-n100-d1-empirical,model_mismatch,bursty,static,1731,100,1,empirical,70163,ok,,297202.31256110815,297248.386923279,703569.9633630688,712377.4214605447,703571.0298270186,0.05,432000.0,0,0.0,0.017361111111111112,0.5695879594658153
paper,model_mismatch-n100-d1-empirical,model_mismatch,bursty,reactive,1731,100,1,empirical,70163,ok,,192159.67818178385,192205.75254395464,526927.8604438822,544407.8591981996,526936.7029214149,0.06180555555555555,534000.0,10,0.6968641114982579,0.017361111111111112,0.56524093895643
paper,model_mismatch-n100-d1-empirical,model_mismatch,bursty,seasonal_mf_mpc,1731,100,1,empirical,70163,ok,,273811.8347558985,273857.9091180693,703569.9633630688,712377.4214605447,703571.0298270186,0.07743055555555556,669000.0,14,0.9407665505226481,0.017361111111111112,0.5316762396134714
paper,model_mismatch-n100-d1-empirical,model_mismatch,bursty,ewma_mf_mpc,1731,100,1,empirical,70163,ok,,122043.51321417387,122089.58757634465,412962.7904355808,430624.6277831591,412967.1986363203,0.10298611111111111,889800.0,15,0.662020905923345,0.017361111111111112,0.5495489075438621
paper,model_mismatch-n100-d1-empirical,model_mismatch,bursty,gp_mean_mf_mpc,1731,100,1,empirical,70163,ok,,16939.4199025046,16985.494264675388,64437.492102577584,70525.38185327785,64446.93230236516,0.1171875,1012500.0,58,3.1149825783972127,0.017361111111111112,0.49168365092712685
paper,model_mismatch-n100-d1-empirical,model_mismatch,bursty,gp_ucb_mf_mpc,1731,100,1,empirical,70163,ok,,10517.09541283652,10563.16977500731,49071.17026951715,67787.45226703443,49101.70494391878,0.12371527777777779,1068900.0,65,3.240418118466899,0.017361111111111112,0.4258512321308952
paper,model_mismatch-n100-d1-empirical,model_mismatch,bursty,oracle_mf_mpc,1731,100,1,empirical,70163,ok,,17694.62748740262,17740.701849573412,57870.320540978384,66322.4767438245,57901.01553846143,0.07135416666666666,616500.0,14,0.9407665505226481,0.017361111111111112,0.5596967062411813
paper,model_mismatch-n100-d1-empirical,model_mismatch,bursty,static,1730,100,1,empirical,70329,ok,,293259.852138599,293305.1335557646,728708.2166365477,746192.0582153873,728712.5647321577,0.05,432000.0,0,0.0,0.017361111111111112,0.571968889078474
paper,model_mismatch-n100-d1-empirical,model_mismatch,bursty,reactive,1730,100,1,empirical,70329,ok,,186335.8811318054,186381.16254897098,599933.8189932901,617089.7160834635,599944.02895925,0.06180555555555555,534000.0,10,0.6968641114982579,0.017361111111111112,0.5675041590240157
paper,model_mismatch-n100-d1-empirical,model_mismatch,bursty,seasonal_mf_mpc,1730,100,1,empirical,70329,ok,,270494.7526285008,270540.03404566646,725150.1497091079,746192.0582153873,725151.5967459541,0.07743055555555556,669000.0,14,0.9407665505226481,0.017361111111111112,0.5345163446089095
paper,model_mismatch-n100-d1-empirical,model_mismatch,bursty,ewma_mf_mpc,1730,100,1,empirical,70329,ok,,119655.87316315614,119701.15458032172,443914.6715822947,461829.32626310975,443921.0448688088,0.10298611111111111,889800.0,15,0.662020905923345,0.017361111111111112,0.5509675951598914
paper,model_mismatch-n100-d1-empirical,model_mismatch,bursty,gp_mean_mf_mpc,1730,100,1,empirical,70329,ok,,10479.906056794363,10525.187473959943,42790.538217521345,56858.36273147748,42851.16717853532,0.1171875,1012500.0,58,3.1149825783972127,0.017361111111111112,0.4664647584922294
paper,model_mismatch-n100-d1-empirical,model_mismatch,bursty,gp_ucb_mf_mpc,1730,100,1,empirical,70329,ok,,10405.153476337198,10450.434893502776,49380.58738320879,71765.14638294469,49434.19284382453,0.12371527777777779,1068900.0,65,3.240418118466899,0.017361111111111112,0.4779962746519928
paper,model_mismatch-n100-d1-empirical,model_mismatch,bursty,oracle_mf_mpc,1730,100,1,empirical,70329,ok,,25991.222573453248,26036.503990618818,73537.48621158682,80290.27169705695,73544.52976529025,0.07135416666666666,616500.0,14,0.9407665505226481,0.017361111111111112,0.5627123946025111
paper,model_mismatch-n100-d1-empirical,model_mismatch,bursty,static,1735,100,1,empirical,70496,ok,,326433.59497719543,326483.44644479547,728504.2976221509,746294.6329614153,728510.1361592519,0.05,432000.0,0,0.0,0.017361111111111112,0.5731530866999546
paper,model_mismatch-n100-d1-empirical,model_mismatch,bursty,reactive,1735,100,1,empirical,70496,ok,,207192.56967210118,207242.42113970124,560145.1440741909,578270.8742784144,560151.2489848537,0.06180555555555555,534000.0,10,0.6968641114982579,0.017361111111111112,0.5686705628688152
paper,model_mismatch-n100-d1-empirical,model_mismatch,bursty,seasonal_mf_mpc,1735,100,1,empirical,70496,ok,,301485.40157121123,301535.2530388113,724905.6073856066,746294.6329614153,724912.073223747,0.07743055555555556,669000.0,14,0.9407665505226481,0.017361111111111112,0.5361864502950522
paper,model_mismatch-n100-d1-empirical,model_mismatch,bursty,ewma_mf_mpc,1735,100,1,empirical,70496,ok,,131913.12923676523,131962.9807043653,428065.27655560337,446296.22866942897,428075.3754020615,0.10298611111111111,889800.0,15,0.662020905923345,0.017361111111111112,0.5554357694053563
paper,model_mismatch-n100-d1-empirical,model_mismatch,bursty,gp_mean_mf_mpc,1735,100,1,empirical,70496,ok,,12923.339849537746,12973.191317137813,48399.467374731015,54536.26517891905,48430.19716387621,0.1171875,1012500.0,58,3.1149825783972127,0.017361111111111112,0.49425499319110305
paper,model_mismatch-n100-d1-empirical,model_mismatch,bursty,gp_ucb_mf_mpc,1735,100,1,empirical,70496,ok,,14795.87601568141,14845.727483281476,67265.54200906452,79447.92071530689,67298.96307150518,0.12371527777777779,1068900.0,65,3.240418118466899,0.017361111111111112,0.44750056740807986
paper,model_mismatch-n100-d1-empirical,model_mismatch,bursty,oracle_mf_mpc,1735,100,1,empirical,70496,ok,,22579.954945622943,22629.806413223014,75577.92766222425,89896.49853289164,75607.09739686779,0.07135416666666666,616500.0,14,0.9407665505226481,0.017361111111111112,0.5634929641398093
paper,model_mismatch-n100-d1-empirical,model_mismatch,bursty,static,1736,100,1,empirical,70251,ok,,293593.6762502491,293639.0913686606,643018.3872962489,658422.6741956403,643026.7692869825,0.05,432000.0,0,0.0,0.017361111111111112,0.5701982889923275
paper,model_mismatch-n100-d1-empirical,model_mismatch,bursty,reactive,1736,100,1,empirical,70251,ok,,185352.0448939636,185397.46001237503,477148.7639588928,494719.4662901326,477160.2442010044,0.06180555555555555,534000.0,10,0.6968641114982579,0.017361111111111112,0.5654581429445844
paper,model_mismatch-n100-d1-empirical,model_mismatch,bursty,seasonal_mf_mpc,1736,100,1,empirical,70251,ok,,271285.3537427781,271330.7688611896,642541.7845895877,658422.6741956403,642554.9785768185,0.07743055555555556,669000.0,14,0.9407665505226481,0.017361111111111112,0.5334870677997466
paper,model_mismatch-n100-d1-empirical,model_mismatch,bursty,ewma_mf_mpc,1736,100,1,empirical,70251,ok,,118706.46034855783,118751.87546696929,350342.4263164485,364542.26235946245,350353.41173627565,0.10298611111111111,889800.0,15,0.662020905923345,0.017361111111111112,0.5514796942392279
paper,model_mismatch-n100-d1-empirical,model_mismatch,bursty,gp_mean_mf_mpc,1736,100,1,empirical,70251,ok,,10857.869712417449,10903.28483082891,51334.05277651437,71072.25171545715,51368.775830677616,0.1171875,1012500.0,58,3.1149825783972127,0.017361111111111112,0.43076966875916356
paper,model_mismatch-n100-d1-empirical,model_mismatch,bursty,gp_ucb_mf_mpc,1736,100,1,empirical,70251,ok,,7046.64063364425,7092.055752055712,43026.03392643443,59595.84781716703,43060.3224537696,0.12371527777777779,1068900.0,65,3.240418118466899,0.017361111111111112,0.3560945751661898
paper,model_mismatch-n100-d1-empirical,model_mismatch,bursty,oracle_mf_mpc,1736,100,1,empirical,70251,ok,,22251.533840937147,22296.948959348607,68792.33605560425,77671.13349505364,68809.17628111118,0.07135416666666666,616500.0,14,0.9407665505226481,0.017361111111111112,0.5611450370813227
paper,model_mismatch-n100-d1-empirical,model_mismatch,bursty,static,1737,100,1,empirical,70368,ok,,292133.25018138014,292178.6795146938,712687.2404102157,730573.2355423465,712690.1805047927,0.05,432000.0,0,0.0,0.017361111111111112,0.5666211914506594
paper,model_mismatch-n100-d1-empirical,model_mismatch,bursty,reactive,1737,100,1,empirical,70368,ok,,186798.6410987074,186844.070432021,539260.9269436066,556768.750562681,539265.6900217781,0.06180555555555555,534000.0,10,0.6968641114982579,0.017361111111111112,0.562656321055025
paper,model_mismatch-n100-d1-empirical,model_mismatch,bursty,seasonal_mf_mpc,1737,100,1,empirical,70368,ok,,268957.4257027977,269002.85503611143,708802.2329975705,730573.2355423465,708812.4922879644,0.07743055555555556,669000.0,14,0.9407665505226481,0.017361111111111112,0.5285783310595725
paper,model_mismatch-n100-d1-empirical,model_mismatch,bursty,ewma_mf_mpc,1737,100,1,empirical,70368,ok,,119019.03448620324,119064.46381951687,402165.3005490257,420620.29711257765,402170.601138652,0.10298611111111111,889800.0,15,0.662020905923345,0.017361111111111112,0.5484879490677581
paper,model_mismatch-n100-d1-empirical,model_mismatch,bursty,gp_mean_mf_mpc,1737,100,1,empirical,70368,ok,,13313.323350139868,13358.752683453486,52393.01690851868,69554.10457089588,52463.250676125055,0.1171875,1012500.0,58,3.1149825783972127,0.017361111111111112,0.48864540700318326
paper,model_mismatch-n100-d1-empirical,model_mismatch,bursty,gp_ucb_mf_mpc,1737,100,1,empirical,70368,ok,,10639.178525124556,10684.607858438176,48794.41781326188,67746.49074496554,48910.75127406728,0.12371527777777779,1068900.0,65,3.240418118466899,0.017361111111111112,0.4401716689404275
paper,model_mismatch-n100-d1-empirical,model_mismatch,bursty,oracle_mf_mpc,1737,100,1,empirical,70368,ok,,18817.791594711587,18863.220928025206,68638.40318501338,78107.62285027812,68662.6228811955,0.07135416666666666,616500.0,14,0.9407665505226481,0.017361111111111112,0.5491984993178718
paper,model_mismatch-n100-d1-empirical,model_mismatch,bursty,static,1738,100,1,empirical,70292,ok,,317762.65503153484,317811.68750991765,702231.5215794927,715104.311538634,702243.3922551007,0.05,432000.0,0,0.0,0.017361111111111112,0.565299038297388
paper,model_mismatch-n100-d1-empirical,model_mismatch,bursty,reactive,1738,100,1,empirical,70292,ok,,203722.57928832286,203771.61176670576,558073.4359361881,576149.640146928,558077.4581530085,0.06180555555555555,534000.0,10,0.6968641114982579,0.017361111111111112,0.5609173163375633
paper,model_mismatch-n100-d1-empirical,model_mismatch,bursty,seasonal_mf_mpc,1738,100,1,empirical,70292,ok,,293746.19317685615,293795.22565523896,702231.5215794927,715104.311538634,702243.3922551007,0.07743055555555556,669000.0,14,0.9407665505226481,0.017361111111111112,0.5288795310988448
paper,model_mismatch-n100-d1-empirical,model_mismatch,bursty,ewma_mf_mpc,1738,100,1,empirical,70292,ok,,133357.54367653353,133406.5761549164,436031.1627244663,454586.6004981764,436039.64217140793,0.10298611111111111,889800.0,15,0.662020905923345,0.017361111111111112,0.5462357024981506
paper,model_mismatch-n100-d1-empirical,model_mismatch,bursty,gp_mean_mf_mpc,1738,100,1,empirical,70292,ok,,10551.659708388357,10600.692186771195,48772.47761088748,56494.34001107526,48853.72852039089,0.1171875,1012500.0,58,3.1149825783972127,0.017361111111111112,0.4676919137312923
paper,model_mismatch-n100-d1-empirical,model_mismatch,bursty,gp_ucb_mf_mpc,1738,100,1,empirical,70292,ok,,16841.051887382313,16890.08436576515,59534.79283104254,67394.07220267653,59554.78077395589,0.12371527777777779,1068900.0,65,3.240418118466899,0.017361111111111112,0.4859301200705628
paper,model_mismatch-n100-d1-empirical,model_mismatch,bursty,oracle_mf_mpc,1738,100,1,empirical,70292,ok,,20633.606162710777,20682.638641093614,61693.82026033792,67189.2630516624,61715.1122284759,0.07135416666666666,616500.0,14,0.9407665505226481,0.017361111111111112,0.5566778580777328
paper,high_volume_delay_robustness-n100-d0-empirical,high_volume_delay_robustness,high_volume,reactive,1734,100,0,empirical,720000,ok,,1040.1252715138805,1043.7858787229466,5752.500928441336,13160.918867189344,5758.16009476555,0.27336805555555554,2361900.0,77,4.808362369337979,0.1736111111111111,0.4606638888888889
paper,high_volume_delay_robustness-n100-d0-empirical,high_volume_delay_robustness,high_volume,ewma_mf_mpc,1734,100,0,empirical,720000,ok,,470.8398401099743,474.50044731904035,2196.007744170459,6762.528364561584,2210.493121445926,0.2735416666666667,2363400.0,105,4.118466898954704,0.1736111111111111,0.3758861111111111
paper,high_volume_delay_robustness-n100-d0-empirical,high_volume_delay_robustness,high_volume,reactive,1729,100,0,empirical,720000,ok,,819.1460296347086,822.6178343820544,5413.308967955522,10583.311731581813,5418.563025329641,0.27336805555555554,2361900.0,77,4.808362369337979,0.1736111111111111,0.4332361111111111
paper,high_volume_delay_robustness-n100-d0-empirical,high_volume_delay_robustness,high_volume,ewma_mf_mpc,1729,100,0,empirical,720000,ok,,371.4620842372352,374.93388898458085,1728.729456777706,5251.627198977545,1742.5863581407382,0.2735416666666667,2363400.0,105,4.118466898954704,0.1736111111111111,0.3602263888888889
paper,high_volume_delay_robustness-n100-d0-empirical,high_volume_delay_robustness,high_volume,reactive,1732,100,0,empirical,720000,ok,,1311.7126411476925,1315.4199479359315,9109.018931357788,12883.907027363373,9113.544869057012,0.27336805555555554,2361900.0,77,4.808362369337979,0.1736111111111111,0.4787972222222222
paper,high_volume_delay_robustness-n100-d0-empirical,high_volume_delay_robustness,high_volume,ewma_mf_mpc,1732,100,0,empirical,720000,ok,,493.08731756544626,496.7946243536853,2299.2208513740748,7193.506039653828,2317.839921785678,0.2735416666666667,2363400.0,105,4.118466898954704,0.1736111111111111,0.3802902777777778
paper,high_volume_delay_robustness-n100-d0-empirical,high_volume_delay_robustness,high_volume,reactive,1733,100,0,empirical,720000,ok,,580.1239826075197,583.8633169901174,3479.8169422679352,6865.5275702423705,3495.2155116944846,0.27336805555555554,2361900.0,77,4.808362369337979,0.1736111111111111,0.3972736111111111
paper,high_volume_delay_robustness-n100-d0-empirical,high_volume_delay_robustness,high_volume,ewma_mf_mpc,1733,100,0,empirical,720000,ok,,458.6978728861719,462.4372072687698,2003.9391399763035,6637.378130174047,2019.320596552763,0.2735416666666667,2363400.0,105,4.118466898954704,0.1736111111111111,0.35875833333333335
paper,high_volume_delay_robustness-n100-d0-empirical,high_volume_delay_robustness,high_volume,reactive,1730,100,0,empirical,720000,ok,,870.4159536956234,874.0559890887113,5425.334368526111,8732.120657182679,5432.187819702734,0.27336805555555554,2361900.0,77,4.808362369337979,0.1736111111111111,0.4491041666666667
paper,high_volume_delay_robustness-n100-d0-empirical,high_volume_delay_robustness,high_volume,ewma_mf_mpc,1730,100,0,empirical,720000,ok,,401.56139074159876,405.2014261346866,1888.3331974481116,5905.38650284144,1903.0912596376163,0.2735416666666667,2363400.0,105,4.118466898954704,0.1736111111111111,0.362225
paper,high_volume_delay_robustness-n100-d0-empirical,high_volume_delay_robustness,high_volume,reactive,1731,100,0,empirical,720000,ok,,480.12718867370575,483.6063759534878,2999.3682427927874,6082.754720572539,3016.651708340114,0.27336805555555554,2361900.0,77,4.808362369337979,0.1736111111111111,0.38050555555555554
paper,high_volume_delay_robustness-n100-d0-empirical,high_volume_delay_robustness,high_volume,ewma_mf_mpc,1731,100,0,empirical,720000,ok,,370.8852438820193,374.3644311618013,1720.307065464494,5557.801382243341,1734.5702006558681,0.2735416666666667,2363400.0,105,4.118466898954704,0.1736111111111111,0.3510125
paper,high_volume_delay_robustness-n100-d0-empirical,high_volume_delay_robustness,high_volume,reactive,1735,100,0,empirical,720000,ok,,704.1815821883407,707.8005772392643,3918.681194878728,9438.803435788674,3929.8954021926243,0.27336805555555554,2361900.0,77,4.808362369337979,0.1736111111111111,0.4300625
paper,high_volume_delay_robustness-n100-d0-empirical,high_volume_delay_robustness,high_volume,ewma_mf_mpc,1735,100,0,empirical,720000,ok,,462.55893661991854,466.1779316708421,2040.0131493025951,6775.789417957211,2052.95372650048,0.2735416666666667,2363400.0,105,4.118466898954704,0.1736111111111111,0.37935555555555556
paper,high_volume_delay_robustness-n100-d0-empirical,high_volume_delay_robustness,high_volume,reactive,1737,100,0,empirical,720000,ok,,1102.1238925373698,1105.7520642362215,6626.003404363475,12655.86233252098,6632.265380953333,0.27336805555555554,2361900.0,77,4.808362369337979,0.1736111111111111,0.47260555555555556
paper,high_volume_delay_robustness-n100-d0-empirical,high_volume_delay_robustness,high_volume,ewma_mf_mpc,1737,100,0,empirical,720000,ok,,492.3628987617008,495.99107046055263,2411.934443518147,7208.23615203995,2426.895413080967,0.2735416666666667,2363400.0,105,4.118466898954704,0.1736111111111111,0.3872138888888889
paper,high_volume_delay_robustness-n100-d0-empirical,high_volume_delay_robustness,high_volume,reactive,1738,100,0,empirical,720000,ok,,541.3312010626241,544.8523722203146,2749.5726848158333,7027.013015195581,2758.8811002964985,0.27336805555555554,2361900.0,77,4.808362369337979,0.1736111111111111,0.39119583333333335
paper,high_volume_delay_robustness-n100-d0-empirical,high_volume_delay_robustness,high_volume,ewma_mf_mpc,1738,100,0,empirical,720000,ok,,435.5710888556406,439.09226001333104,2040.262264195589,5868.372981964459,2055.269146860099,0.2735416666666667,2363400.0,105,4.118466898954704,0.1736111111111111,0.3636125
paper,high_volume_delay_robustness-n100-d0-empirical,high_volume_delay_robustness,high_volume,reactive,1736,100,0,empirical,720000,ok,,622.6478727543766,626.2026350760921,3791.992886218759,7636.072541319154,3799.160852109728,0.27336805555555554,2361900.0,77,4.808362369337979,0.1736111111111111,0.4145347222222222
paper,high_volume_delay_robustness-n100-d0-empirical,high_volume_delay_robustness,high_volume,ewma_mf_mpc,1736,100,0,empirical,720000,ok,,404.6677784429398,408.2225407646553,1846.633934009927,5719.100437594409,1859.148267540503,0.2735416666666667,2363400.0,105,4.118466898954704,0.1736111111111111,0.3700847222222222
paper,high_volume_delay_robustness-n100-d2-empirical,high_volume_delay_robustness,high_volume,reactive,1729,100,2,empirical,720000,ok,,18465.416763089266,18468.88856783661,45262.63759504038,50231.98096519569,45263.520457466606,0.27336805555555554,2361900.0,77,4.808362369337979,0.1736111111111111,0.8824888888888889
paper,high_volume_delay_robustness-n100-d2-empirical,high_volume_delay_robustness,high_volume,ewma_mf_mpc,1729,100,2,empirical,720000,ok,,12467.01439959002,12470.486204337367,38297.978266253805,54069.4046267585,38304.92027722778,0.2733333333333333,2361600.0,105,4.118466898954704,0.1736111111111111,0.8428319444444444
paper,high_volume_delay_robustness-n100-d2-empirical,high_volume_delay_robustness,high_volume,reactive,1730,100,2,empirical,720000,ok,,16225.003773469602,16228.643808862691,40654.68190014437,47762.0957650171,40655.167218497874,0.27336805555555554,2361900.0,77,4.808362369337979,0.1736111111111111,0.8891916666666667
paper,high_volume_delay_robustness-n100-d2-empirical,high_volume_delay_robustness,high_volume,ewma_mf_mpc,1730,100,2,empirical,720000,ok,,11728.288571278972,11731.928606672062,33273.09806299004,40373.346929001345,33274.48950141562,0.2733333333333333,2361600.0,105,4.118466898954704,0.1736111111111111,0.8662930555555556
paper,high_volume_delay_robustness-n100-d2-empirical,high_volume_delay_robustness,high_volume,reactive,1734,100,2,empirical,720000,ok,,29550.061259694914,29553.72186690398,74477.62042351122,80163.96378208931,74477.8471501754,0.27336805555555554,2361900.0,77,4.808362369337979,0.1736111111111111,0.8833291666666667
paper,high_volume_delay_robustness-n100-d2-empirical,high_volume_delay_robustness,high_volume,ewma_mf_mpc,1734,100,2,empirical,720000,ok,,20250.357071828,20254.01767903706,59295.83392496177,68411.99188923503,59297.41630627907,0.2733333333333333,2361600.0,105,4.118466898954704,0.1736111111111111,0.8621111111111112
paper,high_volume_delay_robustness-n100-d2-empirical,high_volume_delay_robustness,high_volume,reactive,1732,100,2,empirical,720000,ok,,28901.549067023003,28905.25637381124,85693.313520778,94923.02669360611,85693.95876921329,0.27336805555555554,2361900.0,77,4.808362369337979,0.1736111111111111,0.8853541666666667
paper,high_volume_delay_robustness-n100-d2-empirical,high_volume_delay_robustness,high_volume,ewma_mf_mpc,1732,100,2,empirical,720000,ok,,19354.96495568121,19358.672262469452,84343.16297299704,96766.38967926122,84344.33170717541,0.2733333333333333,2361600.0,105,4.118466898954704,0.1736111111111111,0.86595
paper,high_volume_delay_robustness-n100-d2-empirical,high_volume_delay_robustness,high_volume,reactive,1731,100,2,empirical,720000,ok,,22846.20151469049,22849.68070197027,57405.30535950329,63167.35913979456,57406.967038656076,0.27336805555555554,2361900.0,77,4.808362369337979,0.1736111111111111,0.8781194444444445
paper,high_volume_delay_robustness-n100-d2-empirical,high_volume_delay_robustness,high_volume,ewma_mf_mpc,1731,100,2,empirical,720000,ok,,16514.92620835118,16518.40539563096,49542.6206820265,57936.57680952258,49544.48571242802,0.2733333333333333,2361600.0,105,4.118466898954704,0.1736111111111111,0.8570166666666666
paper,high_volume_delay_robustness-n100-d2-empirical,high_volume_delay_robustness,high_volume,reactive,1733,100,2,empirical,720000,ok,,35185.878257238,35189.6175916206,83805.27348300483,91972.70063448294,83806.92561424836,0.27336805555555554,2361900.0,77,4.808362369337979,0.1736111111111111,0.8812375
paper,high_volume_delay_robustness-n100-d2-empirical,high_volume_delay_robustness,high_volume,ewma_mf_mpc,1733,100,2,empirical,720000,ok,,27177.219056827777,27180.958391210377,78889.29928834293,89104.14057495454,78891.30347991624,0.2733333333333333,2361600.0,105,4.118466898954704,0.1736111111111111,0.8623541666666666
paper,high_volume_delay_robustness-n100-d2-empirical,high_volume_delay_robustness,high_volume,reactive,1735,100,2,empirical,720000,ok,,23639.72320295167,23643.342198002596,56771.92949102692,62536.165631954136,56772.829058416406,0.27336805555555554,2361900.0,77,4.808362369337979,0.1736111111111111,0.8859333333333334
paper,high_volume_delay_robustness-n100-d2-empirical,high_volume_delay_robustness,high_volume,ewma_mf_mpc,1735,100,2,empirical,720000,ok,,16312.417819666429,16316.03681471735,47020.37663164708,53265.03474429792,47021.49475861772,0.2733333333333333,2361600.0,105,4.118466898954704,0.1736111111111111,0.8651763888888889
paper,high_volume_delay_robustness-n100-d2-empirical,high_volume_delay_robustness,high_volume,reactive,1736,100,2,empirical,720000,ok,,17377.077280878475,17380.632043200192,44334.406741507926,50394.07161001628,44335.065712260875,0.27336805555555554,2361900.0,77,4.808362369337979,0.1736111111111111,0.8847680555555556
paper,high_volume_delay_robustness-n100-d2-empirical,high_volume_delay_robustness,high_volume,ewma_mf_mpc,1736,100,2,empirical,720000,ok,,11914.732278397218,11918.287040718931,44083.857072957646,55170.53090514032,44085.60313144653,0.2733333333333333,2361600.0,105,4.118466898954704,0.1736111111111111,0.8548222222222223
paper,high_volume_delay_robustness-n100-d2-empirical,high_volume_delay_robustness,high_volume,reactive,1737,100,2,empirical,720000,ok,,28297.09150197481,28300.719673673662,98908.86218868753,111533.1021910158,98909.29613431213,0.27336805555555554,2361900.0,77,4.808362369337979,0.1736111111111111,0.8837152777777778
paper,high_volume_delay_robustness-n100-d2-empirical,high_volume_delay_robustness,high_volume,ewma_mf_mpc,1737,100,2,empirical,720000,ok,,21517.784885055196,21521.413056754045,62967.66852075411,72320.7368137611,62969.52640258669,0.2733333333333333,2361600.0,105,4.118466898954704,0.1736111111111111,0.8644472222222223
paper,high_volume_delay_robustness-n100-d2-empirical,high_volume_delay_robustness,high_volume,reactive,1738,100,2,empirical,720000,ok,,25445.700208549522,25449.221379707218,65045.47869401668,73056.36396977326,65046.29111706832,0.27336805555555554,2361900.0,77,4.808362369337979,0.1736111111111111,0.8834541666666667
paper,high_volume_delay_robustness-n100-d2-empirical,high_volume_delay_robustness,high_volume,ewma_mf_mpc,1738,100,2,empirical,720000,ok,,19045.864424457704,19049.385595615397,57765.25533014641,72813.26379220953,57767.21762350668,0.2733333333333333,2361600.0,105,4.118466898954704,0.1736111111111111,0.8576708333333334
