profile,config_id,scenario,split,controller,alpha,seed,n,delay_bins,jobs,mean_resource_fraction,metric_status,metric_reason,p95_wait,p99_wait,selected_on_validation,weighted_event_approximation
paper,paper-pareto-n100-d1,high_volume,validation,seasonal_mf_mpc,0.01,1734,100,1,720000,0.9599652777777777,ok,,14816.922467559989,21344.106486550296,False,True
paper,paper-pareto-n100-d1,high_volume,validation,seasonal_mf_mpc,0.03,1734,100,1,720000,0.5995138888888889,ok,,107375.88408482741,124276.82926475257,False,True
paper,paper-pareto-n100-d1,high_volume,validation,seasonal_mf_mpc,0.1,1734,100,1,720000,0.5528472222222223,ok,,214713.47447248502,241107.84043719422,False,True
paper,paper-pareto-n100-d1,high_volume,validation,seasonal_mf_mpc,0.3,1734,100,1,720000,0.5305555555555556,ok,,294863.1902295324,331064.86280967115,False,True
paper,paper-pareto-n100-d1,high_volume,validation,seasonal_mf_mpc,1.0,1734,100,1,720000,0.5107638888888889,ok,,406401.15228118154,451569.8667421517,False,True
paper,paper-pareto-n100-d1,high_volume,validation,seasonal_mf_mpc,3.0,1734,100,1,720000,0.5013541666666667,ok,,428359.6950976629,472312.19184907957,False,True
paper,paper-pareto-n100-d1,high_volume,validation,seasonal_mf_mpc,100.0,1734,100,1,720000,0.4888888888888889,ok,,431799.6746734486,478021.9448962805,True,True
paper,paper-pareto-n100-d1,high_volume,validation,ewma_mf_mpc,0.01,1734,100,1,720000,0.99375,ok,,11708.154217516274,17166.963270333315,False,True
paper,paper-pareto-n100-d1,high_volume,validation,ewma_mf_mpc,0.03,1734,100,1,720000,0.9450347222222223,ok,,12067.28743418123,16887.60485927188,False,True
paper,paper-pareto-n100-d1,high_volume,validation,ewma_mf_mpc,0.1,1734,100,1,720000,0.9097222222222223,ok,,12779.676689820162,18231.265882866443,False,True
paper,paper-pareto-n100-d1,high_volume,validation,ewma_mf_mpc,0.3,1734,100,1,720000,0.8740277777777777,ok,,15212.779598200954,20648.785391194357,False,True
paper,paper-pareto-n100-d1,high_volume,validation,ewma_mf_mpc,1.0,1734,100,1,720000,0.8298263888888888,ok,,16435.56606728098,21728.0643429315,False,True
paper,paper-pareto-n100-d1,high_volume,validation,ewma_mf_mpc,3.0,1734,100,1,720000,0.7910416666666668,ok,,17088.688939355237,25097.688462410508,False,True
paper,paper-pareto-n100-d1,high_volume,validation,ewma_mf_mpc,100.0,1734,100,1,720000,0.7237152777777777,ok,,17874.018302715274,27799.8864584283,True,True
paper,paper-pareto-n100-d1,high_volume,validation,gp_mean_mf_mpc,0.01,1734,100,1,720000,0.9790972222222223,ok,,13035.314408794224,18683.4781889919,False,True
paper,paper-pareto-n100-d1,high_volume,validation,gp_mean_mf_mpc,0.03,1734,100,1,720000,0.6382291666666666,ok,,39090.7613212346,49805.295026527354,False,True
paper,paper-pareto-n100-d1,high_volume,validation,gp_mean_mf_mpc,0.07498942093324558,1734,100,1,720000,0.5040277777777777,ok,,56577.88083502722,65292.48396962209,True,True
paper,paper-pareto-n100-d1,high_volume,validation,gp_mean_mf_mpc,0.1,1734,100,1,720000,0.47138888888888886,ok,,64840.078239109,79116.54269446294,False,True
paper,paper-pareto-n100-d1,high_volume,validation,gp_mean_mf_mpc,0.3,1734,100,1,720000,0.3572222222222222,ok,,114096.02273568268,134903.1286632864,False,True
paper,paper-pareto-n100-d1,high_volume,validation,gp_mean_mf_mpc,1.0,1734,100,1,720000,0.2604166666666667,ok,,171925.44921865143,193629.596940122,False,True
paper,paper-pareto-n100-d1,high_volume,validation,gp_mean_mf_mpc,3.0,1734,100,1,720000,0.1948611111111111,ok,,301773.9378376945,330634.7143454798,False,True
paper,paper-pareto-n100-d1,high_volume,validation,gp_ucb_mf_mpc,0.01,1734,100,1,720000,0.99375,ok,,11708.154217516274,17166.963270333315,False,True
paper,paper-pareto-n100-d1,high_volume,validation,gp_ucb_mf_mpc,0.03,1734,100,1,720000,0.99375,ok,,11708.154217516274,17166.963270333315,False,True
paper,paper-pareto-n100-d1,high_volume,validation,gp_ucb_mf_mpc,0.1,1734,100,1,720000,0.99375,ok,,11708.154217516274,17166.963270333315,False,True
paper,paper-pareto-n100-d1,high_volume,validation,gp_ucb_mf_mpc,0.3,1734,100,1,720000,0.9927083333333333,ok,,11573.73356173626,17853.7499755926,False,True
paper,paper-pareto-n100-d1,high_volume,validation,gp_ucb_mf_mpc,1.0,1734,100,1,720000,0.9857291666666668,ok,,12126.232637549407,16889.846815169243,False,True
paper,paper-pareto-n100-d1,high_volume,validation,gp_ucb_mf_mpc,3.0,1734,100,1,720000,0.9784375,ok,,12364.17975984903,18030.502095159485,False,True
paper,paper-pareto-n100-d1,high_volume,validation,gp_ucb_mf_mpc,100.0,1734,100,1,720000,0.9638888888888889,ok,,14082.550169943344,19246.43321977461,True,True
paper,paper-pareto-n100-d1,high_volume,validation,oracle_mf_mpc,0.01,1734,100,1,720000,0.9911805555555556,ok,,11840.328423109324,16819.270870345445,False,True
paper,paper-pareto-n100-d1,high_volume,validation,oracle_mf_mpc,0.03,1734,100,1,720000,0.8315972222222223,ok,,15526.591960748641,20706.120947750187,False,True
paper,paper-pareto-n100-d1,high_volume,validation,oracle_mf_mpc,0.1,1734,100,1,720000,0.8001736111111112,ok,,16378.034221062682,22119.911515544856,False,True
paper,paper-pareto-n100-d1,high_volume,validation,oracle_mf_mpc,0.3,1734,100,1,720000,0.786875,ok,,17191.398872767266,25771.12103062648,False,True
paper,paper-pareto-n100-d1,high_volume,validation,oracle_mf_mpc,1.0,1734,100,1,720000,0.7707986111111111,ok,,16018.177429332613,24278.446257903404,False,True
paper,paper-pareto-n100-d1,high_volume,validation,oracle_mf_mpc,3.0,1734,100,1,720000,0.7549305555555555,ok,,16087.631971950124,22502.55433271671,False,True
paper,paper-pareto-n100-d1,high_volume,validation,oracle_mf_mpc,100.0,1734,100,1,720000,0.7295138888888889,ok,,15452.555891141823,22666.506595234645,True,True
paper,paper-pareto-n100-d1,high_volume,validation,seasonal_mf_mpc,0.01,1733,100,1,720000,0.9599652777777777,ok,,16865.934761444656,23201.70661701282,False,True
paper,paper-pareto-n100-d1,high_volume,validation,seasonal_mf_mpc,0.03,1733,100,1,720000,0.5995138888888889,ok,,114527.45922775015,138908.10553684583,False,True
paper,paper-pareto-n100-d1,high_volume,validation,seasonal_mf_mpc,0.1,1733,100,1,720000,0.5528472222222223,ok,,227547.5096776298,251453.12003556755,False,True
paper,paper-pareto-n100-d1,high_volume,validation,seasonal_mf_mpc,0.3,1733,100,1,720000,0.5305555555555556,ok,,299129.892762832,328871.4709256791,False,True
paper,paper-pareto-n100-d1,high_volume,validation,seasonal_mf_mpc,1.0,1733,100,1,720000,0.5107638888888889,ok,,402595.128849312,445947.5287590637,False,True
paper,paper-pareto-n100-d1,high_volume,validation,seasonal_mf_mpc,3.0,1733,100,1,720000,0.5013541666666667,ok,,436469.99561590364,483949.5672384388,False,True
paper,paper-pareto-n100-d1,high_volume,validation,seasonal_mf_mpc,100.0,1733,100,1,720000,0.4888888888888889,ok,,454817.5341884737,502326.12670666183,True,True
paper,paper-pareto-n100-d1,high_volume,validation,ewma_mf_mpc,0.01,1733,100,1,720000,0.99375,ok,,14088.5847010985,20978.685650902615,False,True
paper,paper-pareto-n100-d1,high_volume,validation,ewma_mf_mpc,0.03,1733,100,1,720000,0.9450347222222223,ok,,13894.130486252374,19892.841950033966,False,True
paper,paper-pareto-n100-d1,high_volume,validation,ewma_mf_mpc,0.1,1733,100,1,720000,0.9097222222222223,ok,,15633.423359966144,21066.549312585415,False,True
paper,paper-pareto-n100-d1,high_volume,validation,ewma_mf_mpc,0.3,1733,100,1,720000,0.8740277777777777,ok,,17321.812090459633,23378.776164621864,False,True
paper,paper-pareto-n100-d1,high_volume,validation,ewma_mf_mpc,1.0,1733,100,1,720000,0.8298263888888888,ok,,19240.6615181586,29881.216404797615,False,True
paper,paper-pareto-n100-d1,high_volume,validation,ewma_mf_mpc,3.0,1733,100,1,720000,0.7910416666666668,ok,,21567.605323219104,27920.09568547879,False,True
paper,paper-pareto-n100-d1,high_volume,validation,ewma_mf_mpc,100.0,1733,100,1,720000,0.7237152777777777,ok,,28713.728272668977,37711.815229355445,True,True
paper,paper-pareto-n100-d1,high_volume,validation,gp_mean_mf_mpc,0.01,1733,100,1,720000,0.9790972222222223,ok,,14826.234166929205,20559.64115418713,False,True
paper,paper-pareto-n100-d1,high_volume,validation,gp_mean_mf_mpc,0.03,1733,100,1,720000,0.6382291666666666,ok,,38958.22206258819,45580.43415039597,False,True
paper,paper-pareto-n100-d1,high_volume,validation,gp_mean_mf_mpc,0.07498942093324558,1733,100,1,720000,0.5040277777777777,ok,,56225.61162586514,66224.64576889732,True,True
paper,paper-pareto-n100-d1,high_volume,validation,gp_mean_mf_mpc,0.1,1733,100,1,720000,0.47138888888888886,ok,,67528.8584166679,85145.01026646163,False,True
paper,paper-pareto-n100-d1,high_volume,validation,gp_mean_mf_mpc,0.3,1733,100,1,720000,0.3572222222222222,ok,,117205.30692435337,134650.54639793892,False,True
paper,paper-pareto-n100-d1,high_volume,validation,gp_mean_mf_mpc,1.0,1733,100,1,720000,0.2604166666666667,ok,,170912.50952075433,198062.8037783063,False,True
paper,paper-pareto-n100-d1,high_volume,validation,gp_mean_mf_mpc,3.0,1733,100,1,720000,0.1948611111111111,ok,,302871.93965370586,323913.6712912031,False,True
paper,paper-pareto-n100-d1,high_volume,validation,gp_ucb_mf_mpc,0.01,1733,100,1,720000,0.99375,ok,,14088.5847010985,20978.685650902615,False,True
paper,paper-pareto-n100-d1,high_volume,validation,gp_ucb_mf_mpc,0.03,1733,100,1,720000,0.99375,ok,,14088.5847010985,20978.685650902615,False,True
paper,paper-pareto-n100-d1,high_volume,validation,gp_ucb_mf_mpc,0.1,1733,100,1,720000,0.99375,ok,,14088.5847010985,20978.685650902615,False,True
paper,paper-pareto-n100-d1,high_volume,validation,gp_ucb_mf_mpc,0.3,1733,100,1,720000,0.9927083333333333,ok,,13310.797257706683,20688.818827311225,False,True
paper,paper-pareto-n100-d1,high_volume,validation,gp_ucb_mf_mpc,1.0,1733,100,1,720000,0.9857291666666668,ok,,14126.756191282244,21428.78117787624,False,True
paper,paper-pareto-n100-d1,high_volume,validation,gp_ucb_mf_mpc,3.0,1733,100,1,720000,0.9784375,ok,,14666.861132073896,21057.782179443955,False,True
paper,paper-pareto-n100-d1,high_volume,validation,gp_ucb_mf_mpc,100.0,1733,100,1,720000,0.9638888888888889,ok,,16025.82869196322,23976.292709256555,True,True
paper,paper-pareto-n100-d1,high_volume,validation,oracle_mf_mpc,0.01,1733,100,1,720000,0.9911805555555556,ok,,13628.329903510532,20708.449338305585,False,True
paper,paper-pareto-n100-d1,high_volume,validation,oracle_mf_mpc,0.03,1733,100,1,720000,0.8315972222222223,ok,,20819.588853019337,27681.137617801483,False,True
paper,paper-pareto-n100-d1,high_volume,validation,oracle_mf_mpc,0.1,1733,100,1,720000,0.8001736111111112,ok,,26231.2544646784,37199.48853400699,False,True
paper,paper-pareto-n100-d1,high_volume,validation,oracle_mf_mpc,0.3,1733,100,1,720000,0.786875,ok,,25750.73982206485,40769.20524635491,False,True
paper,paper-pareto-n100-d1,high_volume,validation,oracle_mf_mpc,1.0,1733,100,1,720000,0.7707986111111111,ok,,19947.150621127505,32367.948399903733,False,True
paper,paper-pareto-n100-d1,high_volume,validation,oracle_mf_mpc,3.0,1733,100,1,720000,0.7549305555555555,ok,,19918.235057036745,30143.080254023487,False,True
paper,paper-pareto-n100-d1,high_volume,validation,oracle_mf_mpc,100.0,1733,100,1,720000,0.7295138888888889,ok,,20818.216734193164,33608.13402709421,True,True
paper,paper-pareto-n100-d1,high_volume,validation,seasonal_mf_mpc,0.01,1730,100,1,720000,0.9599652777777777,ok,,14809.823660443924,20670.111131772115,False,True
paper,paper-pareto-n100-d1,high_volume,validation,seasonal_mf_mpc,0.03,1730,100,1,720000,0.5995138888888889,ok,,104669.48743396872,116972.6905711193,False,True
paper,paper-pareto-n100-d1,high_volume,validation,seasonal_mf_mpc,0.1,1730,100,1,720000,0.5528472222222223,ok,,209396.75889479046,235989.68093832405,False,True
paper,paper-pareto-n100-d1,high_volume,validation,seasonal_mf_mpc,0.3,1730,100,1,720000,0.5305555555555556,ok,,290068.66116217163,323867.41793226724,False,True
paper,paper-pareto-n100-d1,high_volume,validation,seasonal_mf_mpc,1.0,1730,100,1,720000,0.5107638888888889,ok,,411274.3861629026,455121.97021281143,False,True
paper,paper-pareto-n100-d1,high_volume,validation,seasonal_mf_mpc,3.0,1730,100,1,720000,0.5013541666666667,ok,,423299.0647836952,467347.35876143805,False,True
paper,paper-pareto-n100-d1,high_volume,validation,seasonal_mf_mpc,100.0,1730,100,1,720000,0.4888888888888889,ok,,428428.32245542575,476216.72165548505,True,True
paper,paper-pareto-n100-d1,high_volume,validation,ewma_mf_mpc,0.01,1730,100,1,720000,0.99375,ok,,10952.757090473651,17361.91259305293,False,True
paper,paper-pareto-n100-d1,high_volume,validation,ewma_mf_mpc,0.03,1730,100,1,720000,0.9450347222222223,ok,,11416.092956958282,17760.422887751465,False,True
paper,paper-pareto-n100-d1,high_volume,validation,ewma_mf_mpc,0.1,1730,100,1,720000,0.9097222222222223,ok,,11514.107329731014,18566.535945324154,False,True
paper,paper-pareto-n100-d1,high_volume,validation,ewma_mf_mpc,0.3,1730,100,1,720000,0.8740277777777777,ok,,13584.496211566602,19045.455585777298,False,True
paper,paper-pareto-n100-d1,high_volume,validation,ewma_mf_mpc,1.0,1730,100,1,720000,0.8298263888888888,ok,,15135.003893037134,19681.275901742254,False,True
paper,paper-pareto-n100-d1,high_volume,validation,ewma_mf_mpc,3.0,1730,100,1,720000,0.7910416666666668,ok,,16209.230753906208,22214.253413499868,False,True
paper,paper-pareto-n100-d1,high_volume,validation,ewma_mf_mpc,100.0,1730,100,1,720000,0.7237152777777777,ok,,18643.54992387845,28239.50395343603,True,True
paper,paper-pareto-n100-d1,high_volume,validation,gp_mean_mf_mpc,0.01,1730,100,1,720000,0.9790972222222223,ok,,12200.22728860715,18956.95616247219,False,True
paper,paper-pareto-n100-d1,high_volume,validation,gp_mean_mf_mpc,0.03,1730,100,1,720000,0.6382291666666666,ok,,35809.32408020318,42728.79472844355,False,True
paper,paper-pareto-n100-d1,high_volume,validation,gp_mean_mf_mpc,0.07498942093324558,1730,100,1,720000,0.5040277777777777,ok,,53459.350703381286,59821.072878547624,True,True
paper,paper-pareto-n100-d1,high_volume,validation,gp_mean_mf_mpc,0.1,1730,100,1,720000,0.47138888888888886,ok,,61992.69301980722,70312.27453062336,False,True
paper,paper-pareto-n100-d1,high_volume,validation,gp_mean_mf_mpc,0.3,1730,100,1,720000,0.3572222222222222,ok,,109898.87737463924,125511.85272977689,False,True
paper,paper-pareto-n100-d1,high_volume,validation,gp_mean_mf_mpc,1.0,1730,100,1,720000,0.2604166666666667,ok,,168538.45483963186,188754.53701418027,False,True
paper,paper-pareto-n100-d1,high_volume,validation,gp_mean_mf_mpc,3.0,1730,100,1,720000,0.1948611111111111,ok,,294383.9899019466,325493.7639294576,False,True
paper,paper-pareto-n100-d1,high_volume,validation,gp_ucb_mf_mpc,0.01,1730,100,1,720000,0.99375,ok,,10952.757090473651,17361.91259305293,False,True
paper,paper-pareto-n100-d1,high_volume,validation,gp_ucb_mf_mpc,0.03,1730,100,1,720000,0.99375,ok,,10952.757090473651,17361.91259305293,False,True
paper,paper-pareto-n100-d1,high_volume,validation,gp_ucb_mf_mpc,0.1,1730,100,1,720000,0.99375,ok,,10952.757090473651,17361.91259305293,False,True
paper,paper-pareto-n100-d1,high_volume,validation,gp_ucb_mf_mpc,0.3,1730,100,1,720000,0.9927083333333333,ok,,11220.937132433755,16932.812237925325,False,True
paper,paper-pareto-n100-d1,high_volume,validation,gp_ucb_mf_mpc,1.0,1730,100,1,720000,0.9857291666666668,ok,,11443.689839801935,17816.866493128655,False,True
paper,paper-pareto-n100-d1,high_volume,validation,gp_ucb_mf_mpc,3.0,1730,100,1,720000,0.9784375,ok,,11907.992146790715,17633.462740042778,False,True
paper,paper-pareto-n100-d1,high_volume,validation,gp_ucb_mf_mpc,100.0,1730,100,1,720000,0.9638888888888889,ok,,13784.216633737813,19312.572346225206,True,True
paper,paper-pareto-n100-d1,high_volume,validation,oracle_mf_mpc,0.01,1730,100,1,720000,0.9911805555555556,ok,,10995.050412855802,17943.37777052003,False,True
paper,paper-pareto-n100-d1,high_volume,validation,oracle_mf_mpc,0.03,1730,100,1,720000,0.8315972222222223,ok,,16700.64691345312,22836.582516071598,False,True
paper,paper-pareto-n100-d1,high_volume,validation,oracle_mf_mpc,0.1,1730,100,1,720000,0.8001736111111112,ok,,16432.35549735816,22909.38915633224,False,True
paper,paper-pareto-n100-d1,high_volume,validation,oracle_mf_mpc,0.3,1730,100,1,720000,0.786875,ok,,16084.680673205972,21958.120391978413,False,True
paper,paper-pareto-n100-d1,high_volume,validation,oracle_mf_mpc,1.0,1730,100,1,720000,0.7707986111111111,ok,,16026.23885813318,22808.962524261944,False,True
paper,paper-pareto-n100-d1,high_volume,validation,oracle_mf_mpc,3.0,1730,100,1,720000,0.7549305555555555,ok,,16698.99111748694,21351.1765863861,False,True
paper,paper-pareto-n100-d1,high_volume,validation,oracle_mf_mpc,100.0,1730,100,1,720000,0.7295138888888889,ok,,16017.088887483293,21583.121830617758,True,True
paper,paper-pareto-n100-d1,high_volume,validation,seasonal_mf_mpc,0.01,1731,100,1,720000,0.9599652777777777,ok,,15820.358563942842,20925.32783432442,False,True
paper,paper-pareto-n100-d1,high_volume,validation,seasonal_mf_mpc,0.03,1731,100,1,720000,0.5995138888888889,ok,,112088.91802786732,121420.57517180908,False,True
paper,paper-pareto-n100-d1,high_volume,validation,seasonal_mf_mpc,0.1,1731,100,1,720000,0.5528472222222223,ok,,225342.76018949124,248580.4591880967,False,True
paper,paper-pareto-n100-d1,high_volume,validation,seasonal_mf_mpc,0.3,1731,100,1,720000,0.5305555555555556,ok,,295398.11384694924,328745.15074999235,False,True
paper,paper-pareto-n100-d1,high_volume,validation,seasonal_mf_mpc,1.0,1731,100,1,720000,0.5107638888888889,ok,,418393.08174936974,458836.5416891191,False,True
paper,paper-pareto-n100-d1,high_volume,validation,seasonal_mf_mpc,3.0,1731,100,1,720000,0.5013541666666667,ok,,449820.5272596766,494441.4018339451,False,True
paper,paper-pareto-n100-d1,high_volume,validation,seasonal_mf_mpc,100.0,1731,100,1,720000,0.4888888888888889,ok,,449895.33567292633,489842.2096389678,True,True
paper,paper-pareto-n100-d1,high_volume,validation,ewma_mf_mpc,0.01,1731,100,1,720000,0.99375,ok,,12204.338787163762,18616.651639054664,False,True
paper,paper-pareto-n100-d1,high_volume,validation,ewma_mf_mpc,0.03,1731,100,1,720000,0.9450347222222223,ok,,12900.052786407185,18362.284737208178,False,True
paper,paper-pareto-n100-d1,high_volume,validation,ewma_mf_mpc,0.1,1731,100,1,720000,0.9097222222222223,ok,,13920.972114182494,19495.84118067437,False,True
paper,paper-pareto-n100-d1,high_volume,validation,ewma_mf_mpc,0.3,1731,100,1,720000,0.8740277777777777,ok,,14985.000079371745,20495.829449669465,False,True
paper,paper-pareto-n100-d1,high_volume,validation,ewma_mf_mpc,1.0,1731,100,1,720000,0.8298263888888888,ok,,16547.494626370546,22790.985942631556,False,True
paper,paper-pareto-n100-d1,high_volume,validation,ewma_mf_mpc,3.0,1731,100,1,720000,0.7910416666666668,ok,,17562.993452955136,25576.663510557053,False,True
paper,paper-pareto-n100-d1,high_volume,validation,ewma_mf_mpc,100.0,1731,100,1,720000,0.7237152777777777,ok,,22535.881994851843,30992.92785798311,True,True
paper,paper-pareto-n100-d1,high_volume,validation,gp_mean_mf_mpc,0.01,1731,100,1,720000,0.9790972222222223,ok,,13989.573156432096,19396.996030256178,False,True
paper,paper-pareto-n100-d1,high_volume,validation,gp_mean_mf_mpc,0.03,1731,100,1,720000,0.6382291666666666,ok,,37953.53738244901,47084.42248798867,False,True
paper,paper-pareto-n100-d1,high_volume,validation,gp_mean_mf_mpc,0.07498942093324558,1731,100,1,720000,0.5040277777777777,ok,,57020.68826310636,69433.20979513477,True,True
paper,paper-pareto-n100-d1,high_volume,validation,gp_mean_mf_mpc,0.1,1731,100,1,720000,0.47138888888888886,ok,,65351.6277279508,75020.11755198572,False,True
paper,paper-pareto-n100-d1,high_volume,validation,gp_mean_mf_mpc,0.3,1731,100,1,720000,0.3572222222222222,ok,,116178.77777896203,129976.75890847178,False,True
paper,paper-pareto-n100-d1,high_volume,validation,gp_mean_mf_mpc,1.0,1731,100,1,720000,0.2604166666666667,ok,,174594.7294090345,194981.21716430617,False,True
paper,paper-pareto-n100-d1,high_volume,validation,gp_mean_mf_mpc,3.0,1731,100,1,720000,0.1948611111111111,ok,,291928.3303438513,313803.0643338824,False,True
paper,paper-pareto-n100-d1,high_volume,validation,gp_ucb_mf_mpc,0.01,1731,100,1,720000,0.99375,ok,,12204.338787163762,18616.651639054664,False,True
paper,paper-pareto-n100-d1,high_volume,validation,gp_ucb_mf_mpc,0.03,1731,100,1,720000,0.99375,ok,,12204.338787163762,18616.651639054664,False,True
paper,paper-pareto-n100-d1,high_volume,validation,gp_ucb_mf_mpc,0.1,1731,100,1,720000,0.99375,ok,,12204.338787163762,18616.651639054664,False,True
paper,paper-pareto-n100-d1,high_volume,validation,gp_ucb_mf_mpc,0.3,1731,100,1,720000,0.9927083333333333,ok,,12421.219888374444,18536.531880423456,False,True
paper,paper-pareto-n100-d1,high_volume,validation,gp_ucb_mf_mpc,1.0,1731,100,1,720000,0.9857291666666668,ok,,12751.529828341825,18748.984732140638,False,True
paper,paper-pareto-n100-d1,high_volume,validation,gp_ucb_mf_mpc,3.0,1731,100,1,720000,0.9784375,ok,,13110.796365439259,19793.222427325258,False,True
paper,paper-pareto-n100-d1,high_volume,validation,gp_ucb_mf_mpc,100.0,1731,100,1,720000,0.9638888888888889,ok,,14588.635778456555,21838.584008239744,True,True
paper,paper-pareto-n100-d1,high_volume,validation,oracle_mf_mpc,0.01,1731,100,1,720000,0.9911805555555556,ok,,12244.799710259938,18528.31469990689,False,True
paper,paper-pareto-n100-d1,high_volume,validation,oracle_mf_mpc,0.03,1731,100,1,720000,0.8315972222222223,ok,,18511.18033568932,25353.792246883946,False,True
paper,paper-pareto-n100-d1,high_volume,validation,oracle_mf_mpc,0.1,1731,100,1,720000,0.8001736111111112,ok,,19346.066296139157,32943.89760200075,False,True
paper,paper-pareto-n100-d1,high_volume,validation,oracle_mf_mpc,0.3,1731,100,1,720000,0.786875,ok,,19267.029200222187,24649.87363184231,False,True
paper,paper-pareto-n100-d1,high_volume,validation,oracle_mf_mpc,1.0,1731,100,1,720000,0.7707986111111111,ok,,19553.752696495765,28823.57143552004,False,True
paper,paper-pareto-n100-d1,high_volume,validation,oracle_mf_mpc,3.0,1731,100,1,720000,0.7549305555555555,ok,,19286.349965007925,27132.179102527618,False,True
paper,paper-pareto-n100-d1,high_volume,validation,oracle_mf_mpc,100.0,1731,100,1,720000,0.7295138888888889,ok,,16770.159176554924,27479.099575665197,True,True
paper,paper-pareto-n100-d1,high_volume,validation,seasonal_mf_mpc,0.01,1732,100,1,720000,0.9599652777777777,ok,,15388.015852248644,22492.28187069198,False,True
paper,paper-pareto-n100-d1,high_volume,validation,seasonal_mf_mpc,0.03,1732,100,1,720000,0.5995138888888889,ok,,111321.206924124,128852.28059219234,False,True
paper,paper-pareto-n100-d1,high_volume,validation,seasonal_mf_mpc,0.1,1732,100,1,720000,0.5528472222222223,ok,,219432.582531993,242959.8921721707,False,True
paper,paper-pareto-n100-d1,high_volume,validation,seasonal_mf_mpc,0.3,1732,100,1,720000,0.5305555555555556,ok,,303826.91211742454,345468.33663463563,False,True
paper,paper-pareto-n100-d1,high_volume,validation,seasonal_mf_mpc,1.0,1732,100,1,720000,0.5107638888888889,ok,,416283.44852485403,472284.66008493106,False,True
paper,paper-pareto-n100-d1,high_volume,validation,seasonal_mf_mpc,3.0,1732,100,1,720000,0.5013541666666667,ok,,447193.2816650275,493513.99201538286,False,True
paper,paper-pareto-n100-d1,high_volume,validation,seasonal_mf_mpc,100.0,1732,100,1,720000,0.4888888888888889,ok,,450362.98038126144,494488.46617136133,True,True
paper,paper-pareto-n100-d1,high_volume,validation,ewma_mf_mpc,0.01,1732,100,1,720000,0.99375,ok,,12242.167882096814,16977.762131393232,False,True
paper,paper-pareto-n100-d1,high_volume,validation,ewma_mf_mpc,0.03,1732,100,1,720000,0.9450347222222223,ok,,11956.320153824414,17073.6513613286,False,True
paper,paper-pareto-n100-d1,high_volume,validation,ewma_mf_mpc,0.1,1732,100,1,720000,0.9097222222222223,ok,,13312.54570502048,18334.532164984947,False,True
paper,paper-pareto-n100-d1,high_volume,validation,ewma_mf_mpc,0.3,1732,100,1,720000,0.8740277777777777,ok,,14320.546052104015,20103.074902808858,False,True
paper,paper-pareto-n100-d1,high_volume,validation,ewma_mf_mpc,1.0,1732,100,1,720000,0.8298263888888888,ok,,15856.024007889773,20844.932893889272,False,True
paper,paper-pareto-n100-d1,high_volume,validation,ewma_mf_mpc,3.0,1732,100,1,720000,0.7910416666666668,ok,,17185.617159336296,24203.8821421227,False,True
paper,paper-pareto-n100-d1,high_volume,validation,ewma_mf_mpc,100.0,1732,100,1,720000,0.7237152777777777,ok,,18882.832707939306,25624.05069676736,True,True
paper,paper-pareto-n100-d1,high_volume,validation,gp_mean_mf_mpc,0.01,1732,100,1,720000,0.9790972222222223,ok,,13032.23883986981,18489.14150523825,False,True
paper,paper-pareto-n100-d1,high_volume,validation,gp_mean_mf_mpc,0.03,1732,100,1,720000,0.6382291666666666,ok,,36719.262232001376,46396.24576280201,False,True
paper,paper-pareto-n100-d1,high_volume,validation,gp_mean_mf_mpc,0.07498942093324558,1732,100,1,720000,0.5040277777777777,ok,,56659.792291899896,65873.23731623069,True,True
paper,paper-pareto-n100-d1,high_volume,validation,gp_mean_mf_mpc,0.1,1732,100,1,720000,0.47138888888888886,ok,,67999.30801495901,79969.94143821672,False,True
paper,paper-pareto-n100-d1,high_volume,validation,gp_mean_mf_mpc,0.3,1732,100,1,720000,0.3572222222222222,ok,,112769.55659574029,124797.0329156534,False,True
paper,paper-pareto-n100-d1,high_volume,validation,gp_mean_mf_mpc,1.0,1732,100,1,720000,0.2604166666666667,ok,,179794.442262703,212486.0380254076,False,True
paper,paper-pareto-n100-d1,high_volume,validation,gp_mean_mf_mpc,3.0,1732,100,1,720000,0.1948611111111111,ok,,297464.21520855743,322815.83726364904,False,True
paper,paper-pareto-n100-d1,high_volume,validation,gp_ucb_mf_mpc,0.01,1732,100,1,720000,0.99375,ok,,12242.167882096814,16977.762131393232,False,True
paper,paper-pareto-n100-d1,high_volume,validation,gp_ucb_mf_mpc,0.03,1732,100,1,720000,0.99375,ok,,12242.167882096814,16977.762131393232,False,True
paper,paper-pareto-n100-d1,high_volume,validation,gp_ucb_mf_mpc,0.1,1732,100,1,720000,0.99375,ok,,12242.167882096814,16977.762131393232,False,True
paper,paper-pareto-n100-d1,high_volume,validation,gp_ucb_mf_mpc,0.3,1732,100,1,720000,0.9927083333333333,ok,,11876.558853960301,17808.81369051977,False,True
paper,paper-pareto-n100-d1,high_volume,validation,gp_ucb_mf_mpc,1.0,1732,100,1,720000,0.9857291666666668,ok,,12340.53119153439,17399.066593995904,False,True
paper,paper-pareto-n100-d1,high_volume,validation,gp_ucb_mf_mpc,3.0,1732,100,1,720000,0.9784375,ok,,12713.213950608175,17345.18436597741,False,True
paper,paper-pareto-n100-d1,high_volume,validation,gp_ucb_mf_mpc,100.0,1732,100,1,720000,0.9638888888888889,ok,,14368.440213378079,19792.49078923301,True,True
paper,paper-pareto-n100-d1,high_volume,validation,oracle_mf_mpc,0.01,1732,100,1,720000,0.9911805555555556,ok,,12336.884165219262,18082.66031785146,False,True
paper,paper-pareto-n100-d1,high_volume,validation,oracle_mf_mpc,0.03,1732,100,1,720000,0.8315972222222223,ok,,16344.336673865977,22882.38050930374,False,True
paper,paper-pareto-n100-d1,high_volume,validation,oracle_mf_mpc,0.1,1732,100,1,720000,0.8001736111111112,ok,,15646.663481659516,22160.26325090565,False,True
paper,paper-pareto-n100-d1,high_volume,validation,oracle_mf_mpc,0.3,1732,100,1,720000,0.786875,ok,,17435.277697826557,36860.80749643467,False,True
paper,paper-pareto-n100-d1,high_volume,validation,oracle_mf_mpc,1.0,1732,100,1,720000,0.7707986111111111,ok,,16688.794180307435,26519.14311618803,False,True
paper,paper-pareto-n100-d1,high_volume,validation,oracle_mf_mpc,3.0,1732,100,1,720000,0.7549305555555555,ok,,16271.83535816136,23634.23250225787,False,True
paper,paper-pareto-n100-d1,high_volume,validation,oracle_mf_mpc,100.0,1732,100,1,720000,0.7295138888888889,ok,,17895.008750543228,23754.234945353,True,True
paper,paper-pareto-n100-d1,high_volume,validation,seasonal_mf_mpc,0.01,1729,100,1,720000,0.9599652777777777,ok,,14045.087129614238,19399.16691297904,False,True
paper,paper-pareto-n100-d1,high_volume,validation,seasonal_mf_mpc,0.03,1729,100,1,720000,0.5995138888888889,ok,,105991.57590389777,116885.60609784945,False,True
paper,paper-pareto-n100-d1,high_volume,validation,seasonal_mf_mpc,0.1,1729,100,1,720000,0.5528472222222223,ok,,203565.93260422396,230261.04966495297,False,True
paper,paper-pareto-n100-d1,high_volume,validation,seasonal_mf_mpc,0.3,1729,100,1,720000,0.5305555555555556,ok,,285661.57762991625,319031.58685208025,False,True
paper,paper-pareto-n100-d1,high_volume,validation,seasonal_mf_mpc,1.0,1729,100,1,720000,0.5107638888888889,ok,,410300.05596501724,470320.5940447885,False,True
paper,paper-pareto-n100-d1,high_volume,validation,seasonal_mf_mpc,3.0,1729,100,1,720000,0.5013541666666667,ok,,423604.87833762355,476027.9290503374,False,True
paper,paper-pareto-n100-d1,high_volume,validation,seasonal_mf_mpc,100.0,1729,100,1,720000,0.4888888888888889,ok,,420448.44017808954,466798.74414806016,True,True
paper,paper-pareto-n100-d1,high_volume,validation,ewma_mf_mpc,0.01,1729,100,1,720000,0.99375,ok,,10627.296645194254,16001.334002229672,False,True
paper,paper-pareto-n100-d1,high_volume,validation,ewma_mf_mpc,0.03,1729,100,1,720000,0.9450347222222223,ok,,10537.179533173807,17103.890108989606,False,True
paper,paper-pareto-n100-d1,high_volume,validation,ewma_mf_mpc,0.1,1729,100,1,720000,0.9097222222222223,ok,,11367.208668238478,16863.677504457686,False,True
paper,paper-pareto-n100-d1,high_volume,validation,ewma_mf_mpc,0.3,1729,100,1,720000,0.8740277777777777,ok,,12818.769463218512,18976.18173809626,False,True
paper,paper-pareto-n100-d1,high_volume,validation,ewma_mf_mpc,1.0,1729,100,1,720000,0.8298263888888888,ok,,14296.960946692268,20063.30790972709,False,True
paper,paper-pareto-n100-d1,high_volume,validation,ewma_mf_mpc,3.0,1729,100,1,720000,0.7910416666666668,ok,,15252.054786465571,21709.65650825318,False,True
paper,paper-pareto-n100-d1,high_volume,validation,ewma_mf_mpc,100.0,1729,100,1,720000,0.7237152777777777,ok,,17616.687848560996,29133.791930046,True,True
paper,paper-pareto-n100-d1,high_volume,validation,gp_mean_mf_mpc,0.01,1729,100,1,720000,0.9790972222222223,ok,,11271.48589460847,17657.643534421415,False,True
paper,paper-pareto-n100-d1,high_volume,validation,gp_mean_mf_mpc,0.03,1729,100,1,720000,0.6382291666666666,ok,,36112.973405968194,44653.539651681,False,True
paper,paper-pareto-n100-d1,high_volume,validation,gp_mean_mf_mpc,0.07498942093324558,1729,100,1,720000,0.5040277777777777,ok,,54657.35919847638,61475.55111281376,True,True
paper,paper-pareto-n100-d1,high_volume,validation,gp_mean_mf_mpc,0.1,1729,100,1,720000,0.47138888888888886,ok,,61131.40435100354,72192.31958025545,False,True
paper,paper-pareto-n100-d1,high_volume,validation,gp_mean_mf_mpc,0.3,1729,100,1,720000,0.3572222222222222,ok,,108667.77337178304,123080.22975885,False,True
paper,paper-pareto-n100-d1,high_volume,validation,gp_mean_mf_mpc,1.0,1729,100,1,720000,0.2604166666666667,ok,,165261.48287544824,186322.14204122193,False,True
paper,paper-pareto-n100-d1,high_volume,validation,gp_mean_mf_mpc,3.0,1729,100,1,720000,0.1948611111111111,ok,,281681.6267647775,313748.3531066615,False,True
paper,paper-pareto-n100-d1,high_volume,validation,gp_ucb_mf_mpc,0.01,1729,100,1,720000,0.99375,ok,,10627.296645194254,16001.334002229672,False,True
paper,paper-pareto-n100-d1,high_volume,validation,gp_ucb_mf_mpc,0.03,1729,100,1,720000,0.99375,ok,,10627.296645194254,16001.334002229672,False,True
paper,paper-pareto-n100-d1,high_volume,validation,gp_ucb_mf_mpc,0.1,1729,100,1,720000,0.99375,ok,,10627.296645194254,16001.334002229672,False,True
paper,paper-pareto-n100-d1,high_volume,validation,gp_ucb_mf_mpc,0.3,1729,100,1,720000,0.9927083333333333,ok,,10694.684683474916,16713.387050247497,False,True
paper,paper-pareto-n100-d1,high_volume,validation,gp_ucb_mf_mpc,1.0,1729,100,1,720000,0.9857291666666668,ok,,10882.197323792732,16813.313421108567,False,True
paper,paper-pareto-n100-d1,high_volume,validation,gp_ucb_mf_mpc,3.0,1729,100,1,720000,0.9784375,ok,,11289.571305225621,17432.868852941705,False,True
paper,paper-pareto-n100-d1,high_volume,validation,gp_ucb_mf_mpc,100.0,1729,100,1,720000,0.9638888888888889,ok,,13124.28319685385,18131.285802592254,True,True
paper,paper-pareto-n100-d1,high_volume,validation,oracle_mf_mpc,0.01,1729,100,1,720000,0.9911805555555556,ok,,10512.350540871943,16553.307814446376,False,True
paper,paper-pareto-n100-d1,high_volume,validation,oracle_mf_mpc,0.03,1729,100,1,720000,0.8315972222222223,ok,,15370.619670335798,21544.04845202053,False,True
paper,paper-pareto-n100-d1,high_volume,validation,oracle_mf_mpc,0.1,1729,100,1,720000,0.8001736111111112,ok,,16082.804694586526,23929.012936369178,False,True
paper,paper-pareto-n100-d1,high_volume,validation,oracle_mf_mpc,0.3,1729,100,1,720000,0.786875,ok,,14844.414176621305,21197.221039419375,False,True
paper,paper-pareto-n100-d1,high_volume,validation,oracle_mf_mpc,1.0,1729,100,1,720000,0.7707986111111111,ok,,15723.220604759992,22268.37850996237,False,True
paper,paper-pareto-n100-d1,high_volume,validation,oracle_mf_mpc,3.0,1729,100,1,720000,0.7549305555555555,ok,,15417.554521981738,22197.396471888052,False,True
paper,paper-pareto-n100-d1,high_volume,validation,oracle_mf_mpc,100.0,1729,100,1,720000,0.7295138888888889,ok,,13969.846971428899,21387.103162061263,True,True
paper,paper-pareto-n100-d1,high_volume,validation,seasonal_mf_mpc,0.01,1735,100,1,720000,0.9599652777777777,ok,,14729.500802405604,20427.323721851317,False,True
paper,paper-pareto-n100-d1,high_volume,validation,seasonal_mf_mpc,0.03,1735,100,1,720000,0.5995138888888889,ok,,106019.90059939779,120446.00502556974,False,True
paper,paper-pareto-n100-d1,high_volume,validation,seasonal_mf_mpc,0.1,1735,100,1,720000,0.5528472222222223,ok,,216222.65687465647,237341.97395317114,False,True
paper,paper-pareto-n100-d1,high_volume,validation,seasonal_mf_mpc,0.3,1735,100,1,720000,0.5305555555555556,ok,,286813.33812109526,315725.0549476371,False,True
paper,paper-pareto-n100-d1,high_volume,validation,seasonal_mf_mpc,1.0,1735,100,1,720000,0.5107638888888889,ok,,406814.0882553948,455736.78252296697,False,True
paper,paper-pareto-n100-d1,high_volume,validation,seasonal_mf_mpc,3.0,1735,100,1,720000,0.5013541666666667,ok,,423843.47125833586,469343.0160632364,False,True
paper,paper-pareto-n100-d1,high_volume,validation,seasonal_mf_mpc,100.0,1735,100,1,720000,0.4888888888888889,ok,,433819.52723409823,482104.0770012279,True,True
paper,paper-pareto-n100-d1,high_volume,validation,ewma_mf_mpc,0.01,1735,100,1,720000,0.99375,ok,,10761.943964151991,17526.301829241376,False,True
paper,paper-pareto-n100-d1,high_volume,validation,ewma_mf_mpc,0.03,1735,100,1,720000,0.9450347222222223,ok,,11253.097518901164,17991.42251224686,False,True
paper,paper-pareto-n100-d1,high_volume,validation,ewma_mf_mpc,0.1,1735,100,1,720000,0.9097222222222223,ok,,11978.92326604729,19736.06452786656,False,True
paper,paper-pareto-n100-d1,high_volume,validation,ewma_mf_mpc,0.3,1735,100,1,720000,0.8740277777777777,ok,,13798.620537419927,19035.60997679719,False,True
paper,paper-pareto-n100-d1,high_volume,validation,ewma_mf_mpc,1.0,1735,100,1,720000,0.8298263888888888,ok,,15171.221327927133,24902.564145021457,False,True
paper,paper-pareto-n100-d1,high_volume,validation,ewma_mf_mpc,3.0,1735,100,1,720000,0.7910416666666668,ok,,15958.58212387337,20526.751692148882,False,True
paper,paper-pareto-n100-d1,high_volume,validation,ewma_mf_mpc,100.0,1735,100,1,720000,0.7237152777777777,ok,,17762.469131887414,30012.39702228434,True,True
paper,paper-pareto-n100-d1,high_volume,validation,gp_mean_mf_mpc,0.01,1735,100,1,720000,0.9790972222222223,ok,,12343.331671990229,17978.46041887073,False,True
paper,paper-pareto-n100-d1,high_volume,validation,gp_mean_mf_mpc,0.03,1735,100,1,720000,0.6382291666666666,ok,,36143.845557986475,42664.55190228578,False,True
paper,paper-pareto-n100-d1,high_volume,validation,gp_mean_mf_mpc,0.07498942093324558,1735,100,1,720000,0.5040277777777777,ok,,55553.53662719663,65613.19118375392,True,True
paper,paper-pareto-n100-d1,high_volume,validation,gp_mean_mf_mpc,0.1,1735,100,1,720000,0.47138888888888886,ok,,59879.91346836785,73894.52346400486,False,True
paper,paper-pareto-n100-d1,high_volume,validation,gp_mean_mf_mpc,0.3,1735,100,1,720000,0.3572222222222222,ok,,109314.59330947239,123819.46594312107,False,True
paper,paper-pareto-n100-d1,high_volume,validation,gp_mean_mf_mpc,1.0,1735,100,1,720000,0.2604166666666667,ok,,168323.22152464095,185058.03614900733,False,True
paper,paper-pareto-n100-d1,high_volume,validation,gp_mean_mf_mpc,3.0,1735,100,1,720000,0.1948611111111111,ok,,279402.92836863827,312126.4040587799,False,True
paper,paper-pareto-n100-d1,high_volume,validation,gp_ucb_mf_mpc,0.01,1735,100,1,720000,0.99375,ok,,10761.943964151991,17526.301829241376,False,True
paper,paper-pareto-n100-d1,high_volume,validation,gp_ucb_mf_mpc,0.03,1735,100,1,720000,0.99375,ok,,10761.943964151991,17526.301829241376,False,True
paper,paper-pareto-n100-d1,high_volume,validation,gp_ucb_mf_mpc,0.1,1735,100,1,720000,0.99375,ok,,10761.943964151991,17526.301829241376,False,True
paper,paper-pareto-n100-d1,high_volume,validation,gp_ucb_mf_mpc,0.3,1735,100,1,720000,0.9927083333333333,ok,,11010.302704150507,17575.553301274318,False,True
paper,paper-pareto-n100-d1,high_volume,validation,gp_ucb_mf_mpc,1.0,1735,100,1,720000,0.9857291666666668,ok,,11501.59854494614,17585.245441478964,False,True
paper,paper-pareto-n100-d1,high_volume,validation,gp_ucb_mf_mpc,3.0,1735,100,1,720000,0.9784375,ok,,11814.449599035577,17739.239192610974,False,True
paper,paper-pareto-n100-d1,high_volume,validation,gp_ucb_mf_mpc,100.0,1735,100,1,720000,0.9638888888888889,ok,,12750.572600354566,20563.257312565805,True,True
paper,paper-pareto-n100-d1,high_volume,validation,oracle_mf_mpc,0.01,1735,100,1,720000,0.9911805555555556,ok,,10881.595238819898,17710.509370154617,False,True
paper,paper-pareto-n100-d1,high_volume,validation,oracle_mf_mpc,0.03,1735,100,1,720000,0.8315972222222223,ok,,15048.95625797908,20734.318573765016,False,True
paper,paper-pareto-n100-d1,high_volume,validation,oracle_mf_mpc,0.1,1735,100,1,720000,0.8001736111111112,ok,,16638.743857199435,24495.313980923853,False,True
paper,paper-pareto-n100-d1,high_volume,validation,oracle_mf_mpc,0.3,1735,100,1,720000,0.786875,ok,,15686.121941101235,21227.7762098658,False,True
paper,paper-pareto-n100-d1,high_volume,validation,oracle_mf_mpc,1.0,1735,100,1,720000,0.7707986111111111,ok,,15269.028789205477,22452.063570690367,False,True
paper,paper-pareto-n100-d1,high_volume,validation,oracle_mf_mpc,3.0,1735,100,1,720000,0.7549305555555555,ok,,16103.64856769296,21397.605256761428,False,True
paper,paper-pareto-n100-d1,high_volume,validation,oracle_mf_mpc,100.0,1735,100,1,720000,0.7295138888888889,ok,,14440.312373954897,22123.389163871212,True,True
paper,paper-pareto-n100-d1,high_volume,validation,seasonal_mf_mpc,0.01,1737,100,1,720000,0.9599652777777777,ok,,17256.39999065467,23439.09810391295,False,True
paper,paper-pareto-n100-d1,high_volume,validation,seasonal_mf_mpc,0.03,1737,100,1,720000,0.5995138888888889,ok,,113713.10157400032,136532.5034653385,False,True
paper,paper-pareto-n100-d1,high_volume,validation,seasonal_mf_mpc,0.1,1737,100,1,720000,0.5528472222222223,ok,,229156.1374019721,247898.0613501935,False,True
paper,paper-pareto-n100-d1,high_volume,validation,seasonal_mf_mpc,0.3,1737,100,1,720000,0.5305555555555556,ok,,294144.9437097029,327963.42484860786,False,True
paper,paper-pareto-n100-d1,high_volume,validation,seasonal_mf_mpc,1.0,1737,100,1,720000,0.5107638888888889,ok,,417486.9731661327,467319.2705656099,False,True
paper,paper-pareto-n100-d1,high_volume,validation,seasonal_mf_mpc,3.0,1737,100,1,720000,0.5013541666666667,ok,,439740.0997966109,489995.88918586966,False,True
paper,paper-pareto-n100-d1,high_volume,validation,seasonal_mf_mpc,100.0,1737,100,1,720000,0.4888888888888889,ok,,436780.7982611332,481807.7684280686,True,True
paper,paper-pareto-n100-d1,high_volume,validation,ewma_mf_mpc,0.01,1737,100,1,720000,0.99375,ok,,13856.48780160447,20071.32553614385,False,True
paper,paper-pareto-n100-d1,high_volume,validation,ewma_mf_mpc,0.03,1737,100,1,720000,0.9450347222222223,ok,,14273.541599080667,20873.70646364319,False,True
paper,paper-pareto-n100-d1,high_volume,validation,ewma_mf_mpc,0.1,1737,100,1,720000,0.9097222222222223,ok,,15605.724010982634,20966.308504518893,False,True
paper,paper-pareto-n100-d1,high_volume,validation,ewma_mf_mpc,0.3,1737,100,1,720000,0.8740277777777777,ok,,17180.10797109628,23112.482106163618,False,True
paper,paper-pareto-n100-d1,high_volume,validation,ewma_mf_mpc,1.0,1737,100,1,720000,0.8298263888888888,ok,,18545.13491258908,24395.12442541116,False,True
paper,paper-pareto-n100-d1,high_volume,validation,ewma_mf_mpc,3.0,1737,100,1,720000,0.7910416666666668,ok,,20336.33799960586,26112.062717187866,False,True
paper,paper-pareto-n100-d1,high_volume,validation,ewma_mf_mpc,100.0,1737,100,1,720000,0.7237152777777777,ok,,23398.153554917695,32069.142858418978,True,True
paper,paper-pareto-n100-d1,high_volume,validation,gp_mean_mf_mpc,0.01,1737,100,1,720000,0.9790972222222223,ok,,14678.108001683513,22750.953553204363,False,True
paper,paper-pareto-n100-d1,high_volume,validation,gp_mean_mf_mpc,0.03,1737,100,1,720000,0.6382291666666666,ok,,37108.44765618846,44205.82069809064,False,True
paper,paper-pareto-n100-d1,high_volume,validation,gp_mean_mf_mpc,0.07498942093324558,1737,100,1,720000,0.5040277777777777,ok,,57363.630986079406,68128.68658242912,True,True
paper,paper-pareto-n100-d1,high_volume,validation,gp_mean_mf_mpc,0.1,1737,100,1,720000,0.47138888888888886,ok,,66763.9102266609,79883.71556897499,False,True
paper,paper-pareto-n100-d1,high_volume,validation,gp_mean_mf_mpc,0.3,1737,100,1,720000,0.3572222222222222,ok,,113312.64443355416,128153.66828945826,False,True
paper,paper-pareto-n100-d1,high_volume,validation,gp_mean_mf_mpc,1.0,1737,100,1,720000,0.2604166666666667,ok,,172680.22587863565,190071.51984585825,False,True
paper,paper-pareto-n100-d1,high_volume,validation,gp_mean_mf_mpc,3.0,1737,100,1,720000,0.1948611111111111,ok,,308161.19774298597,336614.85880676913,False,True
paper,paper-pareto-n100-d1,high_volume,validation,gp_ucb_mf_mpc,0.01,1737,100,1,720000,0.99375,ok,,13856.48780160447,20071.32553614385,False,True
paper,paper-pareto-n100-d1,high_volume,validation,gp_ucb_mf_mpc,0.03,1737,100,1,720000,0.99375,ok,,13856.48780160447,20071.32553614385,False,True
paper,paper-pareto-n100-d1,high_volume,validation,gp_ucb_mf_mpc,0.1,1737,100,1,720000,0.99375,ok,,13856.48780160447,20071.32553614385,False,True
paper,paper-pareto-n100-d1,high_volume,validation,gp_ucb_mf_mpc,0.3,1737,100,1,720000,0.9927083333333333,ok,,13761.443853998593,20373.01174798074,False,True
paper,paper-pareto-n100-d1,high_volume,validation,gp_ucb_mf_mpc,1.0,1737,100,1,720000,0.9857291666666668,ok,,14459.122244116805,19902.88902280453,False,True
paper,paper-pareto-n100-d1,high_volume,validation,gp_ucb_mf_mpc,3.0,1737,100,1,720000,0.9784375,ok,,14805.830559601158,20442.860250010595,False,True
paper,paper-pareto-n100-d1,high_volume,validation,gp_ucb_mf_mpc,100.0,1737,100,1,720000,0.9638888888888889,ok,,16494.45308170637,22574.31762959863,True,True
paper,paper-pareto-n100-d1,high_volume,validation,oracle_mf_mpc,0.01,1737,100,1,720000,0.9911805555555556,ok,,13652.355387556363,19608.725099019546,False,True
paper,paper-pareto-n100-d1,high_volume,validation,oracle_mf_mpc,0.03,1737,100,1,720000,0.8315972222222223,ok,,22147.61500820925,28306.571663119994,False,True
paper,paper-pareto-n100-d1,high_volume,validation,oracle_mf_mpc,0.1,1737,100,1,720000,0.8001736111111112,ok,,22507.681013601108,30278.695752517808,False,True
paper,paper-pareto-n100-d1,high_volume,validation,oracle_mf_mpc,0.3,1737,100,1,720000,0.786875,ok,,20145.24380482666,28812.913790636318,False,True
paper,paper-pareto-n100-d1,high_volume,validation,oracle_mf_mpc,1.0,1737,100,1,720000,0.7707986111111111,ok,,20626.044603177328,28839.604999880496,False,True
paper,paper-pareto-n100-d1,high_volume,validation,oracle_mf_mpc,3.0,1737,100,1,720000,0.7549305555555555,ok,,20896.459667054693,32500.063245389785,False,True
paper,paper-pareto-n100-d1,high_volume,validation,oracle_mf_mpc,100.0,1737,100,1,720000,0.7295138888888889,ok,,21239.734566580624,26898.214289442865,True,True
paper,paper-pareto-n100-d1,high_volume,validation,seasonal_mf_mpc,0.01,1736,100,1,720000,0.9599652777777777,ok,,13740.61782432645,20246.909102346213,False,True
paper,paper-pareto-n100-d1,high_volume,validation,seasonal_mf_mpc,0.03,1736,100,1,720000,0.5995138888888889,ok,,104346.75780012664,121530.36717941923,False,True
paper,paper-pareto-n100-d1,high_volume,validation,seasonal_mf_mpc,0.1,1736,100,1,720000,0.5528472222222223,ok,,219351.61311049678,243646.80143577445,False,True
paper,paper-pareto-n100-d1,high_volume,validation,seasonal_mf_mpc,0.3,1736,100,1,720000,0.5305555555555556,ok,,299121.2730637537,335265.5175527704,False,True
paper,paper-pareto-n100-d1,high_volume,validation,seasonal_mf_mpc,1.0,1736,100,1,720000,0.5107638888888889,ok,,414079.5755052787,457481.73385991296,False,True
paper,paper-pareto-n100-d1,high_volume,validation,seasonal_mf_mpc,3.0,1736,100,1,720000,0.5013541666666667,ok,,442852.8172293475,486967.86435104505,False,True
paper,paper-pareto-n100-d1,high_volume,validation,seasonal_mf_mpc,100.0,1736,100,1,720000,0.4888888888888889,ok,,441357.70845835784,490015.2877686082,True,True
paper,paper-pareto-n100-d1,high_volume,validation,ewma_mf_mpc,0.01,1736,100,1,720000,0.99375,ok,,10585.368670092741,15575.077805773566,False,True
paper,paper-pareto-n100-d1,high_volume,validation,ewma_mf_mpc,0.03,1736,100,1,720000,0.9450347222222223,ok,,10623.466757631531,16122.11458615364,False,True
paper,paper-pareto-n100-d1,high_volume,validation,ewma_mf_mpc,0.1,1736,100,1,720000,0.9097222222222223,ok,,11623.615396052537,17412.539514678498,False,True
paper,paper-pareto-n100-d1,high_volume,validation,ewma_mf_mpc,0.3,1736,100,1,720000,0.8740277777777777,ok,,12808.990433380588,19234.880518712915,False,True
paper,paper-pareto-n100-d1,high_volume,validation,ewma_mf_mpc,1.0,1736,100,1,720000,0.8298263888888888,ok,,13822.748072731725,19221.722751692316,False,True
paper,paper-pareto-n100-d1,high_volume,validation,ewma_mf_mpc,3.0,1736,100,1,720000,0.7910416666666668,ok,,14912.872319065218,21903.703351510394,False,True
paper,paper-pareto-n100-d1,high_volume,validation,ewma_mf_mpc,100.0,1736,100,1,720000,0.7237152777777777,ok,,17970.459945633393,25696.661066440065,True,True
paper,paper-pareto-n100-d1,high_volume,validation,gp_mean_mf_mpc,0.01,1736,100,1,720000,0.9790972222222223,ok,,11824.64061868609,16728.71821139635,False,True
paper,paper-pareto-n100-d1,high_volume,validation,gp_mean_mf_mpc,0.03,1736,100,1,720000,0.6382291666666666,ok,,34755.87809817739,44351.924160681825,False,True
paper,paper-pareto-n100-d1,high_volume,validation,gp_mean_mf_mpc,0.07498942093324558,1736,100,1,720000,0.5040277777777777,ok,,52680.170664252124,63214.33701080398,True,True
paper,paper-pareto-n100-d1,high_volume,validation,gp_mean_mf_mpc,0.1,1736,100,1,720000,0.47138888888888886,ok,,61482.43901733101,71054.02756393305,False,True
paper,paper-pareto-n100-d1,high_volume,validation,gp_mean_mf_mpc,0.3,1736,100,1,720000,0.3572222222222222,ok,,110989.98780385083,127345.3495535051,False,True
paper,paper-pareto-n100-d1,high_volume,validation,gp_mean_mf_mpc,1.0,1736,100,1,720000,0.2604166666666667,ok,,168010.59481745574,187631.2396759148,False,True
paper,paper-pareto-n100-d1,high_volume,validation,gp_mean_mf_mpc,3.0,1736,100,1,720000,0.1948611111111111,ok,,281196.55878585344,315709.1587880602,False,True
paper,paper-pareto-n100-d1,high_volume,validation,gp_ucb_mf_mpc,0.01,1736,100,1,720000,0.99375,ok,,10585.368670092741,15575.077805773566,False,True
paper,paper-pareto-n100-d1,high_volume,validation,gp_ucb_mf_mpc,0.03,1736,100,1,720000,0.99375,ok,,10585.368670092741,15575.077805773566,False,True
paper,paper-pareto-n100-d1,high_volume,validation,gp_ucb_mf_mpc,0.1,1736,100,1,720000,0.99375,ok,,10585.368670092741,15575.077805773566,False,True
paper,paper-pareto-n100-d1,high_volume,validation,gp_ucb_mf_mpc,0.3,1736,100,1,720000,0.9927083333333333,ok,,10736.072789088372,15986.969604545595,False,True
paper,paper-pareto-n100-d1,high_volume,validation,gp_ucb_mf_mpc,1.0,1736,100,1,720000,0.9857291666666668,ok,,11009.652223158933,16585.870810421093,False,True
paper,paper-pareto-n100-d1,high_volume,validation,gp_ucb_mf_mpc,3.0,1736,100,1,720000,0.9784375,ok,,10981.192563192337,16307.895420618775,False,True
paper,paper-pareto-n100-d1,high_volume,validation,gp_ucb_mf_mpc,100.0,1736,100,1,720000,0.9638888888888889,ok,,12557.642152816668,18331.965720311753,True,True
paper,paper-pareto-n100-d1,high_volume,validation,oracle_mf_mpc,0.01,1736,100,1,720000,0.9911805555555556,ok,,10688.454346332885,15648.438277823263,False,True
paper,paper-pareto-n100-d1,high_volume,validation,oracle_mf_mpc,0.03,1736,100,1,720000,0.8315972222222223,ok,,16226.904953362748,20993.797632707847,False,True
paper,paper-pareto-n100-d1,high_volume,validation,oracle_mf_mpc,0.1,1736,100,1,720000,0.8001736111111112,ok,,14900.918150517924,20660.094878759017,False,True
paper,paper-pareto-n100-d1,high_volume,validation,oracle_mf_mpc,0.3,1736,100,1,720000,0.786875,ok,,14818.403744531463,20452.82175462526,False,True
paper,paper-pareto-n100-d1,high_volume,validation,oracle_mf_mpc,1.0,1736,100,1,720000,0.7707986111111111,ok,,14808.543504769557,20097.045908671495,False,True
paper,paper-pareto-n100-d1,high_volume,validation,oracle_mf_mpc,3.0,1736,100,1,720000,0.7549305555555555,ok,,15101.906672902132,20353.369595341497,False,True
paper,paper-pareto-n100-d1,high_volume,validation,oracle_mf_mpc,100.0,1736,100,1,720000,0.7295138888888889,ok,,14988.9248753409,22595.79808514867,True,True
paper,paper-pareto-n100-d1,high_volume,validation,seasonal_mf_mpc,0.01,1738,100,1,720000,0.9599652777777777,ok,,12373.050989810128,18781.676413305133,False,True
paper,paper-pareto-n100-d1,high_volume,validation,seasonal_mf_mpc,0.03,1738,100,1,720000,0.5995138888888889,ok,,99679.63284598303,112203.41672185916,False,True
paper,paper-pareto-n100-d1,high_volume,validation,seasonal_mf_mpc,0.1,1738,100,1,720000,0.5528472222222223,ok,,203358.2339095382,224747.75855906884,False,True
paper,paper-pareto-n100-d1,high_volume,validation,seasonal_mf_mpc,0.3,1738,100,1,720000,0.5305555555555556,ok,,277861.5145589907,302254.88890678226,False,True
paper,paper-pareto-n100-d1,high_volume,validation,seasonal_mf_mpc,1.0,1738,100,1,720000,0.5107638888888889,ok,,403793.82851969596,451526.01886141184,False,True
paper,paper-pareto-n100-d1,high_volume,validation,seasonal_mf_mpc,3.0,1738,100,1,720000,0.5013541666666667,ok,,416123.73428974533,466615.2864092055,False,True
paper,paper-pareto-n100-d1,high_volume,validation,seasonal_mf_mpc,100.0,1738,100,1,720000,0.4888888888888889,ok,,436180.9178302921,488458.1988465852,True,True
paper,paper-pareto-n100-d1,high_volume,validation,ewma_mf_mpc,0.01,1738,100,1,720000,0.99375,ok,,8887.226045332689,14790.662322240985,False,True
paper,paper-pareto-n100-d1,high_volume,validation,ewma_mf_mpc,0.03,1738,100,1,720000,0.9450347222222223,ok,,8985.109377510347,14693.934882836771,False,True
paper,paper-pareto-n100-d1,high_volume,validation,ewma_mf_mpc,0.1,1738,100,1,720000,0.9097222222222223,ok,,9999.54846808435,14540.153370061262,False,True
paper,paper-pareto-n100-d1,high_volume,validation,ewma_mf_mpc,0.3,1738,100,1,720000,0.8740277777777777,ok,,10601.125495160157,16889.674536152997,False,True
paper,paper-pareto-n100-d1,high_volume,validation,ewma_mf_mpc,1.0,1738,100,1,720000,0.8298263888888888,ok,,11883.825000543078,18838.223812267257,False,True
paper,paper-pareto-n100-d1,high_volume,validation,ewma_mf_mpc,3.0,1738,100,1,720000,0.7910416666666668,ok,,13771.618614774574,19749.434349108928,False,True
paper,paper-pareto-n100-d1,high_volume,validation,ewma_mf_mpc,100.0,1738,100,1,720000,0.7237152777777777,ok,,14827.166945679292,25671.638506967505,True,True
paper,paper-pareto-n100-d1,high_volume,validation,gp_mean_mf_mpc,0.01,1738,100,1,720000,0.9790972222222223,ok,,9964.066331774175,15400.03133459801,False,True
paper,paper-pareto-n100-d1,high_volume,validation,gp_mean_mf_mpc,0.03,1738,100,1,720000,0.6382291666666666,ok,,33868.440045254436,40767.39346376042,False,True
paper,paper-pareto-n100-d1,high_volume,validation,gp_mean_mf_mpc,0.07498942093324558,1738,100,1,720000,0.5040277777777777,ok,,54154.62576824538,64604.819476024946,True,True
paper,paper-pareto-n100-d1,high_volume,validation,gp_mean_mf_mpc,0.1,1738,100,1,720000,0.47138888888888886,ok,,60017.91623793227,70729.60810591296,False,True
paper,paper-pareto-n100-d1,high_volume,validation,gp_mean_mf_mpc,0.3,1738,100,1,720000,0.3572222222222222,ok,,113094.42975715575,128511.40746681894,False,True
paper,paper-pareto-n100-d1,high_volume,validation,gp_mean_mf_mpc,1.0,1738,100,1,720000,0.2604166666666667,ok,,169325.58256860802,183158.76289734937,False,True
paper,paper-pareto-n100-d1,high_volume,validation,gp_mean_mf_mpc,3.0,1738,100,1,720000,0.1948611111111111,ok,,279019.3361869259,300942.7345599702,False,True
paper,paper-pareto-n100-d1,high_volume,validation,gp_ucb_mf_mpc,0.01,1738,100,1,720000,0.99375,ok,,8887.226045332689,14790.662322240985,False,True
paper,paper-pareto-n100-d1,high_volume,validation,gp_ucb_mf_mpc,0.03,1738,100,1,720000,0.99375,ok,,8887.226045332689,14790.662322240985,False,True
paper,paper-pareto-n100-d1,high_volume,validation,gp_ucb_mf_mpc,0.1,1738,100,1,720000,0.99375,ok,,8887.226045332689,14790.662322240985,False,True
paper,paper-pareto-n100-d1,high_volume,validation,gp_ucb_mf_mpc,0.3,1738,100,1,720000,0.9927083333333333,ok,,8833.274220759371,15208.763215764848,False,True
paper,paper-pareto-n100-d1,high_volume,validation,gp_ucb_mf_mpc,1.0,1738,100,1,720000,0.9857291666666668,ok,,9405.674205937,14874.893028161645,False,True
paper,paper-pareto-n100-d1,high_volume,validation,gp_ucb_mf_mpc,3.0,1738,100,1,720000,0.9784375,ok,,9541.624107305912,15166.91699159613,False,True
paper,paper-pareto-n100-d1,high_volume,validation,gp_ucb_mf_mpc,100.0,1738,100,1,720000,0.9638888888888889,ok,,10943.011728903775,16537.109893063596,True,True
paper,paper-pareto-n100-d1,high_volume,validation,oracle_mf_mpc,0.01,1738,100,1,720000,0.9911805555555556,ok,,8878.121229445867,14880.557041560207,False,True
paper,paper-pareto-n100-d1,high_volume,validation,oracle_mf_mpc,0.03,1738,100,1,720000,0.8315972222222223,ok,,13157.639939424407,19449.527379233925,False,True
paper,paper-pareto-n100-d1,high_volume,validation,oracle_mf_mpc,0.1,1738,100,1,720000,0.8001736111111112,ok,,13116.931635161262,20018.470619684947,False,True
paper,paper-pareto-n100-d1,high_volume,validation,oracle_mf_mpc,0.3,1738,100,1,720000,0.786875,ok,,12735.275337916644,19294.414476117614,False,True
paper,paper-pareto-n100-d1,high_volume,validation,oracle_mf_mpc,1.0,1738,100,1,720000,0.7707986111111111,ok,,13003.677021722484,20742.795383384084,False,True
paper,paper-pareto-n100-d1,high_volume,validation,oracle_mf_mpc,3.0,1738,100,1,720000,0.7549305555555555,ok,,14961.783905742644,19328.52794919357,False,True
paper,paper-pareto-n100-d1,high_volume,validation,oracle_mf_mpc,100.0,1738,100,1,720000,0.7295138888888889,ok,,12839.382840974691,18474.202086732475,True,True
paper,paper-pareto-n100-d1,high_volume,test,seasonal_mf_mpc,0.01,1734,100,1,720000,0.99375,ok,,609.768830466675,2889.035344366561,False,True
paper,paper-pareto-n100-d1,high_volume,test,seasonal_mf_mpc,0.03,1734,100,1,720000,0.4184722222222222,ok,,54809.25606620883,71726.72469783775,False,True
paper,paper-pareto-n100-d1,high_volume,test,seasonal_mf_mpc,0.1,1734,100,1,720000,0.34822916666666665,ok,,145000.11721714467,157121.34023201672,False,True
paper,paper-pareto-n100-d1,high_volume,test,seasonal_mf_mpc,0.3,1734,100,1,720000,0.3297569444444444,ok,,211002.79916839625,234394.50436773087,False,True
paper,paper-pareto-n100-d1,high_volume,test,seasonal_mf_mpc,1.0,1734,100,1,720000,0.3073611111111111,ok,,319672.4118228826,329398.5316344993,False,True
paper,paper-pareto-n100-d1,high_volume,test,seasonal_mf_mpc,3.0,1734,100,1,720000,0.30246527777777776,ok,,316721.15980612667,331084.21161731315,False,True
paper,paper-pareto-n100-d1,high_volume,test,seasonal_mf_mpc,100.0,1734,100,1,720000,0.2924305555555556,ok,,317448.51966314774,325612.3635434539,True,True
paper,paper-pareto-n100-d1,high_volume,test,ewma_mf_mpc,0.01,1734,100,1,720000,0.9638541666666667,ok,,796.4553947154484,3281.9317764529524,False,True
paper,paper-pareto-n100-d1,high_volume,test,ewma_mf_mpc,0.03,1734,100,1,720000,0.5158333333333334,ok,,1285.1538818628442,5357.740231359669,False,True
paper,paper-pareto-n100-d1,high_volume,test,ewma_mf_mpc,0.1,1734,100,1,720000,0.43145833333333333,ok,,2202.013203809557,8630.09021481441,False,True
paper,paper-pareto-n100-d1,high_volume,test,ewma_mf_mpc,0.3,1734,100,1,720000,0.3875,ok,,5950.606733228935,15750.49947758723,False,True
paper,paper-pareto-n100-d1,high_volume,test,ewma_mf_mpc,1.0,1734,100,1,720000,0.34239583333333334,ok,,13249.070735044357,25810.61642185675,False,True
paper,paper-pareto-n100-d1,high_volume,test,ewma_mf_mpc,3.0,1734,100,1,720000,0.3126736111111111,ok,,11891.600711523715,26503.037152598517,False,True
paper,paper-pareto-n100-d1,high_volume,test,ewma_mf_mpc,100.0,1734,100,1,720000,0.2735416666666667,ok,,18796.999022713855,27905.86162328389,True,True
paper,paper-pareto-n100-d1,high_volume,test,gp_mean_mf_mpc,0.01,1734,100,1,720000,0.9377430555555556,ok,,1000.2790165576848,5420.530375655276,False,True
paper,paper-pareto-n100-d1,high_volume,test,gp_mean_mf_mpc,0.03,1734,100,1,720000,0.5125,ok,,20785.409495528882,27927.81375003129,False,True
paper,paper-pareto-n100-d1,high_volume,test,gp_mean_mf_mpc,0.07498942093324558,1734,100,1,720000,0.3834722222222222,ok,,29953.7117991399,43226.13877193944,True,True
paper,paper-pareto-n100-d1,high_volume,test,gp_mean_mf_mpc,0.1,1734,100,1,720000,0.35732638888888885,ok,,34480.50397816498,40619.352982299744,False,True
paper,paper-pareto-n100-d1,high_volume,test,gp_mean_mf_mpc,0.3,1734,100,1,720000,0.2546527777777778,ok,,56267.87344322802,66380.03546368456,False,True
paper,paper-pareto-n100-d1,high_volume,test,gp_mean_mf_mpc,1.0,1734,100,1,720000,0.17875,ok,,93273.44329767705,111404.22287017829,False,True
paper,paper-pareto-n100-d1,high_volume,test,gp_mean_mf_mpc,3.0,1734,100,1,720000,0.13166666666666665,ok,,129149.84774929189,153301.08922428676,False,True
paper,paper-pareto-n100-d1,high_volume,test,gp_ucb_mf_mpc,0.01,1734,100,1,720000,0.99375,ok,,609.768830466675,2889.035344366561,False,True
paper,paper-pareto-n100-d1,high_volume,test,gp_ucb_mf_mpc,0.03,1734,100,1,720000,0.9786458333333333,ok,,598.1759980577644,2693.406491576645,False,True
paper,paper-pareto-n100-d1,high_volume,test,gp_ucb_mf_mpc,0.1,1734,100,1,720000,0.9369444444444445,ok,,689.9436390520484,3079.654661577501,False,True
paper,paper-pareto-n100-d1,high_volume,test,gp_ucb_mf_mpc,0.3,1734,100,1,720000,0.9019444444444444,ok,,807.8547620082018,3200.8351034946377,False,True
paper,paper-pareto-n100-d1,high_volume,test,gp_ucb_mf_mpc,1.0,1734,100,1,720000,0.8433680555555556,ok,,1255.3007808136424,4334.448640083215,False,True
paper,paper-pareto-n100-d1,high_volume,test,gp_ucb_mf_mpc,3.0,1734,100,1,720000,0.8044791666666667,ok,,1679.9727688463927,5299.178522540277,False,True
paper,paper-pareto-n100-d1,high_volume,test,gp_ucb_mf_mpc,100.0,1734,100,1,720000,0.7580208333333333,ok,,2023.5135832888138,6531.622827796327,True,True
paper,paper-pareto-n100-d1,high_volume,test,oracle_mf_mpc,0.01,1734,100,1,720000,0.9555902777777777,ok,,643.7661585366086,2978.591368048816,False,True
paper,paper-pareto-n100-d1,high_volume,test,oracle_mf_mpc,0.03,1734,100,1,720000,0.41184027777777776,ok,,772.2673688297094,4033.062866466629,False,True
paper,paper-pareto-n100-d1,high_volume,test,oracle_mf_mpc,0.1,1734,100,1,720000,0.35541666666666666,ok,,687.4342458769969,2528.4681480067024,False,True
paper,paper-pareto-n100-d1,high_volume,test,oracle_mf_mpc,0.3,1734,100,1,720000,0.33444444444444443,ok,,746.1372293373685,3168.1958765760446,False,True
paper,paper-pareto-n100-d1,high_volume,test,oracle_mf_mpc,1.0,1734,100,1,720000,0.3030208333333333,ok,,1140.5898023901254,4436.655410199315,False,True
paper,paper-pareto-n100-d1,high_volume,test,oracle_mf_mpc,3.0,1734,100,1,720000,0.2921180555555556,ok,,1603.1148869417145,5771.223249285778,False,True
paper,paper-pareto-n100-d1,high_volume,test,oracle_mf_mpc,100.0,1734,100,1,720000,0.2814930555555556,ok,,1994.30724746096,5501.9780970394095,True,True
paper,paper-pareto-n100-d1,high_volume,test,seasonal_mf_mpc,0.01,1731,100,1,720000,0.99375,ok,,490.70556857465505,2101.799471874334,False,True
paper,paper-pareto-n100-d1,high_volume,test,seasonal_mf_mpc,0.03,1731,100,1,720000,0.4184722222222222,ok,,47813.09405806533,56146.35188642976,False,True
paper,paper-pareto-n100-d1,high_volume,test,seasonal_mf_mpc,0.1,1731,100,1,720000,0.34822916666666665,ok,,141375.08852146773,172057.32794157317,False,True
paper,paper-pareto-n100-d1,high_volume,test,seasonal_mf_mpc,0.3,1731,100,1,720000,0.3297569444444444,ok,,189562.4686420233,208839.44452046172,False,True
paper,paper-pareto-n100-d1,high_volume,test,seasonal_mf_mpc,1.0,1731,100,1,720000,0.3073611111111111,ok,,288427.60368282034,297895.3883379048,False,True
paper,paper-pareto-n100-d1,high_volume,test,seasonal_mf_mpc,3.0,1731,100,1,720000,0.30246527777777776,ok,,281744.0287421233,286961.84577233886,False,True
paper,paper-pareto-n100-d1,high_volume,test,seasonal_mf_mpc,100.0,1731,100,1,720000,0.2924305555555556,ok,,284944.01388863573,294900.52638862794,True,True
paper,paper-pareto-n100-d1,high_volume,test,ewma_mf_mpc,0.01,1731,100,1,720000,0.9638541666666667,ok,,553.3276194292193,2498.3343391282656,False,True
paper,paper-pareto-n100-d1,high_volume,test,ewma_mf_mpc,0.03,1731,100,1,720000,0.5158333333333334,ok,,1029.316992231339,4464.76664656679,False,True
paper,paper-pareto-n100-d1,high_volume,test,ewma_mf_mpc,0.1,1731,100,1,720000,0.43145833333333333,ok,,2007.6991800928683,8493.041890590239,False,True
paper,paper-pareto-n100-d1,high_volume,test,ewma_mf_mpc,0.3,1731,100,1,720000,0.3875,ok,,4769.163905762647,13749.393498811538,False,True
paper,paper-pareto-n100-d1,high_volume,test,ewma_mf_mpc,1.0,1731,100,1,720000,0.34239583333333334,ok,,16385.534217898145,22323.164976576427,False,True
paper,paper-pareto-n100-d1,high_volume,test,ewma_mf_mpc,3.0,1731,100,1,720000,0.3126736111111111,ok,,14297.4771435551,25536.435767419902,False,True
paper,paper-pareto-n100-d1,high_volume,test,ewma_mf_mpc,100.0,1731,100,1,720000,0.2735416666666667,ok,,16628.75696084941,23928.888028300986,True,True
paper,paper-pareto-n100-d1,high_volume,test,gp_mean_mf_mpc,0.01,1731,100,1,720000,0.9377430555555556,ok,,864.8811666866148,5088.443083813053,False,True
paper,paper-pareto-n100-d1,high_volume,test,gp_mean_mf_mpc,0.03,1731,100,1,720000,0.5125,ok,,19997.00782695645,26635.87327831174,False,True
paper,paper-pareto-n100-d1,high_volume,test,gp_mean_mf_mpc,0.07498942093324558,1731,100,1,720000,0.3834722222222222,ok,,28472.56298153318,38113.84596133877,True,True
paper,paper-pareto-n100-d1,high_volume,test,gp_mean_mf_mpc,0.1,1731,100,1,720000,0.35732638888888885,ok,,30437.163300784217,36750.08741194448,False,True
paper,paper-pareto-n100-d1,high_volume,test,gp_mean_mf_mpc,0.3,1731,100,1,720000,0.2546527777777778,ok,,49456.83846519817,59659.89868291022,False,True
paper,paper-pareto-n100-d1,high_volume,test,gp_mean_mf_mpc,1.0,1731,100,1,720000,0.17875,ok,,99487.87603529809,115706.34389244823,False,True
paper,paper-pareto-n100-d1,high_volume,test,gp_mean_mf_mpc,3.0,1731,100,1,720000,0.13166666666666665,ok,,132442.7381180739,145899.57590502518,False,True
paper,paper-pareto-n100-d1,high_volume,test,gp_ucb_mf_mpc,0.01,1731,100,1,720000,0.99375,ok,,490.70556857465505,2101.799471874334,False,True
paper,paper-pareto-n100-d1,high_volume,test,gp_ucb_mf_mpc,0.03,1731,100,1,720000,0.9786458333333333,ok,,485.21952619705405,2055.271213685911,False,True
paper,paper-pareto-n100-d1,high_volume,test,gp_ucb_mf_mpc,0.1,1731,100,1,720000,0.9369444444444445,ok,,505.00337341021566,2161.5588087086953,False,True
paper,paper-pareto-n100-d1,high_volume,test,gp_ucb_mf_mpc,0.3,1731,100,1,720000,0.9019444444444444,ok,,581.2377284551203,2612.788065259498,False,True
paper,paper-pareto-n100-d1,high_volume,test,gp_ucb_mf_mpc,1.0,1731,100,1,720000,0.8433680555555556,ok,,949.621692877644,3636.73480810333,False,True
paper,paper-pareto-n100-d1,high_volume,test,gp_ucb_mf_mpc,3.0,1731,100,1,720000,0.8044791666666667,ok,,1428.7847221277714,4763.517473101346,False,True
paper,paper-pareto-n100-d1,high_volume,test,gp_ucb_mf_mpc,100.0,1731,100,1,720000,0.7580208333333333,ok,,1717.3475727613732,5329.69824526206,True,True
paper,paper-pareto-n100-d1,high_volume,test,oracle_mf_mpc,0.01,1731,100,1,720000,0.9555902777777777,ok,,492.46746584086156,2090.4813954760143,False,True
paper,paper-pareto-n100-d1,high_volume,test,oracle_mf_mpc,0.03,1731,100,1,720000,0.41184027777777776,ok,,538.5106480177818,2644.7522115956126,False,True
paper,paper-pareto-n100-d1,high_volume,test,oracle_mf_mpc,0.1,1731,100,1,720000,0.35541666666666666,ok,,526.0106743537524,2134.226311593387,False,True
paper,paper-pareto-n100-d1,high_volume,test,oracle_mf_mpc,0.3,1731,100,1,720000,0.33444444444444443,ok,,580.169030478655,2427.9603824933256,False,True
paper,paper-pareto-n100-d1,high_volume,test,oracle_mf_mpc,1.0,1731,100,1,720000,0.3030208333333333,ok,,872.9926876833764,3413.1782926160568,False,True
paper,paper-pareto-n100-d1,high_volume,test,oracle_mf_mpc,3.0,1731,100,1,720000,0.2921180555555556,ok,,1166.4696853737453,4335.6910504720545,False,True
paper,paper-pareto-n100-d1,high_volume,test,oracle_mf_mpc,100.0,1731,100,1,720000,0.2814930555555556,ok,,1993.0471752654614,5554.187484022954,True,True
paper,paper-pareto-n100-d1,high_volume,test,seasonal_mf_mpc,0.01,1733,100,1,720000,0.99375,ok,,693.10867662387,3735.0659374711736,False,True
paper,paper-pareto-n100-d1,high_volume,test,seasonal_mf_mpc,0.03,1733,100,1,720000,0.4184722222222222,ok,,61353.52442656736,69708.67757882517,False,True
paper,paper-pareto-n100-d1,high_volume,test,seasonal_mf_mpc,0.1,1733,100,1,720000,0.34822916666666665,ok,,155275.78124507627,188882.30524397307,False,True
paper,paper-pareto-n100-d1,high_volume,test,seasonal_mf_mpc,0.3,1733,100,1,720000,0.3297569444444444,ok,,210548.85188101645,224914.89821659523,False,True
paper,paper-pareto-n100-d1,high_volume,test,seasonal_mf_mpc,1.0,1733,100,1,720000,0.3073611111111111,ok,,331799.0982466141,338834.88219328935,False,True
paper,paper-pareto-n100-d1,high_volume,test,seasonal_mf_mpc,3.0,1733,100,1,720000,0.30246527777777776,ok,,321135.3368625142,332554.20819616294,False,True
paper,paper-pareto-n100-d1,high_volume,test,seasonal_mf_mpc,100.0,1733,100,1,720000,0.2924305555555556,ok,,333458.79153959756,349238.7462941219,True,True
paper,paper-pareto-n100-d1,high_volume,test,ewma_mf_mpc,0.01,1733,100,1,720000,0.9638541666666667,ok,,844.5983893172925,3931.625992642077,False,True
paper,paper-pareto-n100-d1,high_volume,test,ewma_mf_mpc,0.03,1733,100,1,720000,0.5158333333333334,ok,,1426.6026076828439,6291.242765876949,False,True
paper,paper-pareto-n100-d1,high_volume,test,ewma_mf_mpc,0.1,1733,100,1,720000,0.43145833333333333,ok,,4055.917719829819,11498.88270281072,False,True
paper,paper-pareto-n100-d1,high_volume,test,ewma_mf_mpc,0.3,1733,100,1,720000,0.3875,ok,,8654.29798572925,19024.693051407816,False,True
paper,paper-pareto-n100-d1,high_volume,test,ewma_mf_mpc,1.0,1733,100,1,720000,0.34239583333333334,ok,,16513.277342101628,25807.070115970575,False,True
paper,paper-pareto-n100-d1,high_volume,test,ewma_mf_mpc,3.0,1733,100,1,720000,0.3126736111111111,ok,,17997.882565426888,23673.588444169196,False,True
paper,paper-pareto-n100-d1,high_volume,test,ewma_mf_mpc,100.0,1733,100,1,720000,0.2735416666666667,ok,,21115.952943624867,24213.543318491484,True,True
paper,paper-pareto-n100-d1,high_volume,test,gp_mean_mf_mpc,0.01,1733,100,1,720000,0.9377430555555556,ok,,1104.8430501394926,5998.178036553353,False,True
paper,paper-pareto-n100-d1,high_volume,test,gp_mean_mf_mpc,0.03,1733,100,1,720000,0.5125,ok,,21911.50169592236,26836.116429397378,False,True
paper,paper-pareto-n100-d1,high_volume,test,gp_mean_mf_mpc,0.07498942093324558,1733,100,1,720000,0.3834722222222222,ok,,29146.083838992832,38599.479422663295,True,True
paper,paper-pareto-n100-d1,high_volume,test,gp_mean_mf_mpc,0.1,1733,100,1,720000,0.35732638888888885,ok,,33297.048208043445,41885.48870630382,False,True
paper,paper-pareto-n100-d1,high_volume,test,gp_mean_mf_mpc,0.3,1733,100,1,720000,0.2546527777777778,ok,,56794.81729750206,73390.61930443255,False,True
paper,paper-pareto-n100-d1,high_volume,test,gp_mean_mf_mpc,1.0,1733,100,1,720000,0.17875,ok,,84976.2581029097,149709.72401165243,False,True
paper,paper-pareto-n100-d1,high_volume,test,gp_mean_mf_mpc,3.0,1733,100,1,720000,0.13166666666666665,ok,,148297.54344792897,164106.98613297864,False,True
paper,paper-pareto-n100-d1,high_volume,test,gp_ucb_mf_mpc,0.01,1733,100,1,720000,0.99375,ok,,693.10867662387,3735.0659374711736,False,True
paper,paper-pareto-n100-d1,high_volume,test,gp_ucb_mf_mpc,0.03,1733,100,1,720000,0.9786458333333333,ok,,704.7540818841309,3640.393689671724,False,True
paper,paper-pareto-n100-d1,high_volume,test,gp_ucb_mf_mpc,0.1,1733,100,1,720000,0.9369444444444445,ok,,724.5459586880983,3581.5640343552773,False,True
paper,paper-pareto-n100-d1,high_volume,test,gp_ucb_mf_mpc,0.3,1733,100,1,720000,0.9019444444444444,ok,,862.0992572936042,3703.2911830128164,False,True
paper,paper-pareto-n100-d1,high_volume,test,gp_ucb_mf_mpc,1.0,1733,100,1,720000,0.8433680555555556,ok,,1326.06628813405,5145.82587797683,False,True
paper,paper-pareto-n100-d1,high_volume,test,gp_ucb_mf_mpc,3.0,1733,100,1,720000,0.8044791666666667,ok,,1681.6148230417048,5683.505029465235,False,True
paper,paper-pareto-n100-d1,high_volume,test,gp_ucb_mf_mpc,100.0,1733,100,1,720000,0.7580208333333333,ok,,2447.2728047020037,7272.734293293906,True,True
paper,paper-pareto-n100-d1,high_volume,test,oracle_mf_mpc,0.01,1733,100,1,720000,0.9555902777777777,ok,,703.6188877637151,3509.7644934328537,False,True
paper,paper-pareto-n100-d1,high_volume,test,oracle_mf_mpc,0.03,1733,100,1,720000,0.41184027777777776,ok,,751.130318011792,4531.505700957252,False,True
paper,paper-pareto-n100-d1,high_volume,test,oracle_mf_mpc,0.1,1733,100,1,720000,0.35541666666666666,ok,,778.3790004176014,4003.5624716465127,False,True
paper,paper-pareto-n100-d1,high_volume,test,oracle_mf_mpc,0.3,1733,100,1,720000,0.33444444444444443,ok,,924.7409507568033,5374.17516886701,False,True
paper,paper-pareto-n100-d1,high_volume,test,oracle_mf_mpc,1.0,1733,100,1,720000,0.3030208333333333,ok,,1444.6126830113112,4286.937664348136,False,True
paper,paper-pareto-n100-d1,high_volume,test,oracle_mf_mpc,3.0,1733,100,1,720000,0.2921180555555556,ok,,1561.7160965675703,6240.264111992008,False,True
paper,paper-pareto-n100-d1,high_volume,test,oracle_mf_mpc,100.0,1733,100,1,720000,0.2814930555555556,ok,,2496.8053595794236,5861.340414529972,True,True
paper,paper-pareto-n100-d1,high_volume,test,seasonal_mf_mpc,0.01,1732,100,1,720000,0.99375,ok,,621.5237834591837,3624.136002721596,False,True
paper,paper-pareto-n100-d1,high_volume,test,seasonal_mf_mpc,0.03,1732,100,1,720000,0.4184722222222222,ok,,54418.75937884155,91897.12198376066,False,True
paper,paper-pareto-n100-d1,high_volume,test,seasonal_mf_mpc,0.1,1732,100,1,720000,0.34822916666666665,ok,,148309.94465027677,189000.55941191936,False,True
paper,paper-pareto-n100-d1,high_volume,test,seasonal_mf_mpc,0.3,1732,100,1,720000,0.3297569444444444,ok,,197638.4582062953,211690.0244038426,False,True
paper,paper-pareto-n100-d1,high_volume,test,seasonal_mf_mpc,1.0,1732,100,1,720000,0.3073611111111111,ok,,313453.511266671,328751.9579036824,False,True
paper,paper-pareto-n100-d1,high_volume,test,seasonal_mf_mpc,3.0,1732,100,1,720000,0.30246527777777776,ok,,320594.9823911296,335210.6500833291,False,True
paper,paper-pareto-n100-d1,high_volume,test,seasonal_mf_mpc,100.0,1732,100,1,720000,0.2924305555555556,ok,,301289.83753792965,315125.4905070314,True,True
paper,paper-pareto-n100-d1,high_volume,test,ewma_mf_mpc,0.01,1732,100,1,720000,0.9638541666666667,ok,,771.3627721807707,4121.263683126197,False,True
paper,paper-pareto-n100-d1,high_volume,test,ewma_mf_mpc,0.03,1732,100,1,720000,0.5158333333333334,ok,,1373.2093587599256,5786.624708577458,False,True
paper,paper-pareto-n100-d1,high_volume,test,ewma_mf_mpc,0.1,1732,100,1,720000,0.43145833333333333,ok,,2290.8002943632328,8137.406253184331,False,True
paper,paper-pareto-n100-d1,high_volume,test,ewma_mf_mpc,0.3,1732,100,1,720000,0.3875,ok,,3626.9602540085907,10403.915596345378,False,True
paper,paper-pareto-n100-d1,high_volume,test,ewma_mf_mpc,1.0,1732,100,1,720000,0.34239583333333334,ok,,7782.372924377954,20495.910145858492,False,True
paper,paper-pareto-n100-d1,high_volume,test,ewma_mf_mpc,3.0,1732,100,1,720000,0.3126736111111111,ok,,10024.728827362434,20636.369235840342,False,True
paper,paper-pareto-n100-d1,high_volume,test,ewma_mf_mpc,100.0,1732,100,1,720000,0.2735416666666667,ok,,17355.926173107753,29157.37801425293,True,True
paper,paper-pareto-n100-d1,high_volume,test,gp_mean_mf_mpc,0.01,1732,100,1,720000,0.9377430555555556,ok,,1198.3093738878445,5836.539434020137,False,True
paper,paper-pareto-n100-d1,high_volume,test,gp_mean_mf_mpc,0.03,1732,100,1,720000,0.5125,ok,,22325.157160775794,31160.21623135882,False,True
paper,paper-pareto-n100-d1,high_volume,test,gp_mean_mf_mpc,0.07498942093324558,1732,100,1,720000,0.3834722222222222,ok,,35913.427467290465,46953.732267176405,True,True
paper,paper-pareto-n100-d1,high_volume,test,gp_mean_mf_mpc,0.1,1732,100,1,720000,0.35732638888888885,ok,,36942.655666469786,47300.65650565907,False,True
paper,paper-pareto-n100-d1,high_volume,test,gp_mean_mf_mpc,0.3,1732,100,1,720000,0.2546527777777778,ok,,58727.05147694039,76987.9195116393,False,True
paper,paper-pareto-n100-d1,high_volume,test,gp_mean_mf_mpc,1.0,1732,100,1,720000,0.17875,ok,,107090.67545587053,119913.2474957568,False,True
paper,paper-pareto-n100-d1,high_volume,test,gp_mean_mf_mpc,3.0,1732,100,1,720000,0.13166666666666665,ok,,144727.6240838018,153170.39331623,False,True
paper,paper-pareto-n100-d1,high_volume,test,gp_ucb_mf_mpc,0.01,1732,100,1,720000,0.99375,ok,,621.5237834591837,3624.136002721596,False,True
paper,paper-pareto-n100-d1,high_volume,test,gp_ucb_mf_mpc,0.03,1732,100,1,720000,0.9786458333333333,ok,,635.8986735524647,3725.3831837652183,False,True
paper,paper-pareto-n100-d1,high_volume,test,gp_ucb_mf_mpc,0.1,1732,100,1,720000,0.9369444444444445,ok,,664.4352176881036,3640.787055840105,False,True
paper,paper-pareto-n100-d1,high_volume,test,gp_ucb_mf_mpc,0.3,1732,100,1,720000,0.9019444444444444,ok,,802.9722928185253,3952.5974939062544,False,True
paper,paper-pareto-n100-d1,high_volume,test,gp_ucb_mf_mpc,1.0,1732,100,1,720000,0.8433680555555556,ok,,1237.4355705356234,4825.890914309466,False,True
paper,paper-pareto-n100-d1,high_volume,test,gp_ucb_mf_mpc,3.0,1732,100,1,720000,0.8044791666666667,ok,,1725.5888751590785,5885.657713118421,False,True
paper,paper-pareto-n100-d1,high_volume,test,gp_ucb_mf_mpc,100.0,1732,100,1,720000,0.7580208333333333,ok,,2215.3146255678803,6753.296606791928,True,True
paper,paper-pareto-n100-d1,high_volume,test,oracle_mf_mpc,0.01,1732,100,1,720000,0.9555902777777777,ok,,630.5347317556759,3817.7255282092956,False,True
paper,paper-pareto-n100-d1,high_volume,test,oracle_mf_mpc,0.03,1732,100,1,720000,0.41184027777777776,ok,,696.8161920204213,3873.1224172616717,False,True
paper,paper-pareto-n100-d1,high_volume,test,oracle_mf_mpc,0.1,1732,100,1,720000,0.35541666666666666,ok,,674.7579503171495,3125.1387998878013,False,True
paper,paper-pareto-n100-d1,high_volume,test,oracle_mf_mpc,0.3,1732,100,1,720000,0.33444444444444443,ok,,786.2837937345498,4915.942555555092,False,True
paper,paper-pareto-n100-d1,high_volume,test,oracle_mf_mpc,1.0,1732,100,1,720000,0.3030208333333333,ok,,1164.4804339470898,4857.658866567034,False,True
paper,paper-pareto-n100-d1,high_volume,test,oracle_mf_mpc,3.0,1732,100,1,720000,0.2921180555555556,ok,,1485.7251321533543,6385.165517243347,False,True
paper,paper-pareto-n100-d1,high_volume,test,oracle_mf_mpc,100.0,1732,100,1,720000,0.2814930555555556,ok,,1591.6337656742571,5048.093763535371,True,True
paper,paper-pareto-n100-d1,high_volume,test,seasonal_mf_mpc,0.01,1730,100,1,720000,0.99375,ok,,585.9942187046694,3425.5532949515327,False,True
paper,paper-pareto-n100-d1,high_volume,test,seasonal_mf_mpc,0.03,1730,100,1,720000,0.4184722222222222,ok,,51862.55983478542,63770.11673223675,False,True
paper,paper-pareto-n100-d1,high_volume,test,seasonal_mf_mpc,0.1,1730,100,1,720000,0.34822916666666665,ok,,144769.8694994248,154404.94116863076,False,True
paper,paper-pareto-n100-d1,high_volume,test,seasonal_mf_mpc,0.3,1730,100,1,720000,0.3297569444444444,ok,,198686.61843353076,214485.17537736968,False,True
paper,paper-pareto-n100-d1,high_volume,test,seasonal_mf_mpc,1.0,1730,100,1,720000,0.3073611111111111,ok,,292411.5055132877,300323.7897574611,False,True
paper,paper-pareto-n100-d1,high_volume,test,seasonal_mf_mpc,3.0,1730,100,1,720000,0.30246527777777776,ok,,339296.52644065156,353686.61423249054,False,True
paper,paper-pareto-n100-d1,high_volume,test,seasonal_mf_mpc,100.0,1730,100,1,720000,0.2924305555555556,ok,,308612.39881705877,322757.6773605103,True,True
paper,paper-pareto-n100-d1,high_volume,test,ewma_mf_mpc,0.01,1730,100,1,720000,0.9638541666666667,ok,,748.5650221402999,3824.9748862912916,False,True
paper,paper-pareto-n100-d1,high_volume,test,ewma_mf_mpc,0.03,1730,100,1,720000,0.5158333333333334,ok,,1254.3007742717748,4974.978079648046,False,True
paper,paper-pareto-n100-d1,high_volume,test,ewma_mf_mpc,0.1,1730,100,1,720000,0.43145833333333333,ok,,1754.4057961941812,5944.911443030167,False,True
paper,paper-pareto-n100-d1,high_volume,test,ewma_mf_mpc,0.3,1730,100,1,720000,0.3875,ok,,3152.338001297268,8287.975570214729,False,True
paper,paper-pareto-n100-d1,high_volume,test,ewma_mf_mpc,1.0,1730,100,1,720000,0.34239583333333334,ok,,7429.571184527287,19615.726137463535,False,True
paper,paper-pareto-n100-d1,high_volume,test,ewma_mf_mpc,3.0,1730,100,1,720000,0.3126736111111111,ok,,8285.761764813626,17562.60881414542,False,True
paper,paper-pareto-n100-d1,high_volume,test,ewma_mf_mpc,100.0,1730,100,1,720000,0.2735416666666667,ok,,10717.153267685291,17129.916658945087,True,True
paper,paper-pareto-n100-d1,high_volume,test,gp_mean_mf_mpc,0.01,1730,100,1,720000,0.9377430555555556,ok,,1179.3003818874383,5283.439834408012,False,True
paper,paper-pareto-n100-d1,high_volume,test,gp_mean_mf_mpc,0.03,1730,100,1,720000,0.5125,ok,,23330.34085486997,30288.07993642668,False,True
paper,paper-pareto-n100-d1,high_volume,test,gp_mean_mf_mpc,0.07498942093324558,1730,100,1,720000,0.3834722222222222,ok,,33699.36635912608,46925.480599863324,True,True
paper,paper-pareto-n100-d1,high_volume,test,gp_mean_mf_mpc,0.1,1730,100,1,720000,0.35732638888888885,ok,,37417.53556807924,47282.71962807825,False,True
paper,paper-pareto-n100-d1,high_volume,test,gp_mean_mf_mpc,0.3,1730,100,1,720000,0.2546527777777778,ok,,60178.36077821941,74348.2374465486,False,True
paper,paper-pareto-n100-d1,high_volume,test,gp_mean_mf_mpc,1.0,1730,100,1,720000,0.17875,ok,,97535.84291488535,113691.04036276006,False,True
paper,paper-pareto-n100-d1,high_volume,test,gp_mean_mf_mpc,3.0,1730,100,1,720000,0.13166666666666665,ok,,140479.0934575751,152803.10843571404,False,True
paper,paper-pareto-n100-d1,high_volume,test,gp_ucb_mf_mpc,0.01,1730,100,1,720000,0.99375,ok,,585.9942187046694,3425.5532949515327,False,True
paper,paper-pareto-n100-d1,high_volume,test,gp_ucb_mf_mpc,0.03,1730,100,1,720000,0.9786458333333333,ok,,594.6302704627278,3404.1869330695054,False,True
paper,paper-pareto-n100-d1,high_volume,test,gp_ucb_mf_mpc,0.1,1730,100,1,720000,0.9369444444444445,ok,,653.8764837145467,3684.6176172131404,False,True
paper,paper-pareto-n100-d1,high_volume,test,gp_ucb_mf_mpc,0.3,1730,100,1,720000,0.9019444444444444,ok,,781.7132717530251,3866.2689033844927,False,True
paper,paper-pareto-n100-d1,high_volume,test,gp_ucb_mf_mpc,1.0,1730,100,1,720000,0.8433680555555556,ok,,1237.7034906563608,5010.7947531684995,False,True
paper,paper-pareto-n100-d1,high_volume,test,gp_ucb_mf_mpc,3.0,1730,100,1,720000,0.8044791666666667,ok,,1620.421056268266,5679.120104784072,False,True
paper,paper-pareto-n100-d1,high_volume,test,gp_ucb_mf_mpc,100.0,1730,100,1,720000,0.7580208333333333,ok,,2364.481252102281,6591.548985071606,True,True
paper,paper-pareto-n100-d1,high_volume,test,oracle_mf_mpc,0.01,1730,100,1,720000,0.9555902777777777,ok,,602.8680820173017,3433.208416079494,False,True
paper,paper-pareto-n100-d1,high_volume,test,oracle_mf_mpc,0.03,1730,100,1,720000,0.41184027777777776,ok,,620.8978200017123,2845.480180779701,False,True
paper,paper-pareto-n100-d1,high_volume,test,oracle_mf_mpc,0.1,1730,100,1,720000,0.35541666666666666,ok,,670.2926784156274,4569.011985453116,False,True
paper,paper-pareto-n100-d1,high_volume,test,oracle_mf_mpc,0.3,1730,100,1,720000,0.33444444444444443,ok,,756.0259417054597,4941.059845283221,False,True
paper,paper-pareto-n100-d1,high_volume,test,oracle_mf_mpc,1.0,1730,100,1,720000,0.3030208333333333,ok,,1145.5853780522418,5526.717451349626,False,True
paper,paper-pareto-n100-d1,high_volume,test,oracle_mf_mpc,3.0,1730,100,1,720000,0.2921180555555556,ok,,1828.6054411780422,4665.533802500564,False,True
paper,paper-pareto-n100-d1,high_volume,test,oracle_mf_mpc,100.0,1730,100,1,720000,0.2814930555555556,ok,,2255.3714516819286,6427.080018220635,True,True
paper,paper-pareto-n100-d1,high_volume,test,seasonal_mf_mpc,0.01,1729,100,1,720000,0.99375,ok,,531.0380626352295,1906.021459802553,False,True
paper,paper-pareto-n100-d1,high_volume,test,seasonal_mf_mpc,0.03,1729,100,1,720000,0.4184722222222222,ok,,45302.55996877319,54257.472204941536,False,True
paper,paper-pareto-n100-d1,high_volume,test,seasonal_mf_mpc,0.1,1729,100,1,720000,0.34822916666666665,ok,,135152.8062643472,143225.06317782163,False,True
paper,paper-pareto-n100-d1,high_volume,test,seasonal_mf_mpc,0.3,1729,100,1,720000,0.3297569444444444,ok,,193487.8598555096,202646.21484391793,False,True
paper,paper-pareto-n100-d1,high_volume,test,seasonal_mf_mpc,1.0,1729,100,1,720000,0.3073611111111111,ok,,275922.2963797468,291100.4680386687,False,True
paper,paper-pareto-n100-d1,high_volume,test,seasonal_mf_mpc,3.0,1729,100,1,720000,0.30246527777777776,ok,,275854.2393118754,278876.31486758223,False,True
paper,paper-pareto-n100-d1,high_volume,test,seasonal_mf_mpc,100.0,1729,100,1,720000,0.2924305555555556,ok,,287551.0087600659,297677.2247443413,True,True
paper,paper-pareto-n100-d1,high_volume,test,ewma_mf_mpc,0.01,1729,100,1,720000,0.9638541666666667,ok,,616.1215904359179,2241.779549798009,False,True
paper,paper-pareto-n100-d1,high_volume,test,ewma_mf_mpc,0.03,1729,100,1,720000,0.5158333333333334,ok,,995.1251245212616,4018.4223587031083,False,True
paper,paper-pareto-n100-d1,high_volume,test,ewma_mf_mpc,0.1,1729,100,1,720000,0.43145833333333333,ok,,1372.985063841228,5709.571322473609,False,True
paper,paper-pareto-n100-d1,high_volume,test,ewma_mf_mpc,0.3,1729,100,1,720000,0.3875,ok,,2750.2972016756225,8629.972547562284,False,True
paper,paper-pareto-n100-d1,high_volume,test,ewma_mf_mpc,1.0,1729,100,1,720000,0.34239583333333334,ok,,7459.167035476444,16983.28217680957,False,True
paper,paper-pareto-n100-d1,high_volume,test,ewma_mf_mpc,3.0,1729,100,1,720000,0.3126736111111111,ok,,9351.211404530557,17005.424096975064,False,True
paper,paper-pareto-n100-d1,high_volume,test,ewma_mf_mpc,100.0,1729,100,1,720000,0.2735416666666667,ok,,11907.55120053849,21260.30343868595,True,True
paper,paper-pareto-n100-d1,high_volume,test,gp_mean_mf_mpc,0.01,1729,100,1,720000,0.9377430555555556,ok,,912.5367006451637,4976.520711635526,False,True
paper,paper-pareto-n100-d1,high_volume,test,gp_mean_mf_mpc,0.03,1729,100,1,720000,0.5125,ok,,20201.973621408964,31723.257639157648,False,True
paper,paper-pareto-n100-d1,high_volume,test,gp_mean_mf_mpc,0.07498942093324558,1729,100,1,720000,0.3834722222222222,ok,,30830.86608178673,39609.60089219526,True,True
paper,paper-pareto-n100-d1,high_volume,test,gp_mean_mf_mpc,0.1,1729,100,1,720000,0.35732638888888885,ok,,31941.609679631372,44382.50199860701,False,True
paper,paper-pareto-n100-d1,high_volume,test,gp_mean_mf_mpc,0.3,1729,100,1,720000,0.2546527777777778,ok,,55603.299335220334,69051.34119254551,False,True
paper,paper-pareto-n100-d1,high_volume,test,gp_mean_mf_mpc,1.0,1729,100,1,720000,0.17875,ok,,81411.26908257416,114892.91373909895,False,True
paper,paper-pareto-n100-d1,high_volume,test,gp_mean_mf_mpc,3.0,1729,100,1,720000,0.13166666666666665,ok,,133589.84707255763,145415.30937279988,False,True
paper,paper-pareto-n100-d1,high_volume,test,gp_ucb_mf_mpc,0.01,1729,100,1,720000,0.99375,ok,,531.0380626352295,1906.021459802553,False,True
paper,paper-pareto-n100-d1,high_volume,test,gp_ucb_mf_mpc,0.03,1729,100,1,720000,0.9786458333333333,ok,,533.7731437938736,1950.9185838636245,False,True
paper,paper-pareto-n100-d1,high_volume,test,gp_ucb_mf_mpc,0.1,1729,100,1,720000,0.9369444444444445,ok,,581.1346242846553,1839.095018951094,False,True
paper,paper-pareto-n100-d1,high_volume,test,gp_ucb_mf_mpc,0.3,1729,100,1,720000,0.9019444444444444,ok,,658.3029591924708,2205.8975958500246,False,True
paper,paper-pareto-n100-d1,high_volume,test,gp_ucb_mf_mpc,1.0,1729,100,1,720000,0.8433680555555556,ok,,1106.8762982283747,3053.094085282863,False,True
paper,paper-pareto-n100-d1,high_volume,test,gp_ucb_mf_mpc,3.0,1729,100,1,720000,0.8044791666666667,ok,,1353.4402462010612,3843.3185920309065,False,True
paper,paper-pareto-n100-d1,high_volume,test,gp_ucb_mf_mpc,100.0,1729,100,1,720000,0.7580208333333333,ok,,1789.927005544983,5515.518073573281,True,True
paper,paper-pareto-n100-d1,high_volume,test,oracle_mf_mpc,0.01,1729,100,1,720000,0.9555902777777777,ok,,543.1430025264274,1956.3230284550082,False,True
paper,paper-pareto-n100-d1,high_volume,test,oracle_mf_mpc,0.03,1729,100,1,720000,0.41184027777777776,ok,,580.0791376114647,2252.252765325771,False,True
paper,paper-pareto-n100-d1,high_volume,test,oracle_mf_mpc,0.1,1729,100,1,720000,0.35541666666666666,ok,,607.4641625386433,2878.572417034366,False,True
paper,paper-pareto-n100-d1,high_volume,test,oracle_mf_mpc,0.3,1729,100,1,720000,0.33444444444444443,ok,,655.0890958481222,2672.437155289283,False,True
paper,paper-pareto-n100-d1,high_volume,test,oracle_mf_mpc,1.0,1729,100,1,720000,0.3030208333333333,ok,,1062.2207728482235,3881.4680142479874,False,True
paper,paper-pareto-n100-d1,high_volume,test,oracle_mf_mpc,3.0,1729,100,1,720000,0.2921180555555556,ok,,2120.2602567329604,5334.441867878554,False,True
paper,paper-pareto-n100-d1,high_volume,test,oracle_mf_mpc,100.0,1729,100,1,720000,0.2814930555555556,ok,,1950.969143391586,5518.106704379452,True,True
paper,paper-pareto-n100-d1,high_volume,test,seasonal_mf_mpc,0.01,1737,100,1,720000,0.99375,ok,,639.6568847479932,2739.812401111484,False,True
paper,paper-pareto-n100-d1,high_volume,test,seasonal_mf_mpc,0.03,1737,100,1,720000,0.4184722222222222,ok,,55535.18940996547,63600.23524714594,False,True
paper,paper-pareto-n100-d1,high_volume,test,seasonal_mf_mpc,0.1,1737,100,1,720000,0.34822916666666665,ok,,146121.6939479478,158127.07269249155,False,True
paper,paper-pareto-n100-d1,high_volume,test,seasonal_mf_mpc,0.3,1737,100,1,720000,0.3297569444444444,ok,,207367.08908507723,215950.79721201953,False,True
paper,paper-pareto-n100-d1,high_volume,test,seasonal_mf_mpc,1.0,1737,100,1,720000,0.3073611111111111,ok,,322134.22324437596,335895.36513390223,False,True
paper,paper-pareto-n100-d1,high_volume,test,seasonal_mf_mpc,3.0,1737,100,1,720000,0.30246527777777776,ok,,306879.7815278077,313102.6603884673,False,True
paper,paper-pareto-n100-d1,high_volume,test,seasonal_mf_mpc,100.0,1737,100,1,720000,0.2924305555555556,ok,,313913.9284691742,328800.7793612233,True,True
paper,paper-pareto-n100-d1,high_volume,test,ewma_mf_mpc,0.01,1737,100,1,720000,0.9638541666666667,ok,,771.2650381090513,3016.739736743201,False,True
paper,paper-pareto-n100-d1,high_volume,test,ewma_mf_mpc,0.03,1737,100,1,720000,0.5158333333333334,ok,,1228.294044756499,5373.070628054432,False,True
paper,paper-pareto-n100-d1,high_volume,test,ewma_mf_mpc,0.1,1737,100,1,720000,0.43145833333333333,ok,,2314.2984810023545,9943.815902975066,False,True
paper,paper-pareto-n100-d1,high_volume,test,ewma_mf_mpc,0.3,1737,100,1,720000,0.3875,ok,,5778.2043446583575,16495.502417545922,False,True
paper,paper-pareto-n100-d1,high_volume,test,ewma_mf_mpc,1.0,1737,100,1,720000,0.34239583333333334,ok,,15510.250535825027,24286.254064836154,False,True
paper,paper-pareto-n100-d1,high_volume,test,ewma_mf_mpc,3.0,1737,100,1,720000,0.3126736111111111,ok,,21357.249863776495,33402.95428225497,False,True
paper,paper-pareto-n100-d1,high_volume,test,ewma_mf_mpc,100.0,1737,100,1,720000,0.2735416666666667,ok,,23940.660655518986,30056.316809979624,True,True
paper,paper-pareto-n100-d1,high_volume,test,gp_mean_mf_mpc,0.01,1737,100,1,720000,0.9377430555555556,ok,,937.2602692768185,4921.79311132443,False,True
paper,paper-pareto-n100-d1,high_volume,test,gp_mean_mf_mpc,0.03,1737,100,1,720000,0.5125,ok,,21263.49024013597,28865.929878537896,False,True
paper,paper-pareto-n100-d1,high_volume,test,gp_mean_mf_mpc,0.07498942093324558,1737,100,1,720000,0.3834722222222222,ok,,29378.979893093303,43148.993126213936,True,True
paper,paper-pareto-n100-d1,high_volume,test,gp_mean_mf_mpc,0.1,1737,100,1,720000,0.35732638888888885,ok,,32329.538788417925,38378.04461029928,False,True
paper,paper-pareto-n100-d1,high_volume,test,gp_mean_mf_mpc,0.3,1737,100,1,720000,0.2546527777777778,ok,,54068.42799989069,61217.059907187555,False,True
paper,paper-pareto-n100-d1,high_volume,test,gp_mean_mf_mpc,1.0,1737,100,1,720000,0.17875,ok,,94696.67957752735,105976.3758133217,False,True
paper,paper-pareto-n100-d1,high_volume,test,gp_mean_mf_mpc,3.0,1737,100,1,720000,0.13166666666666665,ok,,123838.74095951198,138077.79565480832,False,True
paper,paper-pareto-n100-d1,high_volume,test,gp_ucb_mf_mpc,0.01,1737,100,1,720000,0.99375,ok,,639.6568847479932,2739.812401111484,False,True
paper,paper-pareto-n100-d1,high_volume,test,gp_ucb_mf_mpc,0.03,1737,100,1,720000,0.9786458333333333,ok,,645.0677009836025,2721.626510519287,False,True
paper,paper-pareto-n100-d1,high_volume,test,gp_ucb_mf_mpc,0.1,1737,100,1,720000,0.9369444444444445,ok,,661.4991262394249,2753.758277459721,False,True
paper,paper-pareto-n100-d1,high_volume,test,gp_ucb_mf_mpc,0.3,1737,100,1,720000,0.9019444444444444,ok,,813.5426557656607,3017.68937798633,False,True
paper,paper-pareto-n100-d1,high_volume,test,gp_ucb_mf_mpc,1.0,1737,100,1,720000,0.8433680555555556,ok,,1270.9099942191315,3849.2245137696464,False,True
paper,paper-pareto-n100-d1,high_volume,test,gp_ucb_mf_mpc,3.0,1737,100,1,720000,0.8044791666666667,ok,,1527.1025196077267,4318.758995774588,False,True
paper,paper-pareto-n100-d1,high_volume,test,gp_ucb_mf_mpc,100.0,1737,100,1,720000,0.7580208333333333,ok,,1895.7124181707995,6110.546584524071,True,True
paper,paper-pareto-n100-d1,high_volume,test,oracle_mf_mpc,0.01,1737,100,1,720000,0.9555902777777777,ok,,657.6340968188348,2720.7776507680082,False,True
paper,paper-pareto-n100-d1,high_volume,test,oracle_mf_mpc,0.03,1737,100,1,720000,0.41184027777777776,ok,,706.6817714042749,3472.323816410426,False,True
paper,paper-pareto-n100-d1,high_volume,test,oracle_mf_mpc,0.1,1737,100,1,720000,0.35541666666666666,ok,,717.0782865871256,3067.8006312364937,False,True
paper,paper-pareto-n100-d1,high_volume,test,oracle_mf_mpc,0.3,1737,100,1,720000,0.33444444444444443,ok,,728.7496876653132,4035.792846824461,False,True
paper,paper-pareto-n100-d1,high_volume,test,oracle_mf_mpc,1.0,1737,100,1,720000,0.3030208333333333,ok,,2655.41662802601,8334.44532915578,False,True
paper,paper-pareto-n100-d1,high_volume,test,oracle_mf_mpc,3.0,1737,100,1,720000,0.2921180555555556,ok,,1851.6342728749034,7596.338809260322,False,True
paper,paper-pareto-n100-d1,high_volume,test,oracle_mf_mpc,100.0,1737,100,1,720000,0.2814930555555556,ok,,2039.6838750457944,7836.285960302325,True,True
paper,paper-pareto-n100-d1,high_volume,test,seasonal_mf_mpc,0.01,1735,100,1,720000,0.99375,ok,,586.1471195113126,2785.1582344884987,False,True
paper,paper-pareto-n100-d1,high_volume,test,seasonal_mf_mpc,0.03,1735,100,1,720000,0.4184722222222222,ok,,54879.24046860782,63618.00238426877,False,True
paper,paper-pareto-n100-d1,high_volume,test,seasonal_mf_mpc,0.1,1735,100,1,720000,0.34822916666666665,ok,,141808.27813581904,154586.6735925302,False,True
paper,paper-pareto-n100-d1,high_volume,test,seasonal_mf_mpc,0.3,1735,100,1,720000,0.3297569444444444,ok,,195223.62251213737,213807.21631676206,False,True
paper,paper-pareto-n100-d1,high_volume,test,seasonal_mf_mpc,1.0,1735,100,1,720000,0.3073611111111111,ok,,318647.05426940724,333604.1718458058,False,True
paper,paper-pareto-n100-d1,high_volume,test,seasonal_mf_mpc,3.0,1735,100,1,720000,0.30246527777777776,ok,,310980.36633457884,316620.67158974323,False,True
paper,paper-pareto-n100-d1,high_volume,test,seasonal_mf_mpc,100.0,1735,100,1,720000,0.2924305555555556,ok,,302572.5282736049,311327.75882940914,True,True
paper,paper-pareto-n100-d1,high_volume,test,ewma_mf_mpc,0.01,1735,100,1,720000,0.9638541666666667,ok,,700.3203216150524,3168.1596440608096,False,True
paper,paper-pareto-n100-d1,high_volume,test,ewma_mf_mpc,0.03,1735,100,1,720000,0.5158333333333334,ok,,1182.4961056365091,4911.744022716571,False,True
paper,paper-pareto-n100-d1,high_volume,test,ewma_mf_mpc,0.1,1735,100,1,720000,0.43145833333333333,ok,,1656.2114149627573,6472.573965210339,False,True
paper,paper-pareto-n100-d1,high_volume,test,ewma_mf_mpc,0.3,1735,100,1,720000,0.3875,ok,,3211.0217530097493,9030.678982624484,False,True
paper,paper-pareto-n100-d1,high_volume,test,ewma_mf_mpc,1.0,1735,100,1,720000,0.34239583333333334,ok,,7711.333285854411,11259.40136501231,False,True
paper,paper-pareto-n100-d1,high_volume,test,ewma_mf_mpc,3.0,1735,100,1,720000,0.3126736111111111,ok,,8360.230220506262,11462.183480558822,False,True
paper,paper-pareto-n100-d1,high_volume,test,ewma_mf_mpc,100.0,1735,100,1,720000,0.2735416666666667,ok,,15323.248559142954,22170.774947443842,True,True
paper,paper-pareto-n100-d1,high_volume,test,gp_mean_mf_mpc,0.01,1735,100,1,720000,0.9377430555555556,ok,,1027.5252526248873,5535.469506786157,False,True
paper,paper-pareto-n100-d1,high_volume,test,gp_mean_mf_mpc,0.03,1735,100,1,720000,0.5125,ok,,21563.86134333132,29335.36386630471,False,True
paper,paper-pareto-n100-d1,high_volume,test,gp_mean_mf_mpc,0.07498942093324558,1735,100,1,720000,0.3834722222222222,ok,,30804.935572304035,43534.537038158865,True,True
paper,paper-pareto-n100-d1,high_volume,test,gp_mean_mf_mpc,0.1,1735,100,1,720000,0.35732638888888885,ok,,32470.072752369157,48440.593589928845,False,True
paper,paper-pareto-n100-d1,high_volume,test,gp_mean_mf_mpc,0.3,1735,100,1,720000,0.2546527777777778,ok,,52453.40054729022,82887.40869838414,False,True
paper,paper-pareto-n100-d1,high_volume,test,gp_mean_mf_mpc,1.0,1735,100,1,720000,0.17875,ok,,69744.2018997595,128556.75799416087,False,True
paper,paper-pareto-n100-d1,high_volume,test,gp_mean_mf_mpc,3.0,1735,100,1,720000,0.13166666666666665,ok,,119209.77828221272,128880.59130454822,False,True
paper,paper-pareto-n100-d1,high_volume,test,gp_ucb_mf_mpc,0.01,1735,100,1,720000,0.99375,ok,,586.1471195113126,2785.1582344884987,False,True
paper,paper-pareto-n100-d1,high_volume,test,gp_ucb_mf_mpc,0.03,1735,100,1,720000,0.9786458333333333,ok,,586.8276416085649,2775.9508239002053,False,True
paper,paper-pareto-n100-d1,high_volume,test,gp_ucb_mf_mpc,0.1,1735,100,1,720000,0.9369444444444445,ok,,619.3565788177084,2896.933216709907,False,True
paper,paper-pareto-n100-d1,high_volume,test,gp_ucb_mf_mpc,0.3,1735,100,1,720000,0.9019444444444444,ok,,751.7406124624785,2993.640317527803,False,True
paper,paper-pareto-n100-d1,high_volume,test,gp_ucb_mf_mpc,1.0,1735,100,1,720000,0.8433680555555556,ok,,1186.5590367217715,3966.0378520015597,False,True
paper,paper-pareto-n100-d1,high_volume,test,gp_ucb_mf_mpc,3.0,1735,100,1,720000,0.8044791666666667,ok,,1594.3280297469541,5168.201653033474,False,True
paper,paper-pareto-n100-d1,high_volume,test,gp_ucb_mf_mpc,100.0,1735,100,1,720000,0.7580208333333333,ok,,1992.9735555392663,6202.691771330675,True,True
paper,paper-pareto-n100-d1,high_volume,test,oracle_mf_mpc,0.01,1735,100,1,720000,0.9555902777777777,ok,,601.96324710869,2778.6721297280915,False,True
paper,paper-pareto-n100-d1,high_volume,test,oracle_mf_mpc,0.03,1735,100,1,720000,0.41184027777777776,ok,,632.9923371594598,2811.6024990709457,False,True
paper,paper-pareto-n100-d1,high_volume,test,oracle_mf_mpc,0.1,1735,100,1,720000,0.35541666666666666,ok,,651.7295110735799,3383.82848761956,False,True
paper,paper-pareto-n100-d1,high_volume,test,oracle_mf_mpc,0.3,1735,100,1,720000,0.33444444444444443,ok,,713.7195496254898,3824.8699869262573,False,True
paper,paper-pareto-n100-d1,high_volume,test,oracle_mf_mpc,1.0,1735,100,1,720000,0.3030208333333333,ok,,1071.744176793015,4770.711731957058,False,True
paper,paper-pareto-n100-d1,high_volume,test,oracle_mf_mpc,3.0,1735,100,1,720000,0.2921180555555556,ok,,1419.5150962388745,4588.710647045304,False,True
paper,paper-pareto-n100-d1,high_volume,test,oracle_mf_mpc,100.0,1735,100,1,720000,0.2814930555555556,ok,,2574.4595447494094,6944.916243103566,True,True
paper,paper-pareto-n100-d1,high_volume,test,seasonal_mf_mpc,0.01,1736,100,1,720000,0.99375,ok,,545.2804787274814,2449.4627537587544,False,True
paper,paper-pareto-n100-d1,high_volume,test,seasonal_mf_mpc,0.03,1736,100,1,720000,0.4184722222222222,ok,,52606.667995989854,65195.289358848124,False,True
paper,paper-pareto-n100-d1,high_volume,test,seasonal_mf_mpc,0.1,1736,100,1,720000,0.34822916666666665,ok,,141755.51344678784,158040.88091886527,False,True
paper,paper-pareto-n100-d1,high_volume,test,seasonal_mf_mpc,0.3,1736,100,1,720000,0.3297569444444444,ok,,203836.71355239846,216931.87767682524,False,True
paper,paper-pareto-n100-d1,high_volume,test,seasonal_mf_mpc,1.0,1736,100,1,720000,0.3073611111111111,ok,,298831.2805476424,310865.2809109828,False,True
paper,paper-pareto-n100-d1,high_volume,test,seasonal_mf_mpc,3.0,1736,100,1,720000,0.30246527777777776,ok,,310773.73477707093,322416.648512988,False,True
paper,paper-pareto-n100-d1,high_volume,test,seasonal_mf_mpc,100.0,1736,100,1,720000,0.2924305555555556,ok,,304497.348352468,309415.22790152783,True,True
paper,paper-pareto-n100-d1,high_volume,test,ewma_mf_mpc,0.01,1736,100,1,720000,0.9638541666666667,ok,,649.8732904833549,2885.289202493345,False,True
paper,paper-pareto-n100-d1,high_volume,test,ewma_mf_mpc,0.03,1736,100,1,720000,0.5158333333333334,ok,,1066.5419035127743,4484.223835632783,False,True
paper,paper-pareto-n100-d1,high_volume,test,ewma_mf_mpc,0.1,1736,100,1,720000,0.43145833333333333,ok,,1616.0770687848308,6626.037212840372,False,True
paper,paper-pareto-n100-d1,high_volume,test,ewma_mf_mpc,0.3,1736,100,1,720000,0.3875,ok,,3138.7501792220205,11970.174809668568,False,True
paper,paper-pareto-n100-d1,high_volume,test,ewma_mf_mpc,1.0,1736,100,1,720000,0.34239583333333334,ok,,7473.956706542939,22717.26000690009,False,True
paper,paper-pareto-n100-d1,high_volume,test,ewma_mf_mpc,3.0,1736,100,1,720000,0.3126736111111111,ok,,9733.843855202427,18137.850691629363,False,True
paper,paper-pareto-n100-d1,high_volume,test,ewma_mf_mpc,100.0,1736,100,1,720000,0.2735416666666667,ok,,15280.019272050993,21408.464096428263,True,True
paper,paper-pareto-n100-d1,high_volume,test,gp_mean_mf_mpc,0.01,1736,100,1,720000,0.9377430555555556,ok,,1024.8735925777537,4962.453185523165,False,True
paper,paper-pareto-n100-d1,high_volume,test,gp_mean_mf_mpc,0.03,1736,100,1,720000,0.5125,ok,,21404.686120431033,27341.393193190317,False,True
paper,paper-pareto-n100-d1,high_volume,test,gp_mean_mf_mpc,0.07498942093324558,1736,100,1,720000,0.3834722222222222,ok,,31844.476008833986,40396.71330908503,True,True
paper,paper-pareto-n100-d1,high_volume,test,gp_mean_mf_mpc,0.1,1736,100,1,720000,0.35732638888888885,ok,,31594.34237298958,39562.66052612455,False,True
paper,paper-pareto-n100-d1,high_volume,test,gp_mean_mf_mpc,0.3,1736,100,1,720000,0.2546527777777778,ok,,52199.58960568285,60723.93589719053,False,True
paper,paper-pareto-n100-d1,high_volume,test,gp_mean_mf_mpc,1.0,1736,100,1,720000,0.17875,ok,,100006.5721302215,130818.21738794302,False,True
paper,paper-pareto-n100-d1,high_volume,test,gp_mean_mf_mpc,3.0,1736,100,1,720000,0.13166666666666665,ok,,126686.56680277268,137988.89970454236,False,True
paper,paper-pareto-n100-d1,high_volume,test,gp_ucb_mf_mpc,0.01,1736,100,1,720000,0.99375,ok,,545.2804787274814,2449.4627537587544,False,True
paper,paper-pareto-n100-d1,high_volume,test,gp_ucb_mf_mpc,0.03,1736,100,1,720000,0.9786458333333333,ok,,551.5684442423116,2553.3467885483046,False,True
paper,paper-pareto-n100-d1,high_volume,test,gp_ucb_mf_mpc,0.1,1736,100,1,720000,0.9369444444444445,ok,,589.1830420655856,2652.633478277325,False,True
paper,paper-pareto-n100-d1,high_volume,test,gp_ucb_mf_mpc,0.3,1736,100,1,720000,0.9019444444444444,ok,,711.1768189933906,2642.07334739366,False,True
paper,paper-pareto-n100-d1,high_volume,test,gp_ucb_mf_mpc,1.0,1736,100,1,720000,0.8433680555555556,ok,,1151.1223673648406,3877.663245570744,False,True
paper,paper-pareto-n100-d1,high_volume,test,gp_ucb_mf_mpc,3.0,1736,100,1,720000,0.8044791666666667,ok,,1454.8939464437403,4959.0948304362,False,True
paper,paper-pareto-n100-d1,high_volume,test,gp_ucb_mf_mpc,100.0,1736,100,1,720000,0.7580208333333333,ok,,1928.422598757328,5967.206201210781,True,True
paper,paper-pareto-n100-d1,high_volume,test,oracle_mf_mpc,0.01,1736,100,1,720000,0.9555902777777777,ok,,547.8004583784424,2527.7589897288153,False,True
paper,paper-pareto-n100-d1,high_volume,test,oracle_mf_mpc,0.03,1736,100,1,720000,0.41184027777777776,ok,,602.576854961603,3051.4515757507224,False,True
paper,paper-pareto-n100-d1,high_volume,test,oracle_mf_mpc,0.1,1736,100,1,720000,0.35541666666666666,ok,,595.8982405833675,3252.684577766229,False,True
paper,paper-pareto-n100-d1,high_volume,test,oracle_mf_mpc,0.3,1736,100,1,720000,0.33444444444444443,ok,,640.832217743126,2266.900298021263,False,True
paper,paper-pareto-n100-d1,high_volume,test,oracle_mf_mpc,1.0,1736,100,1,720000,0.3030208333333333,ok,,1171.097313272934,4371.926373311153,False,True
paper,paper-pareto-n100-d1,high_volume,test,oracle_mf_mpc,3.0,1736,100,1,720000,0.2921180555555556,ok,,2177.636498790723,5144.969630719117,False,True
paper,paper-pareto-n100-d1,high_volume,test,oracle_mf_mpc,100.0,1736,100,1,720000,0.2814930555555556,ok,,3451.120023166609,7130.2047638956565,True,True
paper,paper-pareto-n100-d1,high_volume,test,seasonal_mf_mpc,0.01,1738,100,1,720000,0.99375,ok,,681.3704930646135,2772.8010866140417,False,True
paper,paper-pareto-n100-d1,high_volume,test,seasonal_mf_mpc,0.03,1738,100,1,720000,0.4184722222222222,ok,,53274.837501549926,67669.79404958672,False,True
paper,paper-pareto-n100-d1,high_volume,test,seasonal_mf_mpc,0.1,1738,100,1,720000,0.34822916666666665,ok,,143285.20657580905,153402.40039664388,False,True
paper,paper-pareto-n100-d1,high_volume,test,seasonal_mf_mpc,0.3,1738,100,1,720000,0.3297569444444444,ok,,193797.14709646857,221038.57845780684,False,True
paper,paper-pareto-n100-d1,high_volume,test,seasonal_mf_mpc,1.0,1738,100,1,720000,0.3073611111111111,ok,,301671.651263156,309601.85391589964,False,True
paper,paper-pareto-n100-d1,high_volume,test,seasonal_mf_mpc,3.0,1738,100,1,720000,0.30246527777777776,ok,,305789.64448020264,321122.81798663567,False,True
paper,paper-pareto-n100-d1,high_volume,test,seasonal_mf_mpc,100.0,1738,100,1,720000,0.2924305555555556,ok,,314681.6677454459,329964.7379706112,True,True
paper,paper-pareto-n100-d1,high_volume,test,ewma_mf_mpc,0.01,1738,100,1,720000,0.9638541666666667,ok,,855.8971511297908,3412.903441890802,False,True
paper,paper-pareto-n100-d1,high_volume,test,ewma_mf_mpc,0.03,1738,100,1,720000,0.5158333333333334,ok,,1236.1038827467303,5033.53978751482,False,True
paper,paper-pareto-n100-d1,high_volume,test,ewma_mf_mpc,0.1,1738,100,1,720000,0.43145833333333333,ok,,1962.614059675838,7068.9593958266505,False,True
paper,paper-pareto-n100-d1,high_volume,test,ewma_mf_mpc,0.3,1738,100,1,720000,0.3875,ok,,3685.0409601033093,9663.757768997468,False,True
paper,paper-pareto-n100-d1,high_volume,test,ewma_mf_mpc,1.0,1738,100,1,720000,0.34239583333333334,ok,,10172.945290807978,20159.639385732913,False,True
paper,paper-pareto-n100-d1,high_volume,test,ewma_mf_mpc,3.0,1738,100,1,720000,0.3126736111111111,ok,,8757.436698285817,22288.290957022466,False,True
paper,paper-pareto-n100-d1,high_volume,test,ewma_mf_mpc,100.0,1738,100,1,720000,0.2735416666666667,ok,,13610.237605221113,19722.630515236917,True,True
paper,paper-pareto-n100-d1,high_volume,test,gp_mean_mf_mpc,0.01,1738,100,1,720000,0.9377430555555556,ok,,1052.5279038920678,5327.187239084278,False,True
paper,paper-pareto-n100-d1,high_volume,test,gp_mean_mf_mpc,0.03,1738,100,1,720000,0.5125,ok,,21541.985996008258,28850.256255021704,False,True
paper,paper-pareto-n100-d1,high_volume,test,gp_mean_mf_mpc,0.07498942093324558,1738,100,1,720000,0.3834722222222222,ok,,31557.405559049424,39303.52401623719,True,True
paper,paper-pareto-n100-d1,high_volume,test,gp_mean_mf_mpc,0.1,1738,100,1,720000,0.35732638888888885,ok,,33268.047345471525,46876.80373760816,False,True
paper,paper-pareto-n100-d1,high_volume,test,gp_mean_mf_mpc,0.3,1738,100,1,720000,0.2546527777777778,ok,,54517.562214573234,68230.42867823147,False,True
paper,paper-pareto-n100-d1,high_volume,test,gp_mean_mf_mpc,1.0,1738,100,1,720000,0.17875,ok,,105372.46902604429,118120.12621172464,False,True
paper,paper-pareto-n100-d1,high_volume,test,gp_mean_mf_mpc,3.0,1738,100,1,720000,0.13166666666666665,ok,,139607.67329181798,152046.21705486393,False,True
paper,paper-pareto-n100-d1,high_volume,test,gp_ucb_mf_mpc,0.01,1738,100,1,720000,0.99375,ok,,681.3704930646135,2772.8010866140417,False,True
paper,paper-pareto-n100-d1,high_volume,test,gp_ucb_mf_mpc,0.03,1738,100,1,720000,0.9786458333333333,ok,,692.3906969830791,2917.4075315640052,False,True
paper,paper-pareto-n100-d1,high_volume,test,gp_ucb_mf_mpc,0.1,1738,100,1,720000,0.9369444444444445,ok,,735.5172356792235,2841.8551093733618,False,True
paper,paper-pareto-n100-d1,high_volume,test,gp_ucb_mf_mpc,0.3,1738,100,1,720000,0.9019444444444444,ok,,851.5300389867621,3040.905820141123,False,True
paper,paper-pareto-n100-d1,high_volume,test,gp_ucb_mf_mpc,1.0,1738,100,1,720000,0.8433680555555556,ok,,1253.1311188414952,3959.4949329575957,False,True
paper,paper-pareto-n100-d1,high_volume,test,gp_ucb_mf_mpc,3.0,1738,100,1,720000,0.8044791666666667,ok,,1609.1145515970918,5266.587351371662,False,True
paper,paper-pareto-n100-d1,high_volume,test,gp_ucb_mf_mpc,100.0,1738,100,1,720000,0.7580208333333333,ok,,1993.6671966128954,6597.695910686126,True,True
paper,paper-pareto-n100-d1,high_volume,test,oracle_mf_mpc,0.01,1738,100,1,720000,0.9555902777777777,ok,,707.7584930967878,2796.3070825024215,False,True
paper,paper-pareto-n100-d1,high_volume,test,oracle_mf_mpc,0.03,1738,100,1,720000,0.41184027777777776,ok,,747.1022844408793,3699.512382419729,False,True
paper,paper-pareto-n100-d1,high_volume,test,oracle_mf_mpc,0.1,1738,100,1,720000,0.35541666666666666,ok,,727.229801816637,2949.674775660717,False,True
paper,paper-pareto-n100-d1,high_volume,test,oracle_mf_mpc,0.3,1738,100,1,720000,0.33444444444444443,ok,,801.8740089931014,3744.726408644722,False,True
paper,paper-pareto-n100-d1,high_volume,test,oracle_mf_mpc,1.0,1738,100,1,720000,0.3030208333333333,ok,,1062.4394738983206,3701.8764844756865,False,True
paper,paper-pareto-n100-d1,high_volume,test,oracle_mf_mpc,3.0,1738,100,1,720000,0.2921180555555556,ok,,1428.768432780853,4366.070157099576,False,True
paper,paper-pareto-n100-d1,high_volume,test,oracle_mf_mpc,100.0,1738,100,1,720000,0.2814930555555556,ok,,1553.6452138821064,3886.1917124138163,True,True
paper,paper-pareto-n100-d1,bursty,validation,seasonal_mf_mpc,0.01,1734,100,1,104771,0.7185069444444444,ok,,364430.8045807564,416092.77701266017,False,True
paper,paper-pareto-n100-d1,bursty,validation,seasonal_mf_mpc,0.03,1734,100,1,104771,0.1634722222222222,ok,,634686.6240141566,707798.2014091099,False,True
paper,paper-pareto-n100-d1,bursty,validation,seasonal_mf_mpc,0.1,1734,100,1,104771,0.10388888888888889,ok,,1231498.4972013135,1275094.7528785511,False,True
paper,paper-pareto-n100-d1,bursty,validation,seasonal_mf_mpc,0.3,1734,100,1,104771,0.08388888888888889,ok,,1495429.413885201,1631996.5985081324,False,True
paper,paper-pareto-n100-d1,bursty,validation,seasonal_mf_mpc,1.0,1734,100,1,104771,0.0638888888888889,ok,,2081208.1314628758,2101983.56313319,True,True
paper,paper-pareto-n100-d1,bursty,validation,seasonal_mf_mpc,3.0,1734,100,1,104771,0.0638888888888889,ok,,2081208.1314628758,2101983.56313319,False,True
paper,paper-pareto-n100-d1,bursty,validation,ewma_mf_mpc,0.01,1734,100,1,104771,0.9344444444444444,ok,,104008.98245662817,127992.3528933158,False,True
paper,paper-pareto-n100-d1,bursty,validation,ewma_mf_mpc,0.03,1734,100,1,104771,0.4287152777777778,ok,,371891.79813438875,427008.880288395,False,True
paper,paper-pareto-n100-d1,bursty,validation,ewma_mf_mpc,0.1,1734,100,1,104771,0.35184027777777777,ok,,495560.1086909122,518084.4095861894,False,True
paper,paper-pareto-n100-d1,bursty,validation,ewma_mf_mpc,0.3,1734,100,1,104771,0.3160763888888889,ok,,744797.0151408977,791725.7388192584,False,True
paper,paper-pareto-n100-d1,bursty,validation,ewma_mf_mpc,1.0,1734,100,1,104771,0.2823611111111111,ok,,1004583.8670549635,1064629.0911285705,False,True
paper,paper-pareto-n100-d1,bursty,validation,ewma_mf_mpc,3.0,1734,100,1,104771,0.2670486111111111,ok,,904669.8823708496,921637.9408066293,False,True
paper,paper-pareto-n100-d1,bursty,validation,ewma_mf_mpc,100.0,1734,100,1,104771,0.2523611111111111,ok,,988078.8139063866,1049829.1646074401,True,True
paper,paper-pareto-n100-d1,bursty,validation,gp_mean_mf_mpc,0.01,1734,100,1,104771,0.9410416666666667,ok,,100778.78466730854,133908.2274624001,False,True
paper,paper-pareto-n100-d1,bursty,validation,gp_mean_mf_mpc,0.03,1734,100,1,104771,0.5375,ok,,304967.0005331547,413528.81862733024,False,True
paper,paper-pareto-n100-d1,bursty,validation,gp_mean_mf_mpc,0.1,1734,100,1,104771,0.41951388888888885,ok,,508573.07717662875,624176.6500733212,False,True
paper,paper-pareto-n100-d1,bursty,validation,gp_mean_mf_mpc,0.3,1734,100,1,104771,0.3336805555555556,ok,,343958.8859005774,478531.2415832742,False,True
paper,paper-pareto-n100-d1,bursty,validation,gp_mean_mf_mpc,1.0,1734,100,1,104771,0.2785416666666667,ok,,260833.08604847576,349692.243000002,False,True
paper,paper-pareto-n100-d1,bursty,validation,gp_mean_mf_mpc,3.0,1734,100,1,104771,0.2526041666666667,ok,,202629.34316398198,242681.63626939902,False,True
paper,paper-pareto-n100-d1,bursty,validation,gp_mean_mf_mpc,100.0,1734,100,1,104771,0.2254861111111111,ok,,245825.994150216,273573.13930191466,True,True
paper,paper-pareto-n100-d1,bursty,validation,gp_ucb_mf_mpc,0.01,1734,100,1,104771,0.9676736111111112,ok,,103268.78625513526,131733.5044803913,False,True
paper,paper-pareto-n100-d1,bursty,validation,gp_ucb_mf_mpc,0.03,1734,100,1,104771,0.7444444444444445,ok,,175241.1122506411,206249.68879782304,False,True
paper,paper-pareto-n100-d1,bursty,validation,gp_ucb_mf_mpc,0.1,1734,100,1,104771,0.5788541666666667,ok,,245002.37158191483,301507.32085592265,False,True
paper,paper-pareto-n100-d1,bursty,validation,gp_ucb_mf_mpc,0.3,1734,100,1,104771,0.46125,ok,,246401.05264843185,409422.3285440174,False,True
paper,paper-pareto-n100-d1,bursty,validation,gp_ucb_mf_mpc,1.0,1734,100,1,104771,0.36777777777777776,ok,,216141.96481440595,360169.35190854076,False,True
paper,paper-pareto-n100-d1,bursty,validation,gp_ucb_mf_mpc,3.0,1734,100,1,104771,0.3144444444444444,ok,,188874.86614239664,277205.0346043752,False,True
paper,paper-pareto-n100-d1,bursty,validation,gp_ucb_mf_mpc,100.0,1734,100,1,104771,0.25309027777777776,ok,,194569.7278949747,223461.93890859958,True,True
paper,paper-pareto-n100-d1,bursty,validation,oracle_mf_mpc,0.01,1734,100,1,104771,0.8943055555555556,ok,,98562.83597333326,122091.6098070028,False,True
paper,paper-pareto-n100-d1,bursty,validation,oracle_mf_mpc,0.03,1734,100,1,104771,0.23149305555555558,ok,,341338.1743087615,478303.2071479593,False,True
paper,paper-pareto-n100-d1,bursty,validation,oracle_mf_mpc,0.1,1734,100,1,104771,0.15961805555555555,ok,,490210.0138665045,560518.4077900272,False,True
paper,paper-pareto-n100-d1,bursty,validation,oracle_mf_mpc,0.3,1734,100,1,104771,0.14065972222222223,ok,,532969.645223495,609010.303774513,False,True
paper,paper-pareto-n100-d1,bursty,validation,oracle_mf_mpc,1.0,1734,100,1,104771,0.12170138888888889,ok,,822873.3516806229,837102.9230898037,True,True
paper,paper-pareto-n100-d1,bursty,validation,oracle_mf_mpc,3.0,1734,100,1,104771,0.12170138888888889,ok,,822873.3516806229,837102.9230898037,False,True
paper,paper-pareto-n100-d1,bursty,validation,seasonal_mf_mpc,0.01,1732,100,1,104540,0.7185069444444444,ok,,341906.53039622307,399697.8355488474,False,True
paper,paper-pareto-n100-d1,bursty,validation,seasonal_mf_mpc,0.03,1732,100,1,104540,0.1634722222222222,ok,,625315.201687147,761563.4934209646,False,True
paper,paper-pareto-n100-d1,bursty,validation,seasonal_mf_mpc,0.1,1732,100,1,104540,0.10388888888888889,ok,,1140504.309829216,1167131.8508863642,False,True
paper,paper-pareto-n100-d1,bursty,validation,seasonal_mf_mpc,0.3,1732,100,1,104540,0.08388888888888889,ok,,1472493.552157386,1532645.5947181191,False,True
paper,paper-pareto-n100-d1,bursty,validation,seasonal_mf_mpc,1.0,1732,100,1,104540,0.0638888888888889,ok,,2025211.5114171405,2047693.4660477685,True,True
paper,paper-pareto-n100-d1,bursty,validation,seasonal_mf_mpc,3.0,1732,100,1,104540,0.0638888888888889,ok,,2025211.5114171405,2047693.4660477685,False,True
paper,paper-pareto-n100-d1,bursty,validation,ewma_mf_mpc,0.01,1732,100,1,104540,0.9344444444444444,ok,,98646.98468465358,128108.71945716858,False,True
paper,paper-pareto-n100-d1,bursty,validation,ewma_mf_mpc,0.03,1732,100,1,104540,0.4287152777777778,ok,,357750.8255806181,403138.057111003,False,True
paper,paper-pareto-n100-d1,bursty,validation,ewma_mf_mpc,0.1,1732,100,1,104540,0.35184027777777777,ok,,509811.377613086,539669.521224418,False,True
paper,paper-pareto-n100-d1,bursty,validation,ewma_mf_mpc,0.3,1732,100,1,104540,0.3160763888888889,ok,,722340.3412661492,784113.9805954469,False,True
paper,paper-pareto-n100-d1,bursty,validation,ewma_mf_mpc,1.0,1732,100,1,104540,0.2823611111111111,ok,,1072823.458339908,1108430.4594750355,False,True
paper,paper-pareto-n100-d1,bursty,validation,ewma_mf_mpc,3.0,1732,100,1,104540,0.2670486111111111,ok,,979292.8106268833,996699.3040017561,False,True
paper,paper-pareto-n100-d1,bursty,validation,ewma_mf_mpc,100.0,1732,100,1,104540,0.2523611111111111,ok,,1011321.6125015479,1067070.4952573979,True,True
paper,paper-pareto-n100-d1,bursty,validation,gp_mean_mf_mpc,0.01,1732,100,1,104540,0.9410416666666667,ok,,95051.24616923985,117647.98826609996,False,True
paper,paper-pareto-n100-d1,bursty,validation,gp_mean_mf_mpc,0.03,1732,100,1,104540,0.5375,ok,,264619.8460388375,297673.2894880429,False,True
paper,paper-pareto-n100-d1,bursty,validation,gp_mean_mf_mpc,0.1,1732,100,1,104540,0.41951388888888885,ok,,337559.34155914956,436553.8311344471,False,True
paper,paper-pareto-n100-d1,bursty,validation,gp_mean_mf_mpc,0.3,1732,100,1,104540,0.3336805555555556,ok,,458408.9758471866,503598.87418431777,False,True
paper,paper-pareto-n100-d1,bursty,validation,gp_mean_mf_mpc,1.0,1732,100,1,104540,0.2785416666666667,ok,,269335.18620342476,349529.04269229283,False,True
paper,paper-pareto-n100-d1,bursty,validation,gp_mean_mf_mpc,3.0,1732,100,1,104540,0.2526041666666667,ok,,174786.60963201057,196718.7816505527,False,True
paper,paper-pareto-n100-d1,bursty,validation,gp_mean_mf_mpc,100.0,1732,100,1,104540,0.2254861111111111,ok,,292193.7367838865,327049.746697394,True,True
paper,paper-pareto-n100-d1,bursty,validation,gp_ucb_mf_mpc,0.01,1732,100,1,104540,0.9676736111111112,ok,,97801.38137763625,123977.18193773768,False,True
paper,paper-pareto-n100-d1,bursty,validation,gp_ucb_mf_mpc,0.03,1732,100,1,104540,0.7444444444444445,ok,,152073.93381617375,194739.53120270712,False,True
paper,paper-pareto-n100-d1,bursty,validation,gp_ucb_mf_mpc,0.1,1732,100,1,104540,0.5788541666666667,ok,,201527.59556132622,235311.74645371956,False,True
paper,paper-pareto-n100-d1,bursty,validation,gp_ucb_mf_mpc,0.3,1732,100,1,104540,0.46125,ok,,240511.4004226687,319191.55403960467,False,True
paper,paper-pareto-n100-d1,bursty,validation,gp_ucb_mf_mpc,1.0,1732,100,1,104540,0.36777777777777776,ok,,300045.82564379164,393589.84139204613,False,True
paper,paper-pareto-n100-d1,bursty,validation,gp_ucb_mf_mpc,3.0,1732,100,1,104540,0.3144444444444444,ok,,220217.42363097824,325071.8359448828,False,True
paper,paper-pareto-n100-d1,bursty,validation,gp_ucb_mf_mpc,100.0,1732,100,1,104540,0.25309027777777776,ok,,196419.6884547426,218647.52133151464,True,True
paper,paper-pareto-n100-d1,bursty,validation,oracle_mf_mpc,0.01,1732,100,1,104540,0.8943055555555556,ok,,93451.60404922804,116213.05854639862,False,True
paper,paper-pareto-n100-d1,bursty,validation,oracle_mf_mpc,0.03,1732,100,1,104540,0.23149305555555558,ok,,320917.78801222815,402610.323163878,False,True
paper,paper-pareto-n100-d1,bursty,validation,oracle_mf_mpc,0.1,1732,100,1,104540,0.15961805555555555,ok,,374411.7290563331,421353.2659809783,False,True
paper,paper-pareto-n100-d1,bursty,validation,oracle_mf_mpc,0.3,1732,100,1,104540,0.14065972222222223,ok,,509439.4276532609,530288.155094482,False,True
paper,paper-pareto-n100-d1,bursty,validation,oracle_mf_mpc,1.0,1732,100,1,104540,0.12170138888888889,ok,,833857.9790982301,847761.4191603485,True,True
paper,paper-pareto-n100-d1,bursty,validation,oracle_mf_mpc,3.0,1732,100,1,104540,0.12170138888888889,ok,,833857.9790982301,847761.4191603485,False,True
paper,paper-pareto-n100-d1,bursty,validation,seasonal_mf_mpc,0.01,1729,100,1,104542,0.7185069444444444,ok,,363933.07123856654,439128.51980851125,False,True
paper,paper-pareto-n100-d1,bursty,validation,seasonal_mf_mpc,0.03,1729,100,1,104542,0.1634722222222222,ok,,619396.3573273587,728926.9535945477,False,True
paper,paper-pareto-n100-d1,bursty,validation,seasonal_mf_mpc,0.1,1729,100,1,104542,0.10388888888888889,ok,,1128303.190231228,1198105.5361086607,False,True
paper,paper-pareto-n100-d1,bursty,validation,seasonal_mf_mpc,0.3,1729,100,1,104542,0.08388888888888889,ok,,1459322.7735604136,1536876.4792201933,False,True
paper,paper-pareto-n100-d1,bursty,validation,seasonal_mf_mpc,1.0,1729,100,1,104542,0.0638888888888889,ok,,2086935.274199797,2113888.621112875,True,True
paper,paper-pareto-n100-d1,bursty,validation,seasonal_mf_mpc,3.0,1729,100,1,104542,0.0638888888888889,ok,,2086935.274199797,2113888.621112875,False,True
paper,paper-pareto-n100-d1,bursty,validation,ewma_mf_mpc,0.01,1729,100,1,104542,0.9344444444444444,ok,,98261.98132866323,128063.96587699188,False,True
paper,paper-pareto-n100-d1,bursty,validation,ewma_mf_mpc,0.03,1729,100,1,104542,0.4287152777777778,ok,,345907.40994459373,382879.99749611673,False,True
paper,paper-pareto-n100-d1,bursty,validation,ewma_mf_mpc,0.1,1729,100,1,104542,0.35184027777777777,ok,,523317.57995503367,710669.7387467123,False,True
paper,paper-pareto-n100-d1,bursty,validation,ewma_mf_mpc,0.3,1729,100,1,104542,0.3160763888888889,ok,,715644.2307018442,729459.1750818812,False,True
paper,paper-pareto-n100-d1,bursty,validation,ewma_mf_mpc,1.0,1729,100,1,104542,0.2823611111111111,ok,,878984.1279236892,895285.75321284,False,True
paper,paper-pareto-n100-d1,bursty,validation,ewma_mf_mpc,3.0,1729,100,1,104542,0.2670486111111111,ok,,912791.4488093456,1013170.7341583535,False,True
paper,paper-pareto-n100-d1,bursty,validation,ewma_mf_mpc,100.0,1729,100,1,104542,0.2523611111111111,ok,,964271.8433757455,976882.2699417707,True,True
paper,paper-pareto-n100-d1,bursty,validation,gp_mean_mf_mpc,0.01,1729,100,1,104542,0.9410416666666667,ok,,96385.01111795289,126362.68625203043,False,True
paper,paper-pareto-n100-d1,bursty,validation,gp_mean_mf_mpc,0.03,1729,100,1,104542,0.5375,ok,,256214.6682608743,279987.3439277097,False,True
paper,paper-pareto-n100-d1,bursty,validation,gp_mean_mf_mpc,0.1,1729,100,1,104542,0.41951388888888885,ok,,372523.43727042223,406921.9378718558,False,True
paper,paper-pareto-n100-d1,bursty,validation,gp_mean_mf_mpc,0.3,1729,100,1,104542,0.3336805555555556,ok,,338469.75767449447,457659.09910960816,False,True
paper,paper-pareto-n100-d1,bursty,validation,gp_mean_mf_mpc,1.0,1729,100,1,104542,0.2785416666666667,ok,,310327.9968990156,474652.6105042391,False,True
paper,paper-pareto-n100-d1,bursty,validation,gp_mean_mf_mpc,3.0,1729,100,1,104542,0.2526041666666667,ok,,183589.6463758212,208769.94148076503,False,True
paper,paper-pareto-n100-d1,bursty,validation,gp_mean_mf_mpc,100.0,1729,100,1,104542,0.2254861111111111,ok,,262138.62869997497,304023.5857693182,True,True
paper,paper-pareto-n100-d1,bursty,validation,gp_ucb_mf_mpc,0.01,1729,100,1,104542,0.9676736111111112,ok,,93928.64478008419,116877.10849195528,False,True
paper,paper-pareto-n100-d1,bursty,validation,gp_ucb_mf_mpc,0.03,1729,100,1,104542,0.7444444444444445,ok,,172632.22700109502,206786.67340198794,False,True
paper,paper-pareto-n100-d1,bursty,validation,gp_ucb_mf_mpc,0.1,1729,100,1,104542,0.5788541666666667,ok,,237578.80073284288,269218.46929044306,False,True
paper,paper-pareto-n100-d1,bursty,validation,gp_ucb_mf_mpc,0.3,1729,100,1,104542,0.46125,ok,,236657.28091152935,311676.86515106884,False,True
paper,paper-pareto-n100-d1,bursty,validation,gp_ucb_mf_mpc,1.0,1729,100,1,104542,0.36777777777777776,ok,,279959.209409845,361013.21400745114,False,True
paper,paper-pareto-n100-d1,bursty,validation,gp_ucb_mf_mpc,3.0,1729,100,1,104542,0.3144444444444444,ok,,210790.9912391507,342942.7270412016,False,True
paper,paper-pareto-n100-d1,bursty,validation,gp_ucb_mf_mpc,100.0,1729,100,1,104542,0.25309027777777776,ok,,190835.69706823924,277052.9850722724,True,True
paper,paper-pareto-n100-d1,bursty,validation,oracle_mf_mpc,0.01,1729,100,1,104542,0.8943055555555556,ok,,96137.82484439856,121930.7962470789,False,True
paper,paper-pareto-n100-d1,bursty,validation,oracle_mf_mpc,0.03,1729,100,1,104542,0.23149305555555558,ok,,302152.9066315626,344461.871200159,False,True
paper,paper-pareto-n100-d1,bursty,validation,oracle_mf_mpc,0.1,1729,100,1,104542,0.15961805555555555,ok,,456061.44309111306,582493.4958310751,False,True
paper,paper-pareto-n100-d1,bursty,validation,oracle_mf_mpc,0.3,1729,100,1,104542,0.14065972222222223,ok,,613902.1635287064,664887.7217182216,False,True
paper,paper-pareto-n100-d1,bursty,validation,oracle_mf_mpc,1.0,1729,100,1,104542,0.12170138888888889,ok,,575990.3459602197,589206.6546785852,True,True
paper,paper-pareto-n100-d1,bursty,validation,oracle_mf_mpc,3.0,1729,100,1,104542,0.12170138888888889,ok,,575990.3459602197,589206.6546785852,False,True
paper,paper-pareto-n100-d1,bursty,validation,seasonal_mf_mpc,0.01,1730,100,1,104836,0.7185069444444444,ok,,345229.97572757554,386172.9506812669,False,True
paper,paper-pareto-n100-d1,bursty,validation,seasonal_mf_mpc,0.03,1730,100,1,104836,0.1634722222222222,ok,,627467.0445722801,672310.3953860707,False,True
paper,paper-pareto-n100-d1,bursty,validation,seasonal_mf_mpc,0.1,1730,100,1,104836,0.10388888888888889,ok,,1122275.480316041,1155685.9757261414,False,True
paper,paper-pareto-n100-d1,bursty,validation,seasonal_mf_mpc,0.3,1730,100,1,104836,0.08388888888888889,ok,,1409133.8730866995,1427662.9353490728,False,True
paper,paper-pareto-n100-d1,bursty,validation,seasonal_mf_mpc,1.0,1730,100,1,104836,0.0638888888888889,ok,,2049780.6873187,2080215.4439913896,True,True
paper,paper-pareto-n100-d1,bursty,validation,seasonal_mf_mpc,3.0,1730,100,1,104836,0.0638888888888889,ok,,2049780.6873187,2080215.4439913896,False,True
paper,paper-pareto-n100-d1,bursty,validation,ewma_mf_mpc,0.01,1730,100,1,104836,0.9344444444444444,ok,,97902.10422751603,127852.4321949754,False,True
paper,paper-pareto-n100-d1,bursty,validation,ewma_mf_mpc,0.03,1730,100,1,104836,0.4287152777777778,ok,,336570.8214963902,356978.89794700703,False,True
paper,paper-pareto-n100-d1,bursty,validation,ewma_mf_mpc,0.1,1730,100,1,104836,0.35184027777777777,ok,,470697.7481693601,536410.7704384394,False,True
paper,paper-pareto-n100-d1,bursty,validation,ewma_mf_mpc,0.3,1730,100,1,104836,0.3160763888888889,ok,,681468.6940400315,700038.0333752959,False,True
paper,paper-pareto-n100-d1,bursty,validation,ewma_mf_mpc,1.0,1730,100,1,104836,0.2823611111111111,ok,,881971.9126410681,913337.3655385188,False,True
paper,paper-pareto-n100-d1,bursty,validation,ewma_mf_mpc,3.0,1730,100,1,104836,0.2670486111111111,ok,,913901.2483037837,946992.5937944804,False,True
paper,paper-pareto-n100-d1,bursty,validation,ewma_mf_mpc,100.0,1730,100,1,104836,0.2523611111111111,ok,,889663.7495463917,930810.256669695,True,True
paper,paper-pareto-n100-d1,bursty,validation,gp_mean_mf_mpc,0.01,1730,100,1,104836,0.9410416666666667,ok,,92173.60209762902,120522.6081298526,False,True
paper,paper-pareto-n100-d1,bursty,validation,gp_mean_mf_mpc,0.03,1730,100,1,104836,0.5375,ok,,232033.64669351562,273048.99026415875,False,True
paper,paper-pareto-n100-d1,bursty,validation,gp_mean_mf_mpc,0.1,1730,100,1,104836,0.41951388888888885,ok,,293939.63608403865,320235.0470997924,False,True
paper,paper-pareto-n100-d1,bursty,validation,gp_mean_mf_mpc,0.3,1730,100,1,104836,0.3336805555555556,ok,,361828.7035081822,403039.09237368876,False,True
paper,paper-pareto-n100-d1,bursty,validation,gp_mean_mf_mpc,1.0,1730,100,1,104836,0.2785416666666667,ok,,212598.85070315492,248710.3372340919,False,True
paper,paper-pareto-n100-d1,bursty,validation,gp_mean_mf_mpc,3.0,1730,100,1,104836,0.2526041666666667,ok,,191548.39664616753,273894.34614538343,False,True
paper,paper-pareto-n100-d1,bursty,validation,gp_mean_mf_mpc,100.0,1730,100,1,104836,0.2254861111111111,ok,,269793.0346212889,289416.98245551746,True,True
paper,paper-pareto-n100-d1,bursty,validation,gp_ucb_mf_mpc,0.01,1730,100,1,104836,0.9676736111111112,ok,,93743.0537366649,120063.94049426547,False,True
paper,paper-pareto-n100-d1,bursty,validation,gp_ucb_mf_mpc,0.03,1730,100,1,104836,0.7444444444444445,ok,,159536.26010523207,191504.1173984239,False,True
paper,paper-pareto-n100-d1,bursty,validation,gp_ucb_mf_mpc,0.1,1730,100,1,104836,0.5788541666666667,ok,,201387.37602014496,234973.0536043814,False,True
paper,paper-pareto-n100-d1,bursty,validation,gp_ucb_mf_mpc,0.3,1730,100,1,104836,0.46125,ok,,233696.92495542145,279815.03207679646,False,True
paper,paper-pareto-n100-d1,bursty,validation,gp_ucb_mf_mpc,1.0,1730,100,1,104836,0.36777777777777776,ok,,271051.74331908725,351625.8507878918,False,True
paper,paper-pareto-n100-d1,bursty,validation,gp_ucb_mf_mpc,3.0,1730,100,1,104836,0.3144444444444444,ok,,181411.4724107578,251187.25566591506,False,True
paper,paper-pareto-n100-d1,bursty,validation,gp_ucb_mf_mpc,100.0,1730,100,1,104836,0.25309027777777776,ok,,188711.38284850135,214994.54493886404,True,True
paper,paper-pareto-n100-d1,bursty,validation,oracle_mf_mpc,0.01,1730,100,1,104836,0.8943055555555556,ok,,93476.29524353474,121770.96349064709,False,True
paper,paper-pareto-n100-d1,bursty,validation,oracle_mf_mpc,0.03,1730,100,1,104836,0.23149305555555558,ok,,277392.4561567096,305140.0449191421,False,True
paper,paper-pareto-n100-d1,bursty,validation,oracle_mf_mpc,0.1,1730,100,1,104836,0.15961805555555555,ok,,433844.713977299,492782.61033718276,False,True
paper,paper-pareto-n100-d1,bursty,validation,oracle_mf_mpc,0.3,1730,100,1,104836,0.14065972222222223,ok,,557559.4488964227,570927.2656880786,False,True
paper,paper-pareto-n100-d1,bursty,validation,oracle_mf_mpc,1.0,1730,100,1,104836,0.12170138888888889,ok,,738417.4449255273,764570.1990781256,True,True
paper,paper-pareto-n100-d1,bursty,validation,oracle_mf_mpc,3.0,1730,100,1,104836,0.12170138888888889,ok,,738417.4449255273,764570.1990781256,False,True
paper,paper-pareto-n100-d1,bursty,validation,seasonal_mf_mpc,0.01,1733,100,1,105054,0.7185069444444444,ok,,361382.3065702636,408940.1901127649,False,True
paper,paper-pareto-n100-d1,bursty,validation,seasonal_mf_mpc,0.03,1733,100,1,105054,0.1634722222222222,ok,,620379.1113576862,715802.9170314511,False,True
paper,paper-pareto-n100-d1,bursty,validation,seasonal_mf_mpc,0.1,1733,100,1,105054,0.10388888888888889,ok,,1110898.2444526355,1129293.9384345303,False,True
paper,paper-pareto-n100-d1,bursty,validation,seasonal_mf_mpc,0.3,1733,100,1,105054,0.08388888888888889,ok,,1564367.578100115,1663942.8140448432,False,True
paper,paper-pareto-n100-d1,bursty,validation,seasonal_mf_mpc,1.0,1733,100,1,105054,0.0638888888888889,ok,,2083318.4776338083,2110253.718914657,True,True
paper,paper-pareto-n100-d1,bursty,validation,seasonal_mf_mpc,3.0,1733,100,1,105054,0.0638888888888889,ok,,2083318.4776338083,2110253.718914657,False,True
paper,paper-pareto-n100-d1,bursty,validation,ewma_mf_mpc,0.01,1733,100,1,105054,0.9344444444444444,ok,,97289.02102303425,120449.3319862287,False,True
paper,paper-pareto-n100-d1,bursty,validation,ewma_mf_mpc,0.03,1733,100,1,105054,0.4287152777777778,ok,,364086.8557527096,446640.183720773,False,True
paper,paper-pareto-n100-d1,bursty,validation,ewma_mf_mpc,0.1,1733,100,1,105054,0.35184027777777777,ok,,508141.04487050994,543252.603552986,False,True
paper,paper-pareto-n100-d1,bursty,validation,ewma_mf_mpc,0.3,1733,100,1,105054,0.3160763888888889,ok,,684779.1571658106,715382.0345243807,False,True
paper,paper-pareto-n100-d1,bursty,validation,ewma_mf_mpc,1.0,1733,100,1,105054,0.2823611111111111,ok,,965835.08670017,1002845.5048269636,False,True
paper,paper-pareto-n100-d1,bursty,validation,ewma_mf_mpc,3.0,1733,100,1,105054,0.2670486111111111,ok,,879739.2683833747,923844.505749753,False,True
paper,paper-pareto-n100-d1,bursty,validation,ewma_mf_mpc,100.0,1733,100,1,105054,0.2523611111111111,ok,,1067761.776592634,1113875.8007522074,True,True
paper,paper-pareto-n100-d1,bursty,validation,gp_mean_mf_mpc,0.01,1733,100,1,105054,0.9410416666666667,ok,,93621.540952288,119224.70849049196,False,True
paper,paper-pareto-n100-d1,bursty,validation,gp_mean_mf_mpc,0.03,1733,100,1,105054,0.5375,ok,,372221.5968673648,422323.6954040789,False,True
paper,paper-pareto-n100-d1,bursty,validation,gp_mean_mf_mpc,0.1,1733,100,1,105054,0.41951388888888885,ok,,267759.2198218751,385379.0396251835,False,True
paper,paper-pareto-n100-d1,bursty,validation,gp_mean_mf_mpc,0.3,1733,100,1,105054,0.3336805555555556,ok,,260430.639774115,410240.75921125716,False,True
paper,paper-pareto-n100-d1,bursty,validation,gp_mean_mf_mpc,1.0,1733,100,1,105054,0.2785416666666667,ok,,229583.33006383202,296143.69487396046,False,True
paper,paper-pareto-n100-d1,bursty,validation,gp_mean_mf_mpc,3.0,1733,100,1,105054,0.2526041666666667,ok,,172500.88098766684,207716.91963184593,False,True
paper,paper-pareto-n100-d1,bursty,validation,gp_mean_mf_mpc,100.0,1733,100,1,105054,0.2254861111111111,ok,,245277.39980099065,284195.69724055665,True,True
paper,paper-pareto-n100-d1,bursty,validation,gp_ucb_mf_mpc,0.01,1733,100,1,105054,0.9676736111111112,ok,,96998.58501309839,120262.75883612644,False,True
paper,paper-pareto-n100-d1,bursty,validation,gp_ucb_mf_mpc,0.03,1733,100,1,105054,0.7444444444444445,ok,,162053.33989347226,181361.50306315543,False,True
paper,paper-pareto-n100-d1,bursty,validation,gp_ucb_mf_mpc,0.1,1733,100,1,105054,0.5788541666666667,ok,,239593.1276924518,283469.2304240299,False,True
paper,paper-pareto-n100-d1,bursty,validation,gp_ucb_mf_mpc,0.3,1733,100,1,105054,0.46125,ok,,243506.9339104549,350345.84471607517,False,True
paper,paper-pareto-n100-d1,bursty,validation,gp_ucb_mf_mpc,1.0,1733,100,1,105054,0.36777777777777776,ok,,254113.59009935477,313366.0611418116,False,True
paper,paper-pareto-n100-d1,bursty,validation,gp_ucb_mf_mpc,3.0,1733,100,1,105054,0.3144444444444444,ok,,224264.859078437,293728.58009445755,False,True
paper,paper-pareto-n100-d1,bursty,validation,gp_ucb_mf_mpc,100.0,1733,100,1,105054,0.25309027777777776,ok,,185417.16122479818,210448.32264902003,True,True
paper,paper-pareto-n100-d1,bursty,validation,oracle_mf_mpc,0.01,1733,100,1,105054,0.8943055555555556,ok,,97164.75559370626,124987.14995837856,False,True
paper,paper-pareto-n100-d1,bursty,validation,oracle_mf_mpc,0.03,1733,100,1,105054,0.23149305555555558,ok,,317868.8875430725,437207.42650067346,False,True
paper,paper-pareto-n100-d1,bursty,validation,oracle_mf_mpc,0.1,1733,100,1,105054,0.15961805555555555,ok,,431312.5927843437,479402.0093905737,False,True
paper,paper-pareto-n100-d1,bursty,validation,oracle_mf_mpc,0.3,1733,100,1,105054,0.14065972222222223,ok,,607549.356943329,672178.0917588117,False,True
paper,paper-pareto-n100-d1,bursty,validation,oracle_mf_mpc,1.0,1733,100,1,105054,0.12170138888888889,ok,,602640.8383983941,627132.0656524225,True,True
paper,paper-pareto-n100-d1,bursty,validation,oracle_mf_mpc,3.0,1733,100,1,105054,0.12170138888888889,ok,,602640.8383983941,627132.0656524225,False,True
paper,paper-pareto-n100-d1,bursty,validation,seasonal_mf_mpc,0.01,1731,100,1,104694,0.7185069444444444,ok,,376591.351236533,428389.11897104565,False,True
paper,paper-pareto-n100-d1,bursty,validation,seasonal_mf_mpc,0.03,1731,100,1,104694,0.1634722222222222,ok,,611883.9943693606,708413.9331450855,False,True
paper,paper-pareto-n100-d1,bursty,validation,seasonal_mf_mpc,0.1,1731,100,1,104694,0.10388888888888889,ok,,1139177.058452421,1179386.8603852736,False,True
paper,paper-pareto-n100-d1,bursty,validation,seasonal_mf_mpc,0.3,1731,100,1,104694,0.08388888888888889,ok,,1456061.001877414,1707353.8020379758,False,True
paper,paper-pareto-n100-d1,bursty,validation,seasonal_mf_mpc,1.0,1731,100,1,104694,0.0638888888888889,ok,,2068689.2256409437,2093862.3796740375,True,True
paper,paper-pareto-n100-d1,bursty,validation,seasonal_mf_mpc,3.0,1731,100,1,104694,0.0638888888888889,ok,,2068689.2256409437,2093862.3796740375,False,True
paper,paper-pareto-n100-d1,bursty,validation,ewma_mf_mpc,0.01,1731,100,1,104694,0.9344444444444444,ok,,104966.2148675747,129669.92259614392,False,True
paper,paper-pareto-n100-d1,bursty,validation,ewma_mf_mpc,0.03,1731,100,1,104694,0.4287152777777778,ok,,377471.43791560776,407733.243690829,False,True
paper,paper-pareto-n100-d1,bursty,validation,ewma_mf_mpc,0.1,1731,100,1,104694,0.35184027777777777,ok,,556256.2204564286,576369.1679291562,False,True
paper,paper-pareto-n100-d1,bursty,validation,ewma_mf_mpc,0.3,1731,100,1,104694,0.3160763888888889,ok,,757045.0537043309,776460.2166801221,False,True
paper,paper-pareto-n100-d1,bursty,validation,ewma_mf_mpc,1.0,1731,100,1,104694,0.2823611111111111,ok,,991833.0404385403,1033025.1787934676,False,True
paper,paper-pareto-n100-d1,bursty,validation,ewma_mf_mpc,3.0,1731,100,1,104694,0.2670486111111111,ok,,966774.8461155912,990844.5229337027,False,True
paper,paper-pareto-n100-d1,bursty,validation,ewma_mf_mpc,100.0,1731,100,1,104694,0.2523611111111111,ok,,966403.813352463,975586.5305747079,True,True
paper,paper-pareto-n100-d1,bursty,validation,gp_mean_mf_mpc,0.01,1731,100,1,104694,0.9410416666666667,ok,,101192.70465124701,125826.80180389613,False,True
paper,paper-pareto-n100-d1,bursty,validation,gp_mean_mf_mpc,0.03,1731,100,1,104694,0.5375,ok,,287151.42505521426,320322.3211053761,False,True
paper,paper-pareto-n100-d1,bursty,validation,gp_mean_mf_mpc,0.1,1731,100,1,104694,0.41951388888888885,ok,,449703.0981415967,483215.66798131214,False,True
paper,paper-pareto-n100-d1,bursty,validation,gp_mean_mf_mpc,0.3,1731,100,1,104694,0.3336805555555556,ok,,472931.5414091525,579843.1294740359,False,True
paper,paper-pareto-n100-d1,bursty,validation,gp_mean_mf_mpc,1.0,1731,100,1,104694,0.2785416666666667,ok,,281041.47345423617,355508.7393698803,False,True
paper,paper-pareto-n100-d1,bursty,validation,gp_mean_mf_mpc,3.0,1731,100,1,104694,0.2526041666666667,ok,,181968.44872314326,197772.5956896576,False,True
paper,paper-pareto-n100-d1,bursty,validation,gp_mean_mf_mpc,100.0,1731,100,1,104694,0.2254861111111111,ok,,255917.08288953433,271989.8304165637,True,True
paper,paper-pareto-n100-d1,bursty,validation,gp_ucb_mf_mpc,0.01,1731,100,1,104694,0.9676736111111112,ok,,99424.43118455594,138872.03606279913,False,True
paper,paper-pareto-n100-d1,bursty,validation,gp_ucb_mf_mpc,0.03,1731,100,1,104694,0.7444444444444445,ok,,173245.5181018829,201230.75024455463,False,True
paper,paper-pareto-n100-d1,bursty,validation,gp_ucb_mf_mpc,0.1,1731,100,1,104694,0.5788541666666667,ok,,246654.27979969725,290122.5790683368,False,True
paper,paper-pareto-n100-d1,bursty,validation,gp_ucb_mf_mpc,0.3,1731,100,1,104694,0.46125,ok,,294708.66968136263,343113.36666377215,False,True
paper,paper-pareto-n100-d1,bursty,validation,gp_ucb_mf_mpc,1.0,1731,100,1,104694,0.36777777777777776,ok,,365694.4563339344,492135.88186065643,False,True
paper,paper-pareto-n100-d1,bursty,validation,gp_ucb_mf_mpc,3.0,1731,100,1,104694,0.3144444444444444,ok,,220753.04278894572,306148.1855975473,False,True
paper,paper-pareto-n100-d1,bursty,validation,gp_ucb_mf_mpc,100.0,1731,100,1,104694,0.25309027777777776,ok,,212839.90538044137,239833.21095564094,True,True
paper,paper-pareto-n100-d1,bursty,validation,oracle_mf_mpc,0.01,1731,100,1,104694,0.8943055555555556,ok,,95996.2684624534,117480.33777023696,False,True
paper,paper-pareto-n100-d1,bursty,validation,oracle_mf_mpc,0.03,1731,100,1,104694,0.23149305555555558,ok,,367202.73312103434,427323.21964293363,False,True
paper,paper-pareto-n100-d1,bursty,validation,oracle_mf_mpc,0.1,1731,100,1,104694,0.15961805555555555,ok,,461746.01844210323,485950.39373796515,False,True
paper,paper-pareto-n100-d1,bursty,validation,oracle_mf_mpc,0.3,1731,100,1,104694,0.14065972222222223,ok,,592728.5324987129,611282.1300768233,False,True
paper,paper-pareto-n100-d1,bursty,validation,oracle_mf_mpc,1.0,1731,100,1,104694,0.12170138888888889,ok,,535411.6008473511,548908.1895889384,True,True
paper,paper-pareto-n100-d1,bursty,validation,oracle_mf_mpc,3.0,1731,100,1,104694,0.12170138888888889,ok,,535411.6008473511,548908.1895889384,False,True
paper,paper-pareto-n100-d1,bursty,validation,seasonal_mf_mpc,0.01,1735,100,1,104945,0.7185069444444444,ok,,362732.1752888773,410870.6750227335,False,True
paper,paper-pareto-n100-d1,bursty,validation,seasonal_mf_mpc,0.03,1735,100,1,104945,0.1634722222222222,ok,,632683.6766762254,697914.0122999402,False,True
paper,paper-pareto-n100-d1,bursty,validation,seasonal_mf_mpc,0.1,1735,100,1,104945,0.10388888888888889,ok,,1178152.407719346,1387956.7720518438,False,True
paper,paper-pareto-n100-d1,bursty,validation,seasonal_mf_mpc,0.3,1735,100,1,104945,0.08388888888888889,ok,,1515983.2622498276,1534873.7410783775,False,True
paper,paper-pareto-n100-d1,bursty,validation,seasonal_mf_mpc,1.0,1735,100,1,104945,0.0638888888888889,ok,,2151385.2546666553,2174281.496945175,True,True
paper,paper-pareto-n100-d1,bursty,validation,seasonal_mf_mpc,3.0,1735,100,1,104945,0.0638888888888889,ok,,2151385.2546666553,2174281.496945175,False,True
paper,paper-pareto-n100-d1,bursty,validation,ewma_mf_mpc,0.01,1735,100,1,104945,0.9344444444444444,ok,,104537.58990330069,135378.69261670992,False,True
paper,paper-pareto-n100-d1,bursty,validation,ewma_mf_mpc,0.03,1735,100,1,104945,0.4287152777777778,ok,,372750.1803086611,468636.7839610643,False,True
paper,paper-pareto-n100-d1,bursty,validation,ewma_mf_mpc,0.1,1735,100,1,104945,0.35184027777777777,ok,,546375.2559399793,569000.452967792,False,True
paper,paper-pareto-n100-d1,bursty,validation,ewma_mf_mpc,0.3,1735,100,1,104945,0.3160763888888889,ok,,777428.3954887586,840139.2057811801,False,True
paper,paper-pareto-n100-d1,bursty,validation,ewma_mf_mpc,1.0,1735,100,1,104945,0.2823611111111111,ok,,957379.5575521527,1061537.6361676292,False,True
paper,paper-pareto-n100-d1,bursty,validation,ewma_mf_mpc,3.0,1735,100,1,104945,0.2670486111111111,ok,,1089936.458461365,1226636.0191487388,False,True
paper,paper-pareto-n100-d1,bursty,validation,ewma_mf_mpc,100.0,1735,100,1,104945,0.2523611111111111,ok,,1033442.0267978511,1048184.6762402866,True,True
paper,paper-pareto-n100-d1,bursty,validation,gp_mean_mf_mpc,0.01,1735,100,1,104945,0.9410416666666667,ok,,106145.54824211255,130088.12970256005,False,True
paper,paper-pareto-n100-d1,bursty,validation,gp_mean_mf_mpc,0.03,1735,100,1,104945,0.5375,ok,,243323.2206060281,286879.31074685557,False,True
paper,paper-pareto-n100-d1,bursty,validation,gp_mean_mf_mpc,0.1,1735,100,1,104945,0.41951388888888885,ok,,350709.0239540087,437452.7195112904,False,True
paper,paper-pareto-n100-d1,bursty,validation,gp_mean_mf_mpc,0.3,1735,100,1,104945,0.3336805555555556,ok,,346525.3502514775,429742.12580731366,False,True
paper,paper-pareto-n100-d1,bursty,validation,gp_mean_mf_mpc,1.0,1735,100,1,104945,0.2785416666666667,ok,,303334.09466925624,397708.0088217243,False,True
paper,paper-pareto-n100-d1,bursty,validation,gp_mean_mf_mpc,3.0,1735,100,1,104945,0.2526041666666667,ok,,232479.03879960196,362197.581428004,False,True
paper,paper-pareto-n100-d1,bursty,validation,gp_mean_mf_mpc,100.0,1735,100,1,104945,0.2254861111111111,ok,,251195.56867005854,280851.1208963445,True,True
paper,paper-pareto-n100-d1,bursty,validation,gp_ucb_mf_mpc,0.01,1735,100,1,104945,0.9676736111111112,ok,,99862.71538354694,121043.19011622592,False,True
paper,paper-pareto-n100-d1,bursty,validation,gp_ucb_mf_mpc,0.03,1735,100,1,104945,0.7444444444444445,ok,,182315.63250562234,231614.48518841935,False,True
paper,paper-pareto-n100-d1,bursty,validation,gp_ucb_mf_mpc,0.1,1735,100,1,104945,0.5788541666666667,ok,,228428.14032330303,265611.6484863633,False,True
paper,paper-pareto-n100-d1,bursty,validation,gp_ucb_mf_mpc,0.3,1735,100,1,104945,0.46125,ok,,328105.44310716673,378190.5078840245,False,True
paper,paper-pareto-n100-d1,bursty,validation,gp_ucb_mf_mpc,1.0,1735,100,1,104945,0.36777777777777776,ok,,236498.67983796727,371760.9384780815,False,True
paper,paper-pareto-n100-d1,bursty,validation,gp_ucb_mf_mpc,3.0,1735,100,1,104945,0.3144444444444444,ok,,271576.15927557973,386188.3217540037,False,True
paper,paper-pareto-n100-d1,bursty,validation,gp_ucb_mf_mpc,100.0,1735,100,1,104945,0.25309027777777776,ok,,189461.4677074502,229991.63544013997,True,True
paper,paper-pareto-n100-d1,bursty,validation,oracle_mf_mpc,0.01,1735,100,1,104945,0.8943055555555556,ok,,104158.12239042322,131660.37940584848,False,True
paper,paper-pareto-n100-d1,bursty,validation,oracle_mf_mpc,0.03,1735,100,1,104945,0.23149305555555558,ok,,324587.54576546885,380352.86281288543,False,True
paper,paper-pareto-n100-d1,bursty,validation,oracle_mf_mpc,0.1,1735,100,1,104945,0.15961805555555555,ok,,461703.3749457077,518203.9400849352,False,True
paper,paper-pareto-n100-d1,bursty,validation,oracle_mf_mpc,0.3,1735,100,1,104945,0.14065972222222223,ok,,486499.7710926453,666102.2838724633,False,True
paper,paper-pareto-n100-d1,bursty,validation,oracle_mf_mpc,1.0,1735,100,1,104945,0.12170138888888889,ok,,550026.5545233164,580363.2879001548,True,True
paper,paper-pareto-n100-d1,bursty,validation,oracle_mf_mpc,3.0,1735,100,1,104945,0.12170138888888889,ok,,550026.5545233164,580363.2879001548,False,True
paper,paper-pareto-n100-d1,bursty,validation,seasonal_mf_mpc,0.01,1736,100,1,104674,0.7185069444444444,ok,,327987.2784202528,391540.7910347383,False,True
paper,paper-pareto-n100-d1,bursty,validation,seasonal_mf_mpc,0.03,1736,100,1,104674,0.1634722222222222,ok,,536714.1400394021,662596.8918975433,False,True
paper,paper-pareto-n100-d1,bursty,validation,seasonal_mf_mpc,0.1,1736,100,1,104674,0.10388888888888889,ok,,1045870.7239844789,1102006.583075831,False,True
paper,paper-pareto-n100-d1,bursty,validation,seasonal_mf_mpc,0.3,1736,100,1,104674,0.08388888888888889,ok,,1384426.6804097558,1480058.9827138921,False,True
paper,paper-pareto-n100-d1,bursty,validation,seasonal_mf_mpc,1.0,1736,100,1,104674,0.0638888888888889,ok,,2000392.171546105,2022780.2639839249,True,True
paper,paper-pareto-n100-d1,bursty,validation,seasonal_mf_mpc,3.0,1736,100,1,104674,0.0638888888888889,ok,,2000392.171546105,2022780.2639839249,False,True
paper,paper-pareto-n100-d1,bursty,validation,ewma_mf_mpc,0.01,1736,100,1,104674,0.9344444444444444,ok,,87010.60556776266,112171.54531680216,False,True
paper,paper-pareto-n100-d1,bursty,validation,ewma_mf_mpc,0.03,1736,100,1,104674,0.4287152777777778,ok,,312059.9421419026,340147.40839578863,False,True
paper,paper-pareto-n100-d1,bursty,validation,ewma_mf_mpc,0.1,1736,100,1,104674,0.35184027777777777,ok,,460240.49804918066,503967.93121042254,False,True
paper,paper-pareto-n100-d1,bursty,validation,ewma_mf_mpc,0.3,1736,100,1,104674,0.3160763888888889,ok,,671130.352918944,693464.1695383268,False,True
paper,paper-pareto-n100-d1,bursty,validation,ewma_mf_mpc,1.0,1736,100,1,104674,0.2823611111111111,ok,,917385.0583854652,941701.7525730199,False,True
paper,paper-pareto-n100-d1,bursty,validation,ewma_mf_mpc,3.0,1736,100,1,104674,0.2670486111111111,ok,,909665.1840661474,994183.0867598295,False,True
paper,paper-pareto-n100-d1,bursty,validation,ewma_mf_mpc,100.0,1736,100,1,104674,0.2523611111111111,ok,,872810.7077683329,928596.8279431226,True,True
paper,paper-pareto-n100-d1,bursty,validation,gp_mean_mf_mpc,0.01,1736,100,1,104674,0.9410416666666667,ok,,90655.0877411144,112477.68318280762,False,True
paper,paper-pareto-n100-d1,bursty,validation,gp_mean_mf_mpc,0.03,1736,100,1,104674,0.5375,ok,,204436.42392590197,228446.8429413575,False,True
paper,paper-pareto-n100-d1,bursty,validation,gp_mean_mf_mpc,0.1,1736,100,1,104674,0.41951388888888885,ok,,291575.78091289115,355424.0456382738,False,True
paper,paper-pareto-n100-d1,bursty,validation,gp_mean_mf_mpc,0.3,1736,100,1,104674,0.3336805555555556,ok,,368410.7918831803,481930.0197437028,False,True
paper,paper-pareto-n100-d1,bursty,validation,gp_mean_mf_mpc,1.0,1736,100,1,104674,0.2785416666666667,ok,,190666.66003865495,211886.91854351005,False,True
paper,paper-pareto-n100-d1,bursty,validation,gp_mean_mf_mpc,3.0,1736,100,1,104674,0.2526041666666667,ok,,180902.75969916067,211269.11902508885,False,True
paper,paper-pareto-n100-d1,bursty,validation,gp_mean_mf_mpc,100.0,1736,100,1,104674,0.2254861111111111,ok,,219154.67399429096,251271.46089250964,True,True
paper,paper-pareto-n100-d1,bursty,validation,gp_ucb_mf_mpc,0.01,1736,100,1,104674,0.9676736111111112,ok,,85521.14943212041,108507.46416035377,False,True
paper,paper-pareto-n100-d1,bursty,validation,gp_ucb_mf_mpc,0.03,1736,100,1,104674,0.7444444444444445,ok,,153253.27829971426,182920.91096850098,False,True
paper,paper-pareto-n100-d1,bursty,validation,gp_ucb_mf_mpc,0.1,1736,100,1,104674,0.5788541666666667,ok,,199848.1757935808,264851.149039241,False,True
paper,paper-pareto-n100-d1,bursty,validation,gp_ucb_mf_mpc,0.3,1736,100,1,104674,0.46125,ok,,225132.34234322998,288359.35126158193,False,True
paper,paper-pareto-n100-d1,bursty,validation,gp_ucb_mf_mpc,1.0,1736,100,1,104674,0.36777777777777776,ok,,242723.46472571537,376865.5562271723,False,True
paper,paper-pareto-n100-d1,bursty,validation,gp_ucb_mf_mpc,3.0,1736,100,1,104674,0.3144444444444444,ok,,231807.74141423224,322463.8448739521,False,True
paper,paper-pareto-n100-d1,bursty,validation,gp_ucb_mf_mpc,100.0,1736,100,1,104674,0.25309027777777776,ok,,163836.9604066911,187319.2732565336,True,True
paper,paper-pareto-n100-d1,bursty,validation,oracle_mf_mpc,0.01,1736,100,1,104674,0.8943055555555556,ok,,89074.02627392796,112898.8797645882,False,True
paper,paper-pareto-n100-d1,bursty,validation,oracle_mf_mpc,0.03,1736,100,1,104674,0.23149305555555558,ok,,287366.2161157836,325822.9012717877,False,True
paper,paper-pareto-n100-d1,bursty,validation,oracle_mf_mpc,0.1,1736,100,1,104674,0.15961805555555555,ok,,427170.37249954673,439522.02661782125,False,True
paper,paper-pareto-n100-d1,bursty,validation,oracle_mf_mpc,0.3,1736,100,1,104674,0.14065972222222223,ok,,546150.2617569763,566274.8441144334,False,True
paper,paper-pareto-n100-d1,bursty,validation,oracle_mf_mpc,1.0,1736,100,1,104674,0.12170138888888889,ok,,507279.0935627361,524020.4200617694,True,True
paper,paper-pareto-n100-d1,bursty,validation,oracle_mf_mpc,3.0,1736,100,1,104674,0.12170138888888889,ok,,507279.0935627361,524020.4200617694,False,True
paper,paper-pareto-n100-d1,bursty,validation,seasonal_mf_mpc,0.01,1738,100,1,104651,0.7185069444444444,ok,,365582.9963481772,441448.8251633675,False,True
paper,paper-pareto-n100-d1,bursty,validation,seasonal_mf_mpc,0.03,1738,100,1,104651,0.1634722222222222,ok,,615435.1124730697,862752.5192216646,False,True
paper,paper-pareto-n100-d1,bursty,validation,seasonal_mf_mpc,0.1,1738,100,1,104651,0.10388888888888889,ok,,1187922.667079309,1207709.4086751458,False,True
paper,paper-pareto-n100-d1,bursty,validation,seasonal_mf_mpc,0.3,1738,100,1,104651,0.08388888888888889,ok,,1410662.554402926,1427406.4135108348,False,True
paper,paper-pareto-n100-d1,bursty,validation,seasonal_mf_mpc,1.0,1738,100,1,104651,0.0638888888888889,ok,,2165819.0794156655,2192738.421045867,True,True
paper,paper-pareto-n100-d1,bursty,validation,seasonal_mf_mpc,3.0,1738,100,1,104651,0.0638888888888889,ok,,2165819.0794156655,2192738.421045867,False,True
paper,paper-pareto-n100-d1,bursty,validation,ewma_mf_mpc,0.01,1738,100,1,104651,0.9344444444444444,ok,,101506.35136552634,131454.51595535193,False,True
paper,paper-pareto-n100-d1,bursty,validation,ewma_mf_mpc,0.03,1738,100,1,104651,0.4287152777777778,ok,,364937.0099211929,394780.7512091786,False,True
paper,paper-pareto-n100-d1,bursty,validation,ewma_mf_mpc,0.1,1738,100,1,104651,0.35184027777777777,ok,,480589.68711560674,495449.79025609663,False,True
paper,paper-pareto-n100-d1,bursty,validation,ewma_mf_mpc,0.3,1738,100,1,104651,0.3160763888888889,ok,,686884.8351057775,712836.6222471118,False,True
paper,paper-pareto-n100-d1,bursty,validation,ewma_mf_mpc,1.0,1738,100,1,104651,0.2823611111111111,ok,,840703.629764934,962152.3636635339,False,True
paper,paper-pareto-n100-d1,bursty,validation,ewma_mf_mpc,3.0,1738,100,1,104651,0.2670486111111111,ok,,936065.0674063036,964357.0462708978,False,True
paper,paper-pareto-n100-d1,bursty,validation,ewma_mf_mpc,100.0,1738,100,1,104651,0.2523611111111111,ok,,965839.4994936984,979743.9496955915,True,True
paper,paper-pareto-n100-d1,bursty,validation,gp_mean_mf_mpc,0.01,1738,100,1,104651,0.9410416666666667,ok,,95967.98982753367,118106.81104136686,False,True
paper,paper-pareto-n100-d1,bursty,validation,gp_mean_mf_mpc,0.03,1738,100,1,104651,0.5375,ok,,306403.2016101248,365667.8298857136,False,True
paper,paper-pareto-n100-d1,bursty,validation,gp_mean_mf_mpc,0.1,1738,100,1,104651,0.41951388888888885,ok,,291962.37882351957,388481.3690426701,False,True
paper,paper-pareto-n100-d1,bursty,validation,gp_mean_mf_mpc,0.3,1738,100,1,104651,0.3336805555555556,ok,,313553.18891215656,447006.46548452927,False,True
paper,paper-pareto-n100-d1,bursty,validation,gp_mean_mf_mpc,1.0,1738,100,1,104651,0.2785416666666667,ok,,230321.2002741808,301446.30144348356,False,True
paper,paper-pareto-n100-d1,bursty,validation,gp_mean_mf_mpc,3.0,1738,100,1,104651,0.2526041666666667,ok,,186283.24644264893,207711.78338985457,False,True
paper,paper-pareto-n100-d1,bursty,validation,gp_mean_mf_mpc,100.0,1738,100,1,104651,0.2254861111111111,ok,,223145.80064057317,293580.297154658,True,True
paper,paper-pareto-n100-d1,bursty,validation,gp_ucb_mf_mpc,0.01,1738,100,1,104651,0.9676736111111112,ok,,95286.39996332233,118806.64142845542,False,True
paper,paper-pareto-n100-d1,bursty,validation,gp_ucb_mf_mpc,0.03,1738,100,1,104651,0.7444444444444445,ok,,169222.0645770008,208919.4730434589,False,True
paper,paper-pareto-n100-d1,bursty,validation,gp_ucb_mf_mpc,0.1,1738,100,1,104651,0.5788541666666667,ok,,226017.80858400668,269354.94716305065,False,True
paper,paper-pareto-n100-d1,bursty,validation,gp_ucb_mf_mpc,0.3,1738,100,1,104651,0.46125,ok,,247166.01125127042,349244.0066909025,False,True
paper,paper-pareto-n100-d1,bursty,validation,gp_ucb_mf_mpc,1.0,1738,100,1,104651,0.36777777777777776,ok,,316208.29034095077,387064.5985400544,False,True
paper,paper-pareto-n100-d1,bursty,validation,gp_ucb_mf_mpc,3.0,1738,100,1,104651,0.3144444444444444,ok,,234300.8604832702,332693.9891883908,False,True
paper,paper-pareto-n100-d1,bursty,validation,gp_ucb_mf_mpc,100.0,1738,100,1,104651,0.25309027777777776,ok,,178787.54119416262,219847.02712162508,True,True
paper,paper-pareto-n100-d1,bursty,validation,oracle_mf_mpc,0.01,1738,100,1,104651,0.8943055555555556,ok,,94805.92445003337,114445.07689023495,False,True
paper,paper-pareto-n100-d1,bursty,validation,oracle_mf_mpc,0.03,1738,100,1,104651,0.23149305555555558,ok,,348409.30782457313,379972.91522412666,False,True
paper,paper-pareto-n100-d1,bursty,validation,oracle_mf_mpc,0.1,1738,100,1,104651,0.15961805555555555,ok,,429249.5504932448,453731.2688394627,False,True
paper,paper-pareto-n100-d1,bursty,validation,oracle_mf_mpc,0.3,1738,100,1,104651,0.14065972222222223,ok,,604186.3744727734,648766.9646688348,False,True
paper,paper-pareto-n100-d1,bursty,validation,oracle_mf_mpc,1.0,1738,100,1,104651,0.12170138888888889,ok,,813470.189367388,840604.6895957985,True,True
paper,paper-pareto-n100-d1,bursty,validation,oracle_mf_mpc,3.0,1738,100,1,104651,0.12170138888888889,ok,,813470.189367388,840604.6895957985,False,True
paper,paper-pareto-n100-d1,bursty,validation,seasonal_mf_mpc,0.01,1737,100,1,104778,0.7185069444444444,ok,,352617.00717945304,414175.75903862045,False,True
paper,paper-pareto-n100-d1,bursty,validation,seasonal_mf_mpc,0.03,1737,100,1,104778,0.1634722222222222,ok,,608976.111602332,694244.5798728258,False,True
paper,paper-pareto-n100-d1,bursty,validation,seasonal_mf_mpc,0.1,1737,100,1,104778,0.10388888888888889,ok,,1137175.535316393,1202712.5142297817,False,True
paper,paper-pareto-n100-d1,bursty,validation,seasonal_mf_mpc,0.3,1737,100,1,104778,0.08388888888888889,ok,,1394497.408781639,1546575.707330471,False,True
paper,paper-pareto-n100-d1,bursty,validation,seasonal_mf_mpc,1.0,1737,100,1,104778,0.0638888888888889,ok,,1921154.2544871245,1941634.798723139,True,True
paper,paper-pareto-n100-d1,bursty,validation,seasonal_mf_mpc,3.0,1737,100,1,104778,0.0638888888888889,ok,,1921154.2544871245,1941634.798723139,False,True
paper,paper-pareto-n100-d1,bursty,validation,ewma_mf_mpc,0.01,1737,100,1,104778,0.9344444444444444,ok,,97387.27096187968,124872.78097363701,False,True
paper,paper-pareto-n100-d1,bursty,validation,ewma_mf_mpc,0.03,1737,100,1,104778,0.4287152777777778,ok,,368551.57561101665,423917.0171193681,False,True
paper,paper-pareto-n100-d1,bursty,validation,ewma_mf_mpc,0.1,1737,100,1,104778,0.35184027777777777,ok,,500409.3018276411,540884.3762921867,False,True
paper,paper-pareto-n100-d1,bursty,validation,ewma_mf_mpc,0.3,1737,100,1,104778,0.3160763888888889,ok,,712593.7547388733,775085.2753234257,False,True
paper,paper-pareto-n100-d1,bursty,validation,ewma_mf_mpc,1.0,1737,100,1,104778,0.2823611111111111,ok,,929190.9322083775,954319.3021286826,False,True
paper,paper-pareto-n100-d1,bursty,validation,ewma_mf_mpc,3.0,1737,100,1,104778,0.2670486111111111,ok,,960126.1910257931,994930.5991248302,False,True
paper,paper-pareto-n100-d1,bursty,validation,ewma_mf_mpc,100.0,1737,100,1,104778,0.2523611111111111,ok,,905969.9538937684,931310.5116622243,True,True
paper,paper-pareto-n100-d1,bursty,validation,gp_mean_mf_mpc,0.01,1737,100,1,104778,0.9410416666666667,ok,,93325.69481069157,122356.40448398888,False,True
paper,paper-pareto-n100-d1,bursty,validation,gp_mean_mf_mpc,0.03,1737,100,1,104778,0.5375,ok,,257722.89425111792,303193.68791780464,False,True
paper,paper-pareto-n100-d1,bursty,validation,gp_mean_mf_mpc,0.1,1737,100,1,104778,0.41951388888888885,ok,,390046.6881856237,428687.3898981366,False,True
paper,paper-pareto-n100-d1,bursty,validation,gp_mean_mf_mpc,0.3,1737,100,1,104778,0.3336805555555556,ok,,344988.08306545846,442139.36273621063,False,True
paper,paper-pareto-n100-d1,bursty,validation,gp_mean_mf_mpc,1.0,1737,100,1,104778,0.2785416666666667,ok,,265359.71427754906,290466.9804822936,False,True
paper,paper-pareto-n100-d1,bursty,validation,gp_mean_mf_mpc,3.0,1737,100,1,104778,0.2526041666666667,ok,,199513.78573439067,274660.2769164361,False,True
paper,paper-pareto-n100-d1,bursty,validation,gp_mean_mf_mpc,100.0,1737,100,1,104778,0.2254861111111111,ok,,248489.85638000857,270697.0108971277,True,True
paper,paper-pareto-n100-d1,bursty,validation,gp_ucb_mf_mpc,0.01,1737,100,1,104778,0.9676736111111112,ok,,96227.64286052696,123476.8932657979,False,True
paper,paper-pareto-n100-d1,bursty,validation,gp_ucb_mf_mpc,0.03,1737,100,1,104778,0.7444444444444445,ok,,169192.0175584077,207303.526162905,False,True
paper,paper-pareto-n100-d1,bursty,validation,gp_ucb_mf_mpc,0.1,1737,100,1,104778,0.5788541666666667,ok,,228832.0345498583,259686.6862613492,False,True
paper,paper-pareto-n100-d1,bursty,validation,gp_ucb_mf_mpc,0.3,1737,100,1,104778,0.46125,ok,,281090.3920501295,332809.2630193948,False,True
paper,paper-pareto-n100-d1,bursty,validation,gp_ucb_mf_mpc,1.0,1737,100,1,104778,0.36777777777777776,ok,,254083.20265848876,342963.29604192206,False,True
paper,paper-pareto-n100-d1,bursty,validation,gp_ucb_mf_mpc,3.0,1737,100,1,104778,0.3144444444444444,ok,,238867.27466356446,329072.2573913794,False,True
paper,paper-pareto-n100-d1,bursty,validation,gp_ucb_mf_mpc,100.0,1737,100,1,104778,0.25309027777777776,ok,,202466.96427931226,260274.78678654242,True,True
paper,paper-pareto-n100-d1,bursty,validation,oracle_mf_mpc,0.01,1737,100,1,104778,0.8943055555555556,ok,,92517.44561987357,118225.086128445,False,True
paper,paper-pareto-n100-d1,bursty,validation,oracle_mf_mpc,0.03,1737,100,1,104778,0.23149305555555558,ok,,323182.723939193,423442.355628238,False,True
paper,paper-pareto-n100-d1,bursty,validation,oracle_mf_mpc,0.1,1737,100,1,104778,0.15961805555555555,ok,,488003.30923665466,502996.1567006501,False,True
paper,paper-pareto-n100-d1,bursty,validation,oracle_mf_mpc,0.3,1737,100,1,104778,0.14065972222222223,ok,,485700.34191109496,557279.2935983996,False,True
paper,paper-pareto-n100-d1,bursty,validation,oracle_mf_mpc,1.0,1737,100,1,104778,0.12170138888888889,ok,,535296.7117274187,563508.2139552196,True,True
paper,paper-pareto-n100-d1,bursty,validation,oracle_mf_mpc,3.0,1737,100,1,104778,0.12170138888888889,ok,,535296.7117274187,563508.2139552196,False,True
paper,paper-pareto-n100-d1,bursty,test,seasonal_mf_mpc,0.01,1734,100,1,70283,0.2940277777777778,ok,,284694.1188526496,322262.96219796716,False,True
paper,paper-pareto-n100-d1,bursty,test,seasonal_mf_mpc,0.03,1734,100,1,70283,0.1440972222222222,ok,,350256.52412109886,379654.02213286725,False,True
paper,paper-pareto-n100-d1,bursty,test,seasonal_mf_mpc,0.1,1734,100,1,70283,0.11604166666666665,ok,,423693.1878304821,445737.81280576385,False,True
paper,paper-pareto-n100-d1,bursty,test,seasonal_mf_mpc,0.3,1734,100,1,70283,0.0967361111111111,ok,,515614.9967541683,552493.3514802172,False,True
paper,paper-pareto-n100-d1,bursty,test,seasonal_mf_mpc,1.0,1734,100,1,70283,0.07743055555555556,ok,,737638.4078200462,758955.1689926188,True,True
paper,paper-pareto-n100-d1,bursty,test,seasonal_mf_mpc,3.0,1734,100,1,70283,0.07743055555555556,ok,,737638.4078200462,758955.1689926188,False,True
paper,paper-pareto-n100-d1,bursty,test,ewma_mf_mpc,0.01,1734,100,1,70283,0.5356944444444445,ok,,54696.44692994615,148590.73005691043,False,True
paper,paper-pareto-n100-d1,bursty,test,ewma_mf_mpc,0.03,1734,100,1,70283,0.20559027777777777,ok,,186981.25091529783,219660.32117167537,False,True
paper,paper-pareto-n100-d1,bursty,test,ewma_mf_mpc,0.1,1734,100,1,70283,0.1579513888888889,ok,,226691.15233582119,248514.17909522553,False,True
paper,paper-pareto-n100-d1,bursty,test,ewma_mf_mpc,0.3,1734,100,1,70283,0.13385416666666666,ok,,285634.7149841728,316298.56839463575,False,True
paper,paper-pareto-n100-d1,bursty,test,ewma_mf_mpc,1.0,1734,100,1,70283,0.1103125,ok,,386741.3909569072,404686.5570621096,False,True
paper,paper-pareto-n100-d1,bursty,test,ewma_mf_mpc,3.0,1734,100,1,70283,0.10659722222222222,ok,,387419.0512925011,405334.6809886823,False,True
paper,paper-pareto-n100-d1,bursty,test,ewma_mf_mpc,100.0,1734,100,1,70283,0.10298611111111111,ok,,388668.5007696101,406283.6132412294,True,True
paper,paper-pareto-n100-d1,bursty,test,gp_mean_mf_mpc,0.01,1734,100,1,70283,0.99375,ok,,36366.3467772959,50975.22845411314,False,True
paper,paper-pareto-n100-d1,bursty,test,gp_mean_mf_mpc,0.03,1734,100,1,70283,0.3062152777777778,ok,,47395.016889194616,57974.39919805936,False,True
paper,paper-pareto-n100-d1,bursty,test,gp_mean_mf_mpc,0.1,1734,100,1,70283,0.21871527777777777,ok,,46999.478964042064,65597.89779317687,False,True
paper,paper-pareto-n100-d1,bursty,test,gp_mean_mf_mpc,0.3,1734,100,1,70283,0.1740972222222222,ok,,68227.00378053193,78103.62749734189,False,True
paper,paper-pareto-n100-d1,bursty,test,gp_mean_mf_mpc,1.0,1734,100,1,70283,0.1384375,ok,,46388.71119560245,55129.70461608673,False,True
paper,paper-pareto-n100-d1,bursty,test,gp_mean_mf_mpc,3.0,1734,100,1,70283,0.12802083333333333,ok,,51671.75130583692,72221.36209723503,False,True
paper,paper-pareto-n100-d1,bursty,test,gp_mean_mf_mpc,100.0,1734,100,1,70283,0.1171875,ok,,58989.63954583955,73396.28522365831,True,True
paper,paper-pareto-n100-d1,bursty,test,gp_ucb_mf_mpc,0.01,1734,100,1,70283,0.99375,ok,,36366.3467772959,50975.22845411314,False,True
paper,paper-pareto-n100-d1,bursty,test,gp_ucb_mf_mpc,0.03,1734,100,1,70283,0.525,ok,,39716.110743684745,53550.37183293206,False,True
paper,paper-pareto-n100-d1,bursty,test,gp_ucb_mf_mpc,0.1,1734,100,1,70283,0.3769097222222222,ok,,48798.94116414459,66787.35073773994,False,True
paper,paper-pareto-n100-d1,bursty,test,gp_ucb_mf_mpc,0.3,1734,100,1,70283,0.2878472222222222,ok,,57493.82281386191,73652.24882555517,False,True
paper,paper-pareto-n100-d1,bursty,test,gp_ucb_mf_mpc,1.0,1734,100,1,70283,0.21888888888888888,ok,,48881.45087999214,70281.75527505277,False,True
paper,paper-pareto-n100-d1,bursty,test,gp_ucb_mf_mpc,3.0,1734,100,1,70283,0.17663194444444444,ok,,58162.84481339047,76980.42016951696,False,True
paper,paper-pareto-n100-d1,bursty,test,gp_ucb_mf_mpc,100.0,1734,100,1,70283,0.12371527777777779,ok,,51789.47633354184,62286.91186814579,True,True
paper,paper-pareto-n100-d1,bursty,test,oracle_mf_mpc,0.01,1734,100,1,70283,0.5477777777777778,ok,,36171.87506313234,49746.73367833826,False,True
paper,paper-pareto-n100-d1,bursty,test,oracle_mf_mpc,0.03,1734,100,1,70283,0.1559375,ok,,71485.74988596022,92208.30288965598,False,True
paper,paper-pareto-n100-d1,bursty,test,oracle_mf_mpc,0.1,1734,100,1,70283,0.11010416666666666,ok,,86623.320139577,105987.82251576877,False,True
paper,paper-pareto-n100-d1,bursty,test,oracle_mf_mpc,0.3,1734,100,1,70283,0.09072916666666667,ok,,67213.16123118004,85136.79942294532,False,True
paper,paper-pareto-n100-d1,bursty,test,oracle_mf_mpc,1.0,1734,100,1,70283,0.07135416666666666,ok,,66063.16171258589,78127.59708591102,True,True
paper,paper-pareto-n100-d1,bursty,test,oracle_mf_mpc,3.0,1734,100,1,70283,0.07135416666666666,ok,,66063.16171258589,78127.59708591102,False,True
paper,paper-pareto-n100-d1,bursty,test,seasonal_mf_mpc,0.01,1732,100,1,70118,0.2940277777777778,ok,,300390.0577343386,360422.8112272345,False,True
paper,paper-pareto-n100-d1,bursty,test,seasonal_mf_mpc,0.03,1732,100,1,70118,0.1440972222222222,ok,,351131.87634790427,399835.8115282294,False,True
paper,paper-pareto-n100-d1,bursty,test,seasonal_mf_mpc,0.1,1732,100,1,70118,0.11604166666666665,ok,,424933.66635749553,444879.02938743436,False,True
paper,paper-pareto-n100-d1,bursty,test,seasonal_mf_mpc,0.3,1732,100,1,70118,0.0967361111111111,ok,,525089.6957593929,553728.7623697687,False,True
paper,paper-pareto-n100-d1,bursty,test,seasonal_mf_mpc,1.0,1732,100,1,70118,0.07743055555555556,ok,,749864.907419909,771322.8882933042,True,True
paper,paper-pareto-n100-d1,bursty,test,seasonal_mf_mpc,3.0,1732,100,1,70118,0.07743055555555556,ok,,749864.907419909,771322.8882933042,False,True
paper,paper-pareto-n100-d1,bursty,test,ewma_mf_mpc,0.01,1732,100,1,70118,0.5356944444444445,ok,,51475.95400053696,148234.16052537525,False,True
paper,paper-pareto-n100-d1,bursty,test,ewma_mf_mpc,0.03,1732,100,1,70118,0.20559027777777777,ok,,162665.07827453746,232264.20629773886,False,True
paper,paper-pareto-n100-d1,bursty,test,ewma_mf_mpc,0.1,1732,100,1,70118,0.1579513888888889,ok,,249249.05091802686,267084.44786201953,False,True
paper,paper-pareto-n100-d1,bursty,test,ewma_mf_mpc,0.3,1732,100,1,70118,0.13385416666666666,ok,,288849.9857336003,302295.1587806963,False,True
paper,paper-pareto-n100-d1,bursty,test,ewma_mf_mpc,1.0,1732,100,1,70118,0.1103125,ok,,418763.43663630995,436957.72480390413,False,True
paper,paper-pareto-n100-d1,bursty,test,ewma_mf_mpc,3.0,1732,100,1,70118,0.10659722222222222,ok,,419414.7550045257,437530.74705541926,False,True
paper,paper-pareto-n100-d1,bursty,test,ewma_mf_mpc,100.0,1732,100,1,70118,0.10298611111111111,ok,,420047.0567272443,438408.78715051094,True,True
paper,paper-pareto-n100-d1,bursty,test,gp_mean_mf_mpc,0.01,1732,100,1,70118,0.99375,ok,,36132.80997652174,53537.3147192412,False,True
paper,paper-pareto-n100-d1,bursty,test,gp_mean_mf_mpc,0.03,1732,100,1,70118,0.3062152777777778,ok,,46508.61510066973,73351.24010164342,False,True
paper,paper-pareto-n100-d1,bursty,test,gp_mean_mf_mpc,0.1,1732,100,1,70118,0.21871527777777777,ok,,47128.989697449055,65492.31629805016,False,True
paper,paper-pareto-n100-d1,bursty,test,gp_mean_mf_mpc,0.3,1732,100,1,70118,0.1740972222222222,ok,,45766.71593974496,83793.65857975394,False,True
paper,paper-pareto-n100-d1,bursty,test,gp_mean_mf_mpc,1.0,1732,100,1,70118,0.1384375,ok,,59732.508561027535,86180.08072916589,False,True
paper,paper-pareto-n100-d1,bursty,test,gp_mean_mf_mpc,3.0,1732,100,1,70118,0.12802083333333333,ok,,73552.61692634773,94932.04813080918,False,True
paper,paper-pareto-n100-d1,bursty,test,gp_mean_mf_mpc,100.0,1732,100,1,70118,0.1171875,ok,,45154.14630563551,56285.81359092841,True,True
paper,paper-pareto-n100-d1,bursty,test,gp_ucb_mf_mpc,0.01,1732,100,1,70118,0.99375,ok,,36132.80997652174,53537.3147192412,False,True
paper,paper-pareto-n100-d1,bursty,test,gp_ucb_mf_mpc,0.03,1732,100,1,70118,0.525,ok,,38850.4750765917,56076.11503472741,False,True
paper,paper-pareto-n100-d1,bursty,test,gp_ucb_mf_mpc,0.1,1732,100,1,70118,0.3769097222222222,ok,,44470.09049122518,62042.19045625858,False,True
paper,paper-pareto-n100-d1,bursty,test,gp_ucb_mf_mpc,0.3,1732,100,1,70118,0.2878472222222222,ok,,52631.7853053626,77571.99126965195,False,True
paper,paper-pareto-n100-d1,bursty,test,gp_ucb_mf_mpc,1.0,1732,100,1,70118,0.21888888888888888,ok,,47660.31500280634,61528.62459851285,False,True
paper,paper-pareto-n100-d1,bursty,test,gp_ucb_mf_mpc,3.0,1732,100,1,70118,0.17663194444444444,ok,,46802.9695518699,82357.68220515692,False,True
paper,paper-pareto-n100-d1,bursty,test,gp_ucb_mf_mpc,100.0,1732,100,1,70118,0.12371527777777779,ok,,42835.90396490297,57733.88209721166,True,True
paper,paper-pareto-n100-d1,bursty,test,oracle_mf_mpc,0.01,1732,100,1,70118,0.5477777777777778,ok,,36680.1769206269,53037.722942940905,False,True
paper,paper-pareto-n100-d1,bursty,test,oracle_mf_mpc,0.03,1732,100,1,70118,0.1559375,ok,,61296.91991220524,76536.24231163353,False,True
paper,paper-pareto-n100-d1,bursty,test,oracle_mf_mpc,0.1,1732,100,1,70118,0.11010416666666666,ok,,67008.14005531838,77628.11069628206,False,True
paper,paper-pareto-n100-d1,bursty,test,oracle_mf_mpc,0.3,1732,100,1,70118,0.09072916666666667,ok,,68209.62369400244,84736.13498381921,False,True
paper,paper-pareto-n100-d1,bursty,test,oracle_mf_mpc,1.0,1732,100,1,70118,0.07135416666666666,ok,,54194.76235198909,62433.360695393,True,True
paper,paper-pareto-n100-d1,bursty,test,oracle_mf_mpc,3.0,1732,100,1,70118,0.07135416666666666,ok,,54194.76235198909,62433.360695393,False,True
paper,paper-pareto-n100-d1,bursty,test,seasonal_mf_mpc,0.01,1731,100,1,70163,0.2940277777777778,ok,,255344.79816889126,284443.6819280609,False,True
paper,paper-pareto-n100-d1,bursty,test,seasonal_mf_mpc,0.03,1731,100,1,70163,0.1440972222222222,ok,,307846.82553630444,373238.47556109435,False,True
paper,paper-pareto-n100-d1,bursty,test,seasonal_mf_mpc,0.1,1731,100,1,70163,0.11604166666666665,ok,,377914.2453560625,404798.61096671765,False,True
paper,paper-pareto-n100-d1,bursty,test,seasonal_mf_mpc,0.3,1731,100,1,70163,0.0967361111111111,ok,,486131.00310335855,494782.6806501137,False,True
paper,paper-pareto-n100-d1,bursty,test,seasonal_mf_mpc,1.0,1731,100,1,70163,0.07743055555555556,ok,,703569.9633630688,712377.4214605447,True,True
paper,paper-pareto-n100-d1,bursty,test,seasonal_mf_mpc,3.0,1731,100,1,70163,0.07743055555555556,ok,,703569.9633630688,712377.4214605447,False,True
paper,paper-pareto-n100-d1,bursty,test,ewma_mf_mpc,0.01,1731,100,1,70163,0.5356944444444445,ok,,46950.46259009638,138772.61184285468,False,True
paper,paper-pareto-n100-d1,bursty,test,ewma_mf_mpc,0.03,1731,100,1,70163,0.20559027777777777,ok,,162367.34610823498,212105.28869159403,False,True
paper,paper-pareto-n100-d1,bursty,test,ewma_mf_mpc,0.1,1731,100,1,70163,0.1579513888888889,ok,,193499.86804492163,204112.10525253744,False,True
paper,paper-pareto-n100-d1,bursty,test,ewma_mf_mpc,0.3,1731,100,1,70163,0.13385416666666666,ok,,286897.0156095667,313422.3900281053,False,True
paper,paper-pareto-n100-d1,bursty,test,ewma_mf_mpc,1.0,1731,100,1,70163,0.1103125,ok,,410670.1425665977,428969.1508358588,False,True
paper,paper-pareto-n100-d1,bursty,test,ewma_mf_mpc,3.0,1731,100,1,70163,0.10659722222222222,ok,,412156.81293647934,429632.76382519584,False,True
paper,paper-pareto-n100-d1,bursty,test,ewma_mf_mpc,100.0,1731,100,1,70163,0.10298611111111111,ok,,412962.7904355808,430624.6277831591,True,True
paper,paper-pareto-n100-d1,bursty,test,gp_mean_mf_mpc,0.01,1731,100,1,70163,0.99375,ok,,32658.669085716,44843.62070456076,False,True
paper,paper-pareto-n100-d1,bursty,test,gp_mean_mf_mpc,0.03,1731,100,1,70163,0.3062152777777778,ok,,46425.68880290009,66995.04783676576,False,True
paper,paper-pareto-n100-d1,bursty,test,gp_mean_mf_mpc,0.1,1731,100,1,70163,0.21871527777777777,ok,,46603.32917724272,64303.72689153142,False,True
paper,paper-pareto-n100-d1,bursty,test,gp_mean_mf_mpc,0.3,1731,100,1,70163,0.1740972222222222,ok,,45487.374699242144,58671.62278280638,False,True
paper,paper-pareto-n100-d1,bursty,test,gp_mean_mf_mpc,1.0,1731,100,1,70163,0.1384375,ok,,52459.4220747434,77880.69136060687,False,True
paper,paper-pareto-n100-d1,bursty,test,gp_mean_mf_mpc,3.0,1731,100,1,70163,0.12802083333333333,ok,,56475.45991405893,78695.49755086715,False,True
paper,paper-pareto-n100-d1,bursty,test,gp_mean_mf_mpc,100.0,1731,100,1,70163,0.1171875,ok,,64437.492102577584,70525.38185327785,True,True
paper,paper-pareto-n100-d1,bursty,test,gp_ucb_mf_mpc,0.01,1731,100,1,70163,0.99375,ok,,32658.669085716,44843.62070456076,False,True
paper,paper-pareto-n100-d1,bursty,test,gp_ucb_mf_mpc,0.03,1731,100,1,70163,0.525,ok,,39299.394199900205,59841.11900630595,False,True
paper,paper-pareto-n100-d1,bursty,test,gp_ucb_mf_mpc,0.1,1731,100,1,70163,0.3769097222222222,ok,,44477.76591466617,70905.44796479851,False,True
paper,paper-pareto-n100-d1,bursty,test,gp_ucb_mf_mpc,0.3,1731,100,1,70163,0.2878472222222222,ok,,52826.075351600644,70136.94810185315,False,True
paper,paper-pareto-n100-d1,bursty,test,gp_ucb_mf_mpc,1.0,1731,100,1,70163,0.21888888888888888,ok,,56211.20810948003,77868.2030365634,False,True
paper,paper-pareto-n100-d1,bursty,test,gp_ucb_mf_mpc,3.0,1731,100,1,70163,0.17663194444444444,ok,,45938.58482417084,63876.91753871941,False,True
paper,paper-pareto-n100-d1,bursty,test,gp_ucb_mf_mpc,100.0,1731,100,1,70163,0.12371527777777779,ok,,49071.17026951715,67787.45226703443,True,True
paper,paper-pareto-n100-d1,bursty,test,oracle_mf_mpc,0.01,1731,100,1,70163,0.5477777777777778,ok,,33543.5454669728,50312.85517571731,False,True
paper,paper-pareto-n100-d1,bursty,test,oracle_mf_mpc,0.03,1731,100,1,70163,0.1559375,ok,,68110.3180409935,82702.82302013255,False,True
paper,paper-pareto-n100-d1,bursty,test,oracle_mf_mpc,0.1,1731,100,1,70163,0.11010416666666666,ok,,73592.21255179612,94349.87827873316,False,True
paper,paper-pareto-n100-d1,bursty,test,oracle_mf_mpc,0.3,1731,100,1,70163,0.09072916666666667,ok,,68092.65055748684,81004.52961760822,False,True
paper,paper-pareto-n100-d1,bursty,test,oracle_mf_mpc,1.0,1731,100,1,70163,0.07135416666666666,ok,,57870.320540978384,66322.4767438245,True,True
paper,paper-pareto-n100-d1,bursty,test,oracle_mf_mpc,3.0,1731,100,1,70163,0.07135416666666666,ok,,57870.320540978384,66322.4767438245,False,True
paper,paper-pareto-n100-d1,bursty,test,seasonal_mf_mpc,0.01,1729,100,1,70057,0.2940277777777778,ok,,246402.5315410539,281654.09812651755,False,True
paper,paper-pareto-n100-d1,bursty,test,seasonal_mf_mpc,0.03,1729,100,1,70057,0.1440972222222222,ok,,288445.3851166535,380973.6883236239,False,True
paper,paper-pareto-n100-d1,bursty,test,seasonal_mf_mpc,0.1,1729,100,1,70057,0.11604166666666665,ok,,413413.13216062303,452328.9004128361,False,True
paper,paper-pareto-n100-d1,bursty,test,seasonal_mf_mpc,0.3,1729,100,1,70057,0.0967361111111111,ok,,533469.70061475,592372.1669940484,False,True
paper,paper-pareto-n100-d1,bursty,test,seasonal_mf_mpc,1.0,1729,100,1,70057,0.07743055555555556,ok,,741427.1308057691,763660.8155613451,True,True
paper,paper-pareto-n100-d1,bursty,test,seasonal_mf_mpc,3.0,1729,100,1,70057,0.07743055555555556,ok,,741427.1308057691,763660.8155613451,False,True
paper,paper-pareto-n100-d1,bursty,test,ewma_mf_mpc,0.01,1729,100,1,70057,0.5356944444444445,ok,,46532.77745772233,132350.16362820362,False,True
paper,paper-pareto-n100-d1,bursty,test,ewma_mf_mpc,0.03,1729,100,1,70057,0.20559027777777777,ok,,158136.03452898155,251785.59024748066,False,True
paper,paper-pareto-n100-d1,bursty,test,ewma_mf_mpc,0.1,1729,100,1,70057,0.1579513888888889,ok,,230351.61797263555,278448.2638310949,False,True
paper,paper-pareto-n100-d1,bursty,test,ewma_mf_mpc,0.3,1729,100,1,70057,0.13385416666666666,ok,,322028.41108998156,336223.3854006052,False,True
paper,paper-pareto-n100-d1,bursty,test,ewma_mf_mpc,1.0,1729,100,1,70057,0.1103125,ok,,394750.05392321956,413183.5246741878,False,True
paper,paper-pareto-n100-d1,bursty,test,ewma_mf_mpc,3.0,1729,100,1,70057,0.10659722222222222,ok,,395936.35764687107,414072.66468655854,False,True
paper,paper-pareto-n100-d1,bursty,test,ewma_mf_mpc,100.0,1729,100,1,70057,0.10298611111111111,ok,,397094.92098056205,415036.2381576601,True,True
paper,paper-pareto-n100-d1,bursty,test,gp_mean_mf_mpc,0.01,1729,100,1,70057,0.99375,ok,,33591.58761113075,49857.62367118153,False,True
paper,paper-pareto-n100-d1,bursty,test,gp_mean_mf_mpc,0.03,1729,100,1,70057,0.3062152777777778,ok,,38396.538114535295,54924.18945007099,False,True
paper,paper-pareto-n100-d1,bursty,test,gp_mean_mf_mpc,0.1,1729,100,1,70057,0.21871527777777777,ok,,44613.05746315399,54492.52308407643,False,True
paper,paper-pareto-n100-d1,bursty,test,gp_mean_mf_mpc,0.3,1729,100,1,70057,0.1740972222222222,ok,,45538.06689421455,56056.08011946729,False,True
paper,paper-pareto-n100-d1,bursty,test,gp_mean_mf_mpc,1.0,1729,100,1,70057,0.1384375,ok,,45235.3750443819,62359.89621460709,False,True
paper,paper-pareto-n100-d1,bursty,test,gp_mean_mf_mpc,3.0,1729,100,1,70057,0.12802083333333333,ok,,40303.49393197461,55387.89898000496,False,True
paper,paper-pareto-n100-d1,bursty,test,gp_mean_mf_mpc,100.0,1729,100,1,70057,0.1171875,ok,,44203.83999046407,61529.85227848732,True,True
paper,paper-pareto-n100-d1,bursty,test,gp_ucb_mf_mpc,0.01,1729,100,1,70057,0.99375,ok,,33591.58761113075,49857.62367118153,False,True
paper,paper-pareto-n100-d1,bursty,test,gp_ucb_mf_mpc,0.03,1729,100,1,70057,0.525,ok,,34151.93473375589,60449.374913607615,False,True
paper,paper-pareto-n100-d1,bursty,test,gp_ucb_mf_mpc,0.1,1729,100,1,70057,0.3769097222222222,ok,,39608.00254388231,57126.2529551409,False,True
paper,paper-pareto-n100-d1,bursty,test,gp_ucb_mf_mpc,0.3,1729,100,1,70057,0.2878472222222222,ok,,39088.58762694693,54747.37195966158,False,True
paper,paper-pareto-n100-d1,bursty,test,gp_ucb_mf_mpc,1.0,1729,100,1,70057,0.21888888888888888,ok,,55269.1700580273,66000.73261003014,False,True
paper,paper-pareto-n100-d1,bursty,test,gp_ucb_mf_mpc,3.0,1729,100,1,70057,0.17663194444444444,ok,,49832.90728028672,58784.771248189805,False,True
paper,paper-pareto-n100-d1,bursty,test,gp_ucb_mf_mpc,100.0,1729,100,1,70057,0.12371527777777779,ok,,52125.0544360158,67025.6079691847,True,True
paper,paper-pareto-n100-d1,bursty,test,oracle_mf_mpc,0.01,1729,100,1,70057,0.5477777777777778,ok,,32982.88170813578,49931.70441614409,False,True
paper,paper-pareto-n100-d1,bursty,test,oracle_mf_mpc,0.03,1729,100,1,70057,0.1559375,ok,,62598.23721040399,74443.09626530646,False,True
paper,paper-pareto-n100-d1,bursty,test,oracle_mf_mpc,0.1,1729,100,1,70057,0.11010416666666666,ok,,70549.81854099607,85329.83201436045,False,True
paper,paper-pareto-n100-d1,bursty,test,oracle_mf_mpc,0.3,1729,100,1,70057,0.09072916666666667,ok,,71694.97846686892,83316.18387955014,False,True
paper,paper-pareto-n100-d1,bursty,test,oracle_mf_mpc,1.0,1729,100,1,70057,0.07135416666666666,ok,,71803.23546593043,87640.48945494126,True,True
paper,paper-pareto-n100-d1,bursty,test,oracle_mf_mpc,3.0,1729,100,1,70057,0.07135416666666666,ok,,71803.23546593043,87640.48945494126,False,True
paper,paper-pareto-n100-d1,bursty,test,seasonal_mf_mpc,0.01,1730,100,1,70329,0.2940277777777778,ok,,251954.28611515262,333261.0662539293,False,True
paper,paper-pareto-n100-d1,bursty,test,seasonal_mf_mpc,0.03,1730,100,1,70329,0.1440972222222222,ok,,325457.68858050863,377668.95629572216,False,True
paper,paper-pareto-n100-d1,bursty,test,seasonal_mf_mpc,0.1,1730,100,1,70329,0.11604166666666665,ok,,383435.40278395487,419847.28857219976,False,True
paper,paper-pareto-n100-d1,bursty,test,seasonal_mf_mpc,0.3,1730,100,1,70329,0.0967361111111111,ok,,482089.76624246454,522634.4164068057,False,True
paper,paper-pareto-n100-d1,bursty,test,seasonal_mf_mpc,1.0,1730,100,1,70329,0.07743055555555556,ok,,725150.1497091079,746192.0582153873,True,True
paper,paper-pareto-n100-d1,bursty,test,seasonal_mf_mpc,3.0,1730,100,1,70329,0.07743055555555556,ok,,725150.1497091079,746192.0582153873,False,True
paper,paper-pareto-n100-d1,bursty,test,ewma_mf_mpc,0.01,1730,100,1,70329,0.5356944444444445,ok,,46183.45967044248,125335.65282609014,False,True
paper,paper-pareto-n100-d1,bursty,test,ewma_mf_mpc,0.03,1730,100,1,70329,0.20559027777777777,ok,,165807.185216353,210701.09099088077,False,True
paper,paper-pareto-n100-d1,bursty,test,ewma_mf_mpc,0.1,1730,100,1,70329,0.1579513888888889,ok,,197061.62894541922,216939.48492048503,False,True
paper,paper-pareto-n100-d1,bursty,test,ewma_mf_mpc,0.3,1730,100,1,70329,0.13385416666666666,ok,,280766.7972495335,289895.078521625,False,True
paper,paper-pareto-n100-d1,bursty,test,ewma_mf_mpc,1.0,1730,100,1,70329,0.1103125,ok,,442249.3578939492,459823.81915504154,False,True
paper,paper-pareto-n100-d1,bursty,test,ewma_mf_mpc,3.0,1730,100,1,70329,0.10659722222222222,ok,,443080.2367314819,460766.28447635507,False,True
paper,paper-pareto-n100-d1,bursty,test,ewma_mf_mpc,100.0,1730,100,1,70329,0.10298611111111111,ok,,443914.6715822947,461829.32626310975,True,True
paper,paper-pareto-n100-d1,bursty,test,gp_mean_mf_mpc,0.01,1730,100,1,70329,0.99375,ok,,32175.542436114985,52923.25178366951,False,True
paper,paper-pareto-n100-d1,bursty,test,gp_mean_mf_mpc,0.03,1730,100,1,70329,0.3062152777777778,ok,,44153.53614018561,65465.094179793785,False,True
paper,paper-pareto-n100-d1,bursty,test,gp_mean_mf_mpc,0.1,1730,100,1,70329,0.21871527777777777,ok,,41678.501195685916,63318.20913394427,False,True
paper,paper-pareto-n100-d1,bursty,test,gp_mean_mf_mpc,0.3,1730,100,1,70329,0.1740972222222222,ok,,51971.53029503794,67866.97171461293,False,True
paper,paper-pareto-n100-d1,bursty,test,gp_mean_mf_mpc,1.0,1730,100,1,70329,0.1384375,ok,,58336.344992279424,73969.53021945411,False,True
paper,paper-pareto-n100-d1,bursty,test,gp_mean_mf_mpc,3.0,1730,100,1,70329,0.12802083333333333,ok,,46412.310495794765,57235.10274891257,False,True
paper,paper-pareto-n100-d1,bursty,test,gp_mean_mf_mpc,100.0,1730,100,1,70329,0.1171875,ok,,42790.538217521345,56858.36273147748,True,True
paper,paper-pareto-n100-d1,bursty,test,gp_ucb_mf_mpc,0.01,1730,100,1,70329,0.99375,ok,,32175.542436114985,52923.25178366951,False,True
paper,paper-pareto-n100-d1,bursty,test,gp_ucb_mf_mpc,0.03,1730,100,1,70329,0.525,ok,,34840.411494277214,54075.38256921935,False,True
paper,paper-pareto-n100-d1,bursty,test,gp_ucb_mf_mpc,0.1,1730,100,1,70329,0.3769097222222222,ok,,43527.03596353234,65821.25410394483,False,True
paper,paper-pareto-n100-d1,bursty,test,gp_ucb_mf_mpc,0.3,1730,100,1,70329,0.2878472222222222,ok,,40135.93607300571,66633.5268534206,False,True
paper,paper-pareto-n100-d1,bursty,test,gp_ucb_mf_mpc,1.0,1730,100,1,70329,0.21888888888888888,ok,,45900.52117309503,61290.1972102381,False,True
paper,paper-pareto-n100-d1,bursty,test,gp_ucb_mf_mpc,3.0,1730,100,1,70329,0.17663194444444444,ok,,53712.16528283799,83347.6915022081,False,True
paper,paper-pareto-n100-d1,bursty,test,gp_ucb_mf_mpc,100.0,1730,100,1,70329,0.12371527777777779,ok,,49380.58738320879,71765.14638294469,True,True
paper,paper-pareto-n100-d1,bursty,test,oracle_mf_mpc,0.01,1730,100,1,70329,0.5477777777777778,ok,,32888.1606536956,48977.050920537564,False,True
paper,paper-pareto-n100-d1,bursty,test,oracle_mf_mpc,0.03,1730,100,1,70329,0.1559375,ok,,61281.56516975194,75901.9032571445,False,True
paper,paper-pareto-n100-d1,bursty,test,oracle_mf_mpc,0.1,1730,100,1,70329,0.11010416666666666,ok,,55476.94143277797,65656.27638903198,False,True
paper,paper-pareto-n100-d1,bursty,test,oracle_mf_mpc,0.3,1730,100,1,70329,0.09072916666666667,ok,,57472.99968045072,66903.81360101016,False,True
paper,paper-pareto-n100-d1,bursty,test,oracle_mf_mpc,1.0,1730,100,1,70329,0.07135416666666666,ok,,73537.48621158682,80290.27169705695,True,True
paper,paper-pareto-n100-d1,bursty,test,oracle_mf_mpc,3.0,1730,100,1,70329,0.07135416666666666,ok,,73537.48621158682,80290.27169705695,False,True
paper,paper-pareto-n100-d1,bursty,test,seasonal_mf_mpc,0.01,1733,100,1,70603,0.2940277777777778,ok,,289437.6770703246,359390.052226525,False,True
paper,paper-pareto-n100-d1,bursty,test,seasonal_mf_mpc,0.03,1733,100,1,70603,0.1440972222222222,ok,,315425.1136978559,333013.0450797912,False,True
paper,paper-pareto-n100-d1,bursty,test,seasonal_mf_mpc,0.1,1733,100,1,70603,0.11604166666666665,ok,,392942.2506355846,444989.5191289247,False,True
paper,paper-pareto-n100-d1,bursty,test,seasonal_mf_mpc,0.3,1733,100,1,70603,0.0967361111111111,ok,,518562.1281081031,531353.9079706952,False,True
paper,paper-pareto-n100-d1,bursty,test,seasonal_mf_mpc,1.0,1733,100,1,70603,0.07743055555555556,ok,,768907.1141520229,789712.02364736,True,True
paper,paper-pareto-n100-d1,bursty,test,seasonal_mf_mpc,3.0,1733,100,1,70603,0.07743055555555556,ok,,768907.1141520229,789712.02364736,False,True
paper,paper-pareto-n100-d1,bursty,test,ewma_mf_mpc,0.01,1733,100,1,70603,0.5356944444444445,ok,,56434.80028207087,146091.85940974054,False,True
paper,paper-pareto-n100-d1,bursty,test,ewma_mf_mpc,0.03,1733,100,1,70603,0.20559027777777777,ok,,171621.66293113196,207346.6343183288,False,True
paper,paper-pareto-n100-d1,bursty,test,ewma_mf_mpc,0.1,1733,100,1,70603,0.1579513888888889,ok,,229569.20758981147,271497.80379278667,False,True
paper,paper-pareto-n100-d1,bursty,test,ewma_mf_mpc,0.3,1733,100,1,70603,0.13385416666666666,ok,,306962.3029526792,326971.62209002353,False,True
paper,paper-pareto-n100-d1,bursty,test,ewma_mf_mpc,1.0,1733,100,1,70603,0.1103125,ok,,431934.16627906024,449731.21443169034,False,True
paper,paper-pareto-n100-d1,bursty,test,ewma_mf_mpc,3.0,1733,100,1,70603,0.10659722222222222,ok,,433133.0101850529,450559.1396055268,False,True
paper,paper-pareto-n100-d1,bursty,test,ewma_mf_mpc,100.0,1733,100,1,70603,0.10298611111111111,ok,,433758.05677842884,451487.20160637726,True,True
paper,paper-pareto-n100-d1,bursty,test,gp_mean_mf_mpc,0.01,1733,100,1,70603,0.99375,ok,,35482.80834842083,50880.16836174725,False,True
paper,paper-pareto-n100-d1,bursty,test,gp_mean_mf_mpc,0.03,1733,100,1,70603,0.3062152777777778,ok,,45310.74464174963,61067.383643418645,False,True
paper,paper-pareto-n100-d1,bursty,test,gp_mean_mf_mpc,0.1,1733,100,1,70603,0.21871527777777777,ok,,43668.9595515424,60219.89815928308,False,True
paper,paper-pareto-n100-d1,bursty,test,gp_mean_mf_mpc,0.3,1733,100,1,70603,0.1740972222222222,ok,,63809.94646674236,78715.25886945016,False,True
paper,paper-pareto-n100-d1,bursty,test,gp_mean_mf_mpc,1.0,1733,100,1,70603,0.1384375,ok,,65793.44923837532,81560.41346766434,False,True
paper,paper-pareto-n100-d1,bursty,test,gp_mean_mf_mpc,3.0,1733,100,1,70603,0.12802083333333333,ok,,56665.603328800746,63713.60973326504,False,True
paper,paper-pareto-n100-d1,bursty,test,gp_mean_mf_mpc,100.0,1733,100,1,70603,0.1171875,ok,,52345.86334690178,62414.91995180246,True,True
paper,paper-pareto-n100-d1,bursty,test,gp_ucb_mf_mpc,0.01,1733,100,1,70603,0.99375,ok,,35482.80834842083,50880.16836174725,False,True
paper,paper-pareto-n100-d1,bursty,test,gp_ucb_mf_mpc,0.03,1733,100,1,70603,0.525,ok,,40925.786900973355,56892.796698907245,False,True
paper,paper-pareto-n100-d1,bursty,test,gp_ucb_mf_mpc,0.1,1733,100,1,70603,0.3769097222222222,ok,,44300.585839144565,62559.98603493502,False,True
paper,paper-pareto-n100-d1,bursty,test,gp_ucb_mf_mpc,0.3,1733,100,1,70603,0.2878472222222222,ok,,48510.894573715144,67440.35724324647,False,True
paper,paper-pareto-n100-d1,bursty,test,gp_ucb_mf_mpc,1.0,1733,100,1,70603,0.21888888888888888,ok,,47653.69856884955,66964.03466372692,False,True
paper,paper-pareto-n100-d1,bursty,test,gp_ucb_mf_mpc,3.0,1733,100,1,70603,0.17663194444444444,ok,,47700.83882576364,58974.21800165617,False,True
paper,paper-pareto-n100-d1,bursty,test,gp_ucb_mf_mpc,100.0,1733,100,1,70603,0.12371527777777779,ok,,49766.97874129037,69907.6923762681,True,True
paper,paper-pareto-n100-d1,bursty,test,oracle_mf_mpc,0.01,1733,100,1,70603,0.5477777777777778,ok,,37093.89183826886,55861.687546420944,False,True
paper,paper-pareto-n100-d1,bursty,test,oracle_mf_mpc,0.03,1733,100,1,70603,0.1559375,ok,,68360.7769405891,83560.48627141814,False,True
paper,paper-pareto-n100-d1,bursty,test,oracle_mf_mpc,0.1,1733,100,1,70603,0.11010416666666666,ok,,59073.775069799856,71630.8594980273,False,True
paper,paper-pareto-n100-d1,bursty,test,oracle_mf_mpc,0.3,1733,100,1,70603,0.09072916666666667,ok,,78055.38936036955,97471.80816756336,False,True
paper,paper-pareto-n100-d1,bursty,test,oracle_mf_mpc,1.0,1733,100,1,70603,0.07135416666666666,ok,,51582.389040487615,60668.62738663886,True,True
paper,paper-pareto-n100-d1,bursty,test,oracle_mf_mpc,3.0,1733,100,1,70603,0.07135416666666666,ok,,51582.389040487615,60668.62738663886,False,True
paper,paper-pareto-n100-d1,bursty,test,seasonal_mf_mpc,0.01,1735,100,1,70496,0.2940277777777778,ok,,280141.4052606196,311428.4789004475,False,True
paper,paper-pareto-n100-d1,bursty,test,seasonal_mf_mpc,0.03,1735,100,1,70496,0.1440972222222222,ok,,326262.54215468303,350952.67226625234,False,True
paper,paper-pareto-n100-d1,bursty,test,seasonal_mf_mpc,0.1,1735,100,1,70496,0.11604166666666665,ok,,405618.3345758976,415624.0761845025,False,True
paper,paper-pareto-n100-d1,bursty,test,seasonal_mf_mpc,0.3,1735,100,1,70496,0.0967361111111111,ok,,509023.68899432896,539708.160029177,False,True
paper,paper-pareto-n100-d1,bursty,test,seasonal_mf_mpc,1.0,1735,100,1,70496,0.07743055555555556,ok,,724905.6073856066,746294.6329614153,True,True
paper,paper-pareto-n100-d1,bursty,test,seasonal_mf_mpc,3.0,1735,100,1,70496,0.07743055555555556,ok,,724905.6073856066,746294.6329614153,False,True
paper,paper-pareto-n100-d1,bursty,test,ewma_mf_mpc,0.01,1735,100,1,70496,0.5356944444444445,ok,,49536.58462107026,145726.49921062376,False,True
paper,paper-pareto-n100-d1,bursty,test,ewma_mf_mpc,0.03,1735,100,1,70496,0.20559027777777777,ok,,172860.50283852528,205509.44530528717,False,True
paper,paper-pareto-n100-d1,bursty,test,ewma_mf_mpc,0.1,1735,100,1,70496,0.1579513888888889,ok,,208331.00522608618,221420.6956293988,False,True
paper,paper-pareto-n100-d1,bursty,test,ewma_mf_mpc,0.3,1735,100,1,70496,0.13385416666666666,ok,,273996.08261844015,293432.69822689274,False,True
paper,paper-pareto-n100-d1,bursty,test,ewma_mf_mpc,1.0,1735,100,1,70496,0.1103125,ok,,426324.1519978093,444774.64935784455,False,True
paper,paper-pareto-n100-d1,bursty,test,ewma_mf_mpc,3.0,1735,100,1,70496,0.10659722222222222,ok,,427380.550039819,445451.5835735683,False,True
paper,paper-pareto-n100-d1,bursty,test,ewma_mf_mpc,100.0,1735,100,1,70496,0.10298611111111111,ok,,428065.27655560337,446296.22866942897,True,True
paper,paper-pareto-n100-d1,bursty,test,gp_mean_mf_mpc,0.01,1735,100,1,70496,0.99375,ok,,37237.72146886248,57312.614831725776,False,True
paper,paper-pareto-n100-d1,bursty,test,gp_mean_mf_mpc,0.03,1735,100,1,70496,0.3062152777777778,ok,,54467.27868320715,67822.73914387911,False,True
paper,paper-pareto-n100-d1,bursty,test,gp_mean_mf_mpc,0.1,1735,100,1,70496,0.21871527777777777,ok,,45616.124893071785,59991.1821504367,False,True
paper,paper-pareto-n100-d1,bursty,test,gp_mean_mf_mpc,0.3,1735,100,1,70496,0.1740972222222222,ok,,60870.703959843035,80674.03382406654,False,True
paper,paper-pareto-n100-d1,bursty,test,gp_mean_mf_mpc,1.0,1735,100,1,70496,0.1384375,ok,,54421.817666148425,80439.05853067987,False,True
paper,paper-pareto-n100-d1,bursty,test,gp_mean_mf_mpc,3.0,1735,100,1,70496,0.12802083333333333,ok,,56909.86964750237,81554.6915729819,False,True
paper,paper-pareto-n100-d1,bursty,test,gp_mean_mf_mpc,100.0,1735,100,1,70496,0.1171875,ok,,48399.467374731015,54536.26517891905,True,True
paper,paper-pareto-n100-d1,bursty,test,gp_ucb_mf_mpc,0.01,1735,100,1,70496,0.99375,ok,,37237.72146886248,57312.614831725776,False,True
paper,paper-pareto-n100-d1,bursty,test,gp_ucb_mf_mpc,0.03,1735,100,1,70496,0.525,ok,,39183.37620204717,53724.441608954316,False,True
paper,paper-pareto-n100-d1,bursty,test,gp_ucb_mf_mpc,0.1,1735,100,1,70496,0.3769097222222222,ok,,49521.70813781584,63505.15864381713,False,True
paper,paper-pareto-n100-d1,bursty,test,gp_ucb_mf_mpc,0.3,1735,100,1,70496,0.2878472222222222,ok,,50077.79634563991,64399.67000482135,False,True
paper,paper-pareto-n100-d1,bursty,test,gp_ucb_mf_mpc,1.0,1735,100,1,70496,0.21888888888888888,ok,,51633.748440742,81191.1509364813,False,True
paper,paper-pareto-n100-d1,bursty,test,gp_ucb_mf_mpc,3.0,1735,100,1,70496,0.17663194444444444,ok,,49187.61501696713,69584.7184761624,False,True
paper,paper-pareto-n100-d1,bursty,test,gp_ucb_mf_mpc,100.0,1735,100,1,70496,0.12371527777777779,ok,,67265.54200906452,79447.92071530689,True,True
paper,paper-pareto-n100-d1,bursty,test,oracle_mf_mpc,0.01,1735,100,1,70496,0.5477777777777778,ok,,36827.34958706144,57430.08849096486,False,True
paper,paper-pareto-n100-d1,bursty,test,oracle_mf_mpc,0.03,1735,100,1,70496,0.1559375,ok,,65036.08619738432,88522.1578111934,False,True
paper,paper-pareto-n100-d1,bursty,test,oracle_mf_mpc,0.1,1735,100,1,70496,0.11010416666666666,ok,,67995.66174779116,79038.39006751249,False,True
paper,paper-pareto-n100-d1,bursty,test,oracle_mf_mpc,0.3,1735,100,1,70496,0.09072916666666667,ok,,88802.14457053602,102097.52357275516,False,True
paper,paper-pareto-n100-d1,bursty,test,oracle_mf_mpc,1.0,1735,100,1,70496,0.07135416666666666,ok,,75577.92766222425,89896.49853289164,True,True
paper,paper-pareto-n100-d1,bursty,test,oracle_mf_mpc,3.0,1735,100,1,70496,0.07135416666666666,ok,,75577.92766222425,89896.49853289164,False,True
paper,paper-pareto-n100-d1,bursty,test,seasonal_mf_mpc,0.01,1737,100,1,70368,0.2940277777777778,ok,,255187.42182734332,271304.72103173286,False,True
paper,paper-pareto-n100-d1,bursty,test,seasonal_mf_mpc,0.03,1737,100,1,70368,0.1440972222222222,ok,,318618.8953403845,331772.64755764155,False,True
paper,paper-pareto-n100-d1,bursty,test,seasonal_mf_mpc,0.1,1737,100,1,70368,0.11604166666666665,ok,,391787.808848983,408141.7124195185,False,True
paper,paper-pareto-n100-d1,bursty,test,seasonal_mf_mpc,0.3,1737,100,1,70368,0.0967361111111111,ok,,463395.257188605,492182.6053203695,False,True
paper,paper-pareto-n100-d1,bursty,test,seasonal_mf_mpc,1.0,1737,100,1,70368,0.07743055555555556,ok,,708802.2329975705,730573.2355423465,True,True
paper,paper-pareto-n100-d1,bursty,test,seasonal_mf_mpc,3.0,1737,100,1,70368,0.07743055555555556,ok,,708802.2329975705,730573.2355423465,False,True
paper,paper-pareto-n100-d1,bursty,test,ewma_mf_mpc,0.01,1737,100,1,70368,0.5356944444444445,ok,,42702.20300000922,139617.35575085704,False,True
paper,paper-pareto-n100-d1,bursty,test,ewma_mf_mpc,0.03,1737,100,1,70368,0.20559027777777777,ok,,171998.6984606248,204388.57970626222,False,True
paper,paper-pareto-n100-d1,bursty,test,ewma_mf_mpc,0.1,1737,100,1,70368,0.1579513888888889,ok,,217649.0007520537,246973.2646989318,False,True
paper,paper-pareto-n100-d1,bursty,test,ewma_mf_mpc,0.3,1737,100,1,70368,0.13385416666666666,ok,,269383.67342542607,281250.37855872256,False,True
paper,paper-pareto-n100-d1,bursty,test,ewma_mf_mpc,1.0,1737,100,1,70368,0.1103125,ok,,400133.0126389141,418699.0503878684,False,True
paper,paper-pareto-n100-d1,bursty,test,ewma_mf_mpc,3.0,1737,100,1,70368,0.10659722222222222,ok,,400995.24460316263,419403.1342937807,False,True
paper,paper-pareto-n100-d1,bursty,test,ewma_mf_mpc,100.0,1737,100,1,70368,0.10298611111111111,ok,,402165.3005490257,420620.29711257765,True,True
paper,paper-pareto-n100-d1,bursty,test,gp_mean_mf_mpc,0.01,1737,100,1,70368,0.99375,ok,,33371.64593557703,49729.543711918086,False,True
paper,paper-pareto-n100-d1,bursty,test,gp_mean_mf_mpc,0.03,1737,100,1,70368,0.3062152777777778,ok,,40686.24706416925,55602.57732984142,False,True
paper,paper-pareto-n100-d1,bursty,test,gp_mean_mf_mpc,0.1,1737,100,1,70368,0.21871527777777777,ok,,44067.45259221896,57965.226458019475,False,True
paper,paper-pareto-n100-d1,bursty,test,gp_mean_mf_mpc,0.3,1737,100,1,70368,0.1740972222222222,ok,,54368.2167056098,68186.11623653416,False,True
paper,paper-pareto-n100-d1,bursty,test,gp_mean_mf_mpc,1.0,1737,100,1,70368,0.1384375,ok,,62674.78245820974,80218.0744229303,False,True
paper,paper-pareto-n100-d1,bursty,test,gp_mean_mf_mpc,3.0,1737,100,1,70368,0.12802083333333333,ok,,42815.22705158755,57847.88051714674,False,True
paper,paper-pareto-n100-d1,bursty,test,gp_mean_mf_mpc,100.0,1737,100,1,70368,0.1171875,ok,,52393.01690851868,69554.10457089588,True,True
paper,paper-pareto-n100-d1,bursty,test,gp_ucb_mf_mpc,0.01,1737,100,1,70368,0.99375,ok,,33371.64593557703,49729.543711918086,False,True
paper,paper-pareto-n100-d1,bursty,test,gp_ucb_mf_mpc,0.03,1737,100,1,70368,0.525,ok,,36088.175519894154,55368.01782513996,False,True
paper,paper-pareto-n100-d1,bursty,test,gp_ucb_mf_mpc,0.1,1737,100,1,70368,0.3769097222222222,ok,,41736.313674457015,59256.04779236302,False,True
paper,paper-pareto-n100-d1,bursty,test,gp_ucb_mf_mpc,0.3,1737,100,1,70368,0.2878472222222222,ok,,47999.77047852115,67209.89244876668,False,True
paper,paper-pareto-n100-d1,bursty,test,gp_ucb_mf_mpc,1.0,1737,100,1,70368,0.21888888888888888,ok,,42185.15581612985,56960.91357477126,False,True
paper,paper-pareto-n100-d1,bursty,test,gp_ucb_mf_mpc,3.0,1737,100,1,70368,0.17663194444444444,ok,,49207.83282625523,91274.10962040533,False,True
paper,paper-pareto-n100-d1,bursty,test,gp_ucb_mf_mpc,100.0,1737,100,1,70368,0.12371527777777779,ok,,48794.41781326188,67746.49074496554,True,True
paper,paper-pareto-n100-d1,bursty,test,oracle_mf_mpc,0.01,1737,100,1,70368,0.5477777777777778,ok,,32866.43059512788,52319.16997554737,False,True
paper,paper-pareto-n100-d1,bursty,test,oracle_mf_mpc,0.03,1737,100,1,70368,0.1559375,ok,,62475.18716692112,85989.76495118637,False,True
paper,paper-pareto-n100-d1,bursty,test,oracle_mf_mpc,0.1,1737,100,1,70368,0.11010416666666666,ok,,62302.98171568888,93610.09205795199,False,True
paper,paper-pareto-n100-d1,bursty,test,oracle_mf_mpc,0.3,1737,100,1,70368,0.09072916666666667,ok,,73685.85133755735,84467.80029036388,False,True
paper,paper-pareto-n100-d1,bursty,test,oracle_mf_mpc,1.0,1737,100,1,70368,0.07135416666666666,ok,,68638.40318501338,78107.62285027812,True,True
paper,paper-pareto-n100-d1,bursty,test,oracle_mf_mpc,3.0,1737,100,1,70368,0.07135416666666666,ok,,68638.40318501338,78107.62285027812,False,True
paper,paper-pareto-n100-d1,bursty,test,seasonal_mf_mpc,0.01,1736,100,1,70251,0.2940277777777778,ok,,266282.619728718,313266.8555890876,False,True
paper,paper-pareto-n100-d1,bursty,test,seasonal_mf_mpc,0.03,1736,100,1,70251,0.1440972222222222,ok,,314286.03161115013,337005.2412321751,False,True
paper,paper-pareto-n100-d1,bursty,test,seasonal_mf_mpc,0.1,1736,100,1,70251,0.11604166666666665,ok,,379091.1316125026,399680.0256765699,False,True
paper,paper-pareto-n100-d1,bursty,test,seasonal_mf_mpc,0.3,1736,100,1,70251,0.0967361111111111,ok,,490939.680135011,507803.26030689466,False,True
paper,paper-pareto-n100-d1,bursty,test,seasonal_mf_mpc,1.0,1736,100,1,70251,0.07743055555555556,ok,,642541.7845895877,658422.6741956403,True,True
paper,paper-pareto-n100-d1,bursty,test,seasonal_mf_mpc,3.0,1736,100,1,70251,0.07743055555555556,ok,,642541.7845895877,658422.6741956403,False,True
paper,paper-pareto-n100-d1,bursty,test,ewma_mf_mpc,0.01,1736,100,1,70251,0.5356944444444445,ok,,51258.76490002765,138895.56740833216,False,True
paper,paper-pareto-n100-d1,bursty,test,ewma_mf_mpc,0.03,1736,100,1,70251,0.20559027777777777,ok,,161992.15900696052,207271.3211878751,False,True
paper,paper-pareto-n100-d1,bursty,test,ewma_mf_mpc,0.1,1736,100,1,70251,0.1579513888888889,ok,,235195.05646790648,263573.5258017442,False,True
paper,paper-pareto-n100-d1,bursty,test,ewma_mf_mpc,0.3,1736,100,1,70251,0.13385416666666666,ok,,269709.33370832534,310082.615762088,False,True
paper,paper-pareto-n100-d1,bursty,test,ewma_mf_mpc,1.0,1736,100,1,70251,0.1103125,ok,,348717.4095088119,362780.00180596893,False,True
paper,paper-pareto-n100-d1,bursty,test,ewma_mf_mpc,3.0,1736,100,1,70251,0.10659722222222222,ok,,349294.18756495806,363326.86712429486,False,True
paper,paper-pareto-n100-d1,bursty,test,ewma_mf_mpc,100.0,1736,100,1,70251,0.10298611111111111,ok,,350342.4263164485,364542.26235946245,True,True
paper,paper-pareto-n100-d1,bursty,test,gp_mean_mf_mpc,0.01,1736,100,1,70251,0.99375,ok,,31415.52558567452,52103.2470860904,False,True
paper,paper-pareto-n100-d1,bursty,test,gp_mean_mf_mpc,0.03,1736,100,1,70251,0.3062152777777778,ok,,44960.303673269795,67051.26323888404,False,True
paper,paper-pareto-n100-d1,bursty,test,gp_mean_mf_mpc,0.1,1736,100,1,70251,0.21871527777777777,ok,,41638.92669085436,49685.80129787134,False,True
paper,paper-pareto-n100-d1,bursty,test,gp_mean_mf_mpc,0.3,1736,100,1,70251,0.1740972222222222,ok,,51223.58377910532,79625.19547470399,False,True
paper,paper-pareto-n100-d1,bursty,test,gp_mean_mf_mpc,1.0,1736,100,1,70251,0.1384375,ok,,51235.600380257674,59067.08844925335,False,True
paper,paper-pareto-n100-d1,bursty,test,gp_mean_mf_mpc,3.0,1736,100,1,70251,0.12802083333333333,ok,,62603.646433804475,73730.89376169218,False,True
paper,paper-pareto-n100-d1,bursty,test,gp_mean_mf_mpc,100.0,1736,100,1,70251,0.1171875,ok,,51334.05277651437,71072.25171545715,True,True
paper,paper-pareto-n100-d1,bursty,test,gp_ucb_mf_mpc,0.01,1736,100,1,70251,0.99375,ok,,31415.52558567452,52103.2470860904,False,True
paper,paper-pareto-n100-d1,bursty,test,gp_ucb_mf_mpc,0.03,1736,100,1,70251,0.525,ok,,34567.14899668442,53858.63368313784,False,True
paper,paper-pareto-n100-d1,bursty,test,gp_ucb_mf_mpc,0.1,1736,100,1,70251,0.3769097222222222,ok,,40837.10443352034,56318.087392351925,False,True
paper,paper-pareto-n100-d1,bursty,test,gp_ucb_mf_mpc,0.3,1736,100,1,70251,0.2878472222222222,ok,,41043.42529386516,67566.18587030127,False,True
paper,paper-pareto-n100-d1,bursty,test,gp_ucb_mf_mpc,1.0,1736,100,1,70251,0.21888888888888888,ok,,52880.11949489628,82638.2632573465,False,True
paper,paper-pareto-n100-d1,bursty,test,gp_ucb_mf_mpc,3.0,1736,100,1,70251,0.17663194444444444,ok,,50171.081234401514,71860.47671573992,False,True
paper,paper-pareto-n100-d1,bursty,test,gp_ucb_mf_mpc,100.0,1736,100,1,70251,0.12371527777777779,ok,,43026.03392643443,59595.84781716703,True,True
paper,paper-pareto-n100-d1,bursty,test,oracle_mf_mpc,0.01,1736,100,1,70251,0.5477777777777778,ok,,34306.03733115843,50172.37969949335,False,True
paper,paper-pareto-n100-d1,bursty,test,oracle_mf_mpc,0.03,1736,100,1,70251,0.1559375,ok,,65715.12254546187,102449.42684561311,False,True
paper,paper-pareto-n100-d1,bursty,test,oracle_mf_mpc,0.1,1736,100,1,70251,0.11010416666666666,ok,,52742.74541158484,66582.0995011098,False,True
paper,paper-pareto-n100-d1,bursty,test,oracle_mf_mpc,0.3,1736,100,1,70251,0.09072916666666667,ok,,64646.70018645763,72165.10245052261,False,True
paper,paper-pareto-n100-d1,bursty,test,oracle_mf_mpc,1.0,1736,100,1,70251,0.07135416666666666,ok,,68792.33605560425,77671.13349505364,True,True
paper,paper-pareto-n100-d1,bursty,test,oracle_mf_mpc,3.0,1736,100,1,70251,0.07135416666666666,ok,,68792.33605560425,77671.13349505364,False,True
paper,paper-pareto-n100-d1,bursty,test,seasonal_mf_mpc,0.01,1738,100,1,70292,0.2940277777777778,ok,,301555.5203724199,350004.4262915544,False,True
paper,paper-pareto-n100-d1,bursty,test,seasonal_mf_mpc,0.03,1738,100,1,70292,0.1440972222222222,ok,,353664.54981153476,384342.6566879403,False,True
paper,paper-pareto-n100-d1,bursty,test,seasonal_mf_mpc,0.1,1738,100,1,70292,0.11604166666666665,ok,,395726.8882786557,411203.749442783,False,True
paper,paper-pareto-n100-d1,bursty,test,seasonal_mf_mpc,0.3,1738,100,1,70292,0.0967361111111111,ok,,499245.4444985506,518783.41774561047,False,True
paper,paper-pareto-n100-d1,bursty,test,seasonal_mf_mpc,1.0,1738,100,1,70292,0.07743055555555556,ok,,702231.5215794927,715104.311538634,True,True
paper,paper-pareto-n100-d1,bursty,test,seasonal_mf_mpc,3.0,1738,100,1,70292,0.07743055555555556,ok,,702231.5215794927,715104.311538634,False,True
paper,paper-pareto-n100-d1,bursty,test,ewma_mf_mpc,0.01,1738,100,1,70292,0.5356944444444445,ok,,58972.93859207036,148000.05070574122,False,True
paper,paper-pareto-n100-d1,bursty,test,ewma_mf_mpc,0.03,1738,100,1,70292,0.20559027777777777,ok,,177315.7272818613,220482.65750203587,False,True
paper,paper-pareto-n100-d1,bursty,test,ewma_mf_mpc,0.1,1738,100,1,70292,0.1579513888888889,ok,,231774.11624158765,250205.0142504669,False,True
paper,paper-pareto-n100-d1,bursty,test,ewma_mf_mpc,0.3,1738,100,1,70292,0.13385416666666666,ok,,287343.88062526594,297246.8169277794,False,True
paper,paper-pareto-n100-d1,bursty,test,ewma_mf_mpc,1.0,1738,100,1,70292,0.1103125,ok,,434224.0561673736,452794.62945571094,False,True
paper,paper-pareto-n100-d1,bursty,test,ewma_mf_mpc,3.0,1738,100,1,70292,0.10659722222222222,ok,,435108.4463259073,453701.2557499094,False,True
paper,paper-pareto-n100-d1,bursty,test,ewma_mf_mpc,100.0,1738,100,1,70292,0.10298611111111111,ok,,436031.1627244663,454586.6004981764,True,True
paper,paper-pareto-n100-d1,bursty,test,gp_mean_mf_mpc,0.01,1738,100,1,70292,0.99375,ok,,36920.47698469384,53952.603712472854,False,True
paper,paper-pareto-n100-d1,bursty,test,gp_mean_mf_mpc,0.03,1738,100,1,70292,0.3062152777777778,ok,,38191.52005651852,60268.73984300808,False,True
paper,paper-pareto-n100-d1,bursty,test,gp_mean_mf_mpc,0.1,1738,100,1,70292,0.21871527777777777,ok,,52873.4081263601,70841.9132003709,False,True
paper,paper-pareto-n100-d1,bursty,test,gp_mean_mf_mpc,0.3,1738,100,1,70292,0.1740972222222222,ok,,58857.59447266793,82411.24938570657,False,True
paper,paper-pareto-n100-d1,bursty,test,gp_mean_mf_mpc,1.0,1738,100,1,70292,0.1384375,ok,,40913.080812628585,52994.09664211982,False,True
paper,paper-pareto-n100-d1,bursty,test,gp_mean_mf_mpc,3.0,1738,100,1,70292,0.12802083333333333,ok,,38665.15023045559,54329.24235802056,False,True
paper,paper-pareto-n100-d1,bursty,test,gp_mean_mf_mpc,100.0,1738,100,1,70292,0.1171875,ok,,48772.47761088748,56494.34001107526,True,True
paper,paper-pareto-n100-d1,bursty,test,gp_ucb_mf_mpc,0.01,1738,100,1,70292,0.99375,ok,,36920.47698469384,53952.603712472854,False,True
paper,paper-pareto-n100-d1,bursty,test,gp_ucb_mf_mpc,0.03,1738,100,1,70292,0.525,ok,,41932.37212110379,58074.25454662829,False,True
paper,paper-pareto-n100-d1,bursty,test,gp_ucb_mf_mpc,0.1,1738,100,1,70292,0.3769097222222222,ok,,45709.20935765675,63015.99953058066,False,True
paper,paper-pareto-n100-d1,bursty,test,gp_ucb_mf_mpc,0.3,1738,100,1,70292,0.2878472222222222,ok,,55624.2704043494,73644.2272995023,False,True
paper,paper-pareto-n100-d1,bursty,test,gp_ucb_mf_mpc,1.0,1738,100,1,70292,0.21888888888888888,ok,,42574.547226654555,63425.00147848868,False,True
paper,paper-pareto-n100-d1,bursty,test,gp_ucb_mf_mpc,3.0,1738,100,1,70292,0.17663194444444444,ok,,61529.625562824775,81057.67926988521,False,True
paper,paper-pareto-n100-d1,bursty,test,gp_ucb_mf_mpc,100.0,1738,100,1,70292,0.12371527777777779,ok,,59534.79283104254,67394.07220267653,True,True
paper,paper-pareto-n100-d1,bursty,test,oracle_mf_mpc,0.01,1738,100,1,70292,0.5477777777777778,ok,,36977.40901438639,52448.435783867244,False,True
paper,paper-pareto-n100-d1,bursty,test,oracle_mf_mpc,0.03,1738,100,1,70292,0.1559375,ok,,64482.28099741237,81682.63605012716,False,True
paper,paper-pareto-n100-d1,bursty,test,oracle_mf_mpc,0.1,1738,100,1,70292,0.11010416666666666,ok,,67951.94213370096,82797.84032586307,False,True
paper,paper-pareto-n100-d1,bursty,test,oracle_mf_mpc,0.3,1738,100,1,70292,0.09072916666666667,ok,,56054.33586558877,69147.05734973241,False,True
paper,paper-pareto-n100-d1,bursty,test,oracle_mf_mpc,1.0,1738,100,1,70292,0.07135416666666666,ok,,61693.82026033792,67189.2630516624,True,True
paper,paper-pareto-n100-d1,bursty,test,oracle_mf_mpc,3.0,1738,100,1,70292,0.07135416666666666,ok,,61693.82026033792,67189.2630516624,False,True
paper,paper-pareto-n100-d1,diurnal,validation,seasonal_mf_mpc,0.01,1732,100,1,720000,0.99375,ok,,92.46410676647257,1456.2215681556543,False,True
paper,paper-pareto-n100-d1,diurnal,validation,seasonal_mf_mpc,0.03,1732,100,1,720000,0.99375,ok,,92.46410676647257,1456.2215681556543,False,True
paper,paper-pareto-n100-d1,diurnal,validation,seasonal_mf_mpc,0.1,1732,100,1,720000,0.99375,ok,,92.46410676647257,1456.2215681556543,False,True
paper,paper-pareto-n100-d1,diurnal,validation,seasonal_mf_mpc,0.3,1732,100,1,720000,0.99375,ok,,92.46410676647257,1456.2215681556543,False,True
paper,paper-pareto-n100-d1,diurnal,validation,seasonal_mf_mpc,1.0,1732,100,1,720000,0.9283333333333332,ok,,245.7903952277068,1592.0560445108702,False,True
paper,paper-pareto-n100-d1,diurnal,validation,seasonal_mf_mpc,1.1547819846894583,1732,100,1,720000,0.9282291666666667,ok,,242.28971672337514,1617.637384301398,True,True
paper,paper-pareto-n100-d1,diurnal,validation,seasonal_mf_mpc,3.0,1732,100,1,720000,0.8194444444444444,ok,,958.0613740569888,1854.6769584801384,False,True
paper,paper-pareto-n100-d1,diurnal,validation,ewma_mf_mpc,0.01,1732,100,1,720000,0.99375,ok,,92.46410676647257,1456.2215681556543,False,True
paper,paper-pareto-n100-d1,diurnal,validation,ewma_mf_mpc,0.03,1732,100,1,720000,0.99375,ok,,92.46410676647257,1456.2215681556543,False,True
paper,paper-pareto-n100-d1,diurnal,validation,ewma_mf_mpc,0.1,1732,100,1,720000,0.99375,ok,,92.46410676647257,1456.2215681556543,False,True
paper,paper-pareto-n100-d1,diurnal,validation,ewma_mf_mpc,0.3,1732,100,1,720000,0.99375,ok,,92.46410676647257,1456.2215681556543,False,True
paper,paper-pareto-n100-d1,diurnal,validation,ewma_mf_mpc,1.0,1732,100,1,720000,0.99375,ok,,92.46410676647257,1456.2215681556543,False,True
paper,paper-pareto-n100-d1,diurnal,validation,ewma_mf_mpc,2.000141069147367,1732,100,1,720000,0.9117361111111112,ok,,178.74390079884938,1561.8789771476384,True,True
paper,paper-pareto-n100-d1,diurnal,validation,ewma_mf_mpc,3.0,1732,100,1,720000,0.8524305555555556,ok,,400.8314627017826,1659.6130592422085,False,True
paper,paper-pareto-n100-d1,diurnal,validation,gp_mean_mf_mpc,0.01,1732,100,1,720000,0.99375,ok,,92.46410676647257,1456.2215681556543,False,True
paper,paper-pareto-n100-d1,diurnal,validation,gp_mean_mf_mpc,0.03,1732,100,1,720000,0.99375,ok,,92.46410676647257,1456.2215681556543,False,True
paper,paper-pareto-n100-d1,diurnal,validation,gp_mean_mf_mpc,0.1,1732,100,1,720000,0.99375,ok,,92.46410676647257,1456.2215681556543,False,True
paper,paper-pareto-n100-d1,diurnal,validation,gp_mean_mf_mpc,0.3,1732,100,1,720000,0.99375,ok,,92.46410676647257,1456.2215681556543,False,True
paper,paper-pareto-n100-d1,diurnal,validation,gp_mean_mf_mpc,1.0,1732,100,1,720000,0.9283333333333332,ok,,245.7903952277068,1592.0560445108702,False,True
paper,paper-pareto-n100-d1,diurnal,validation,gp_mean_mf_mpc,1.1547819846894583,1732,100,1,720000,0.9282291666666667,ok,,242.28971672337514,1617.637384301398,True,True
paper,paper-pareto-n100-d1,diurnal,validation,gp_mean_mf_mpc,3.0,1732,100,1,720000,0.8194444444444444,ok,,958.0613740569888,1854.6769584801384,False,True
paper,paper-pareto-n100-d1,diurnal,validation,gp_ucb_mf_mpc,0.01,1732,100,1,720000,0.99375,ok,,92.46410676647257,1456.2215681556543,False,True
paper,paper-pareto-n100-d1,diurnal,validation,gp_ucb_mf_mpc,0.03,1732,100,1,720000,0.99375,ok,,92.46410676647257,1456.2215681556543,False,True
paper,paper-pareto-n100-d1,diurnal,validation,gp_ucb_mf_mpc,0.1,1732,100,1,720000,0.99375,ok,,92.46410676647257,1456.2215681556543,False,True
paper,paper-pareto-n100-d1,diurnal,validation,gp_ucb_mf_mpc,0.3,1732,100,1,720000,0.99375,ok,,92.46410676647257,1456.2215681556543,False,True
paper,paper-pareto-n100-d1,diurnal,validation,gp_ucb_mf_mpc,1.0,1732,100,1,720000,0.9283333333333332,ok,,245.7903952277068,1592.0560445108702,False,True
paper,paper-pareto-n100-d1,diurnal,validation,gp_ucb_mf_mpc,1.1547819846894583,1732,100,1,720000,0.9282291666666667,ok,,242.28971672337514,1617.637384301398,True,True
paper,paper-pareto-n100-d1,diurnal,validation,gp_ucb_mf_mpc,3.0,1732,100,1,720000,0.8194444444444444,ok,,958.0613740569888,1854.6769584801384,False,True
paper,paper-pareto-n100-d1,diurnal,validation,oracle_mf_mpc,0.01,1732,100,1,720000,0.99375,ok,,92.46410676647257,1456.2215681556543,False,True
paper,paper-pareto-n100-d1,diurnal,validation,oracle_mf_mpc,0.03,1732,100,1,720000,0.99375,ok,,92.46410676647257,1456.2215681556543,False,True
paper,paper-pareto-n100-d1,diurnal,validation,oracle_mf_mpc,0.1,1732,100,1,720000,0.99375,ok,,92.46410676647257,1456.2215681556543,False,True
paper,paper-pareto-n100-d1,diurnal,validation,oracle_mf_mpc,0.3,1732,100,1,720000,0.99375,ok,,92.46410676647257,1456.2215681556543,False,True
paper,paper-pareto-n100-d1,diurnal,validation,oracle_mf_mpc,1.0,1732,100,1,720000,0.9283333333333332,ok,,245.7903952277068,1592.0560445108702,False,True
paper,paper-pareto-n100-d1,diurnal,validation,oracle_mf_mpc,1.1547819846894583,1732,100,1,720000,0.9282291666666667,ok,,242.28971672337514,1617.637384301398,True,True
paper,paper-pareto-n100-d1,diurnal,validation,oracle_mf_mpc,3.0,1732,100,1,720000,0.8194444444444444,ok,,958.0613740569888,1854.6769584801384,False,True
paper,paper-pareto-n100-d1,diurnal,validation,seasonal_mf_mpc,0.01,1733,100,1,720000,0.99375,ok,,92.40311219057197,1433.8831800723801,False,True
paper,paper-pareto-n100-d1,diurnal,validation,seasonal_mf_mpc,0.03,1733,100,1,720000,0.99375,ok,,92.40311219057197,1433.8831800723801,False,True
paper,paper-pareto-n100-d1,diurnal,validation,seasonal_mf_mpc,0.1,1733,100,1,720000,0.99375,ok,,92.40311219057197,1433.8831800723801,False,True
paper,paper-pareto-n100-d1,diurnal,validation,seasonal_mf_mpc,0.3,1733,100,1,720000,0.99375,ok,,92.40311219057197,1433.8831800723801,False,True
paper,paper-pareto-n100-d1,diurnal,validation,seasonal_mf_mpc,1.0,1733,100,1,720000,0.9283333333333332,ok,,250.63301951791985,1560.8920994579603,False,True
paper,paper-pareto-n100-d1,diurnal,validation,seasonal_mf_mpc,1.1547819846894583,1733,100,1,720000,0.9282291666666667,ok,,196.27455447272501,1507.8521890702598,True,True
paper,paper-pareto-n100-d1,diurnal,validation,seasonal_mf_mpc,3.0,1733,100,1,720000,0.8194444444444444,ok,,870.5461233219845,1826.8838671236551,False,True
paper,paper-pareto-n100-d1,diurnal,validation,ewma_mf_mpc,0.01,1733,100,1,720000,0.99375,ok,,92.40311219057197,1433.8831800723801,False,True
paper,paper-pareto-n100-d1,diurnal,validation,ewma_mf_mpc,0.03,1733,100,1,720000,0.99375,ok,,92.40311219057197,1433.8831800723801,False,True
paper,paper-pareto-n100-d1,diurnal,validation,ewma_mf_mpc,0.1,1733,100,1,720000,0.99375,ok,,92.40311219057197,1433.8831800723801,False,True
paper,paper-pareto-n100-d1,diurnal,validation,ewma_mf_mpc,0.3,1733,100,1,720000,0.99375,ok,,92.40311219057197,1433.8831800723801,False,True
paper,paper-pareto-n100-d1,diurnal,validation,ewma_mf_mpc,1.0,1733,100,1,720000,0.99375,ok,,92.40311219057197,1433.8831800723801,False,True
paper,paper-pareto-n100-d1,diurnal,validation,ewma_mf_mpc,2.000141069147367,1733,100,1,720000,0.9117361111111112,ok,,155.27613353850776,1477.4742079654015,True,True
paper,paper-pareto-n100-d1,diurnal,validation,ewma_mf_mpc,3.0,1733,100,1,720000,0.8524305555555556,ok,,361.00478285848385,1570.877551292006,False,True
paper,paper-pareto-n100-d1,diurnal,validation,gp_mean_mf_mpc,0.01,1733,100,1,720000,0.99375,ok,,92.40311219057197,1433.8831800723801,False,True
paper,paper-pareto-n100-d1,diurnal,validation,gp_mean_mf_mpc,0.03,1733,100,1,720000,0.99375,ok,,92.40311219057197,1433.8831800723801,False,True
paper,paper-pareto-n100-d1,diurnal,validation,gp_mean_mf_mpc,0.1,1733,100,1,720000,0.99375,ok,,92.40311219057197,1433.8831800723801,False,True
paper,paper-pareto-n100-d1,diurnal,validation,gp_mean_mf_mpc,0.3,1733,100,1,720000,0.99375,ok,,92.40311219057197,1433.8831800723801,False,True
paper,paper-pareto-n100-d1,diurnal,validation,gp_mean_mf_mpc,1.0,1733,100,1,720000,0.9283333333333332,ok,,250.63301951791985,1560.8920994579603,False,True
paper,paper-pareto-n100-d1,diurnal,validation,gp_mean_mf_mpc,1.1547819846894583,1733,100,1,720000,0.9282291666666667,ok,,196.27455447272501,1507.8521890702598,True,True
paper,paper-pareto-n100-d1,diurnal,validation,gp_mean_mf_mpc,3.0,1733,100,1,720000,0.8194444444444444,ok,,870.5461233219845,1826.8838671236551,False,True
paper,paper-pareto-n100-d1,diurnal,validation,gp_ucb_mf_mpc,0.01,1733,100,1,720000,0.99375,ok,,92.40311219057197,1433.8831800723801,False,True
paper,paper-pareto-n100-d1,diurnal,validation,gp_ucb_mf_mpc,0.03,1733,100,1,720000,0.99375,ok,,92.40311219057197,1433.8831800723801,False,True
paper,paper-pareto-n100-d1,diurnal,validation,gp_ucb_mf_mpc,0.1,1733,100,1,720000,0.99375,ok,,92.40311219057197,1433.8831800723801,False,True
paper,paper-pareto-n100-d1,diurnal,validation,gp_ucb_mf_mpc,0.3,1733,100,1,720000,0.99375,ok,,92.40311219057197,1433.8831800723801,False,True
paper,paper-pareto-n100-d1,diurnal,validation,gp_ucb_mf_mpc,1.0,1733,100,1,720000,0.9283333333333332,ok,,250.63301951791985,1560.8920994579603,False,True
paper,paper-pareto-n100-d1,diurnal,validation,gp_ucb_mf_mpc,1.1547819846894583,1733,100,1,720000,0.9282291666666667,ok,,196.27455447272501,1507.8521890702598,True,True
paper,paper-pareto-n100-d1,diurnal,validation,gp_ucb_mf_mpc,3.0,1733,100,1,720000,0.8194444444444444,ok,,870.5461233219845,1826.8838671236551,False,True
paper,paper-pareto-n100-d1,diurnal,validation,oracle_mf_mpc,0.01,1733,100,1,720000,0.99375,ok,,92.40311219057197,1433.8831800723801,False,True
paper,paper-pareto-n100-d1,diurnal,validation,oracle_mf_mpc,0.03,1733,100,1,720000,0.99375,ok,,92.40311219057197,1433.8831800723801,False,True
paper,paper-pareto-n100-d1,diurnal,validation,oracle_mf_mpc,0.1,1733,100,1,720000,0.99375,ok,,92.40311219057197,1433.8831800723801,False,True
paper,paper-pareto-n100-d1,diurnal,validation,oracle_mf_mpc,0.3,1733,100,1,720000,0.99375,ok,,92.40311219057197,1433.8831800723801,False,True
paper,paper-pareto-n100-d1,diurnal,validation,oracle_mf_mpc,1.0,1733,100,1,720000,0.9283333333333332,ok,,250.63301951791985,1560.8920994579603,False,True
paper,paper-pareto-n100-d1,diurnal,validation,oracle_mf_mpc,1.1547819846894583,1733,100,1,720000,0.9282291666666667,ok,,196.27455447272501,1507.8521890702598,True,True
paper,paper-pareto-n100-d1,diurnal,validation,oracle_mf_mpc,3.0,1733,100,1,720000,0.8194444444444444,ok,,870.5461233219845,1826.8838671236551,False,True
paper,paper-pareto-n100-d1,diurnal,validation,seasonal_mf_mpc,0.01,1734,100,1,720000,0.99375,ok,,96.15053311931965,1453.5445662010668,False,True
paper,paper-pareto-n100-d1,diurnal,validation,seasonal_mf_mpc,0.03,1734,100,1,720000,0.99375,ok,,96.15053311931965,1453.5445662010668,False,True
paper,paper-pareto-n100-d1,diurnal,validation,seasonal_mf_mpc,0.1,1734,100,1,720000,0.99375,ok,,96.15053311931965,1453.5445662010668,False,True
paper,paper-pareto-n100-d1,diurnal,validation,seasonal_mf_mpc,0.3,1734,100,1,720000,0.99375,ok,,96.15053311931965,1453.5445662010668,False,True
paper,paper-pareto-n100-d1,diurnal,validation,seasonal_mf_mpc,1.0,1734,100,1,720000,0.9283333333333332,ok,,191.30610811366947,1538.3196770753882,False,True
paper,paper-pareto-n100-d1,diurnal,validation,seasonal_mf_mpc,1.1547819846894583,1734,100,1,720000,0.9282291666666667,ok,,238.3948885896902,1558.712967270974,True,True
paper,paper-pareto-n100-d1,diurnal,validation,seasonal_mf_mpc,3.0,1734,100,1,720000,0.8194444444444444,ok,,967.377176392938,1839.9273726761435,False,True
paper,paper-pareto-n100-d1,diurnal,validation,ewma_mf_mpc,0.01,1734,100,1,720000,0.99375,ok,,96.15053311931965,1453.5445662010668,False,True
paper,paper-pareto-n100-d1,diurnal,validation,ewma_mf_mpc,0.03,1734,100,1,720000,0.99375,ok,,96.15053311931965,1453.5445662010668,False,True
paper,paper-pareto-n100-d1,diurnal,validation,ewma_mf_mpc,0.1,1734,100,1,720000,0.99375,ok,,96.15053311931965,1453.5445662010668,False,True
paper,paper-pareto-n100-d1,diurnal,validation,ewma_mf_mpc,0.3,1734,100,1,720000,0.99375,ok,,96.15053311931965,1453.5445662010668,False,True
paper,paper-pareto-n100-d1,diurnal,validation,ewma_mf_mpc,1.0,1734,100,1,720000,0.99375,ok,,96.15053311931965,1453.5445662010668,False,True
paper,paper-pareto-n100-d1,diurnal,validation,ewma_mf_mpc,2.000141069147367,1734,100,1,720000,0.9117361111111112,ok,,183.79098885989433,1525.0069133668349,True,True
paper,paper-pareto-n100-d1,diurnal,validation,ewma_mf_mpc,3.0,1734,100,1,720000,0.8524305555555556,ok,,434.1429039272025,1607.415530737914,False,True
paper,paper-pareto-n100-d1,diurnal,validation,gp_mean_mf_mpc,0.01,1734,100,1,720000,0.99375,ok,,96.15053311931965,1453.5445662010668,False,True
paper,paper-pareto-n100-d1,diurnal,validation,gp_mean_mf_mpc,0.03,1734,100,1,720000,0.99375,ok,,96.15053311931965,1453.5445662010668,False,True
paper,paper-pareto-n100-d1,diurnal,validation,gp_mean_mf_mpc,0.1,1734,100,1,720000,0.99375,ok,,96.15053311931965,1453.5445662010668,False,True
paper,paper-pareto-n100-d1,diurnal,validation,gp_mean_mf_mpc,0.3,1734,100,1,720000,0.99375,ok,,96.15053311931965,1453.5445662010668,False,True
paper,paper-pareto-n100-d1,diurnal,validation,gp_mean_mf_mpc,1.0,1734,100,1,720000,0.9283333333333332,ok,,191.30610811366947,1538.3196770753882,False,True
paper,paper-pareto-n100-d1,diurnal,validation,gp_mean_mf_mpc,1.1547819846894583,1734,100,1,720000,0.9282291666666667,ok,,238.3948885896902,1558.712967270974,True,True
paper,paper-pareto-n100-d1,diurnal,validation,gp_mean_mf_mpc,3.0,1734,100,1,720000,0.8194444444444444,ok,,967.377176392938,1839.9273726761435,False,True
paper,paper-pareto-n100-d1,diurnal,validation,gp_ucb_mf_mpc,0.01,1734,100,1,720000,0.99375,ok,,96.15053311931965,1453.5445662010668,False,True
paper,paper-pareto-n100-d1,diurnal,validation,gp_ucb_mf_mpc,0.03,1734,100,1,720000,0.99375,ok,,96.15053311931965,1453.5445662010668,False,True
paper,paper-pareto-n100-d1,diurnal,validation,gp_ucb_mf_mpc,0.1,1734,100,1,720000,0.99375,ok,,96.15053311931965,1453.5445662010668,False,True
paper,paper-pareto-n100-d1,diurnal,validation,gp_ucb_mf_mpc,0.3,1734,100,1,720000,0.99375,ok,,96.15053311931965,1453.5445662010668,False,True
paper,paper-pareto-n100-d1,diurnal,validation,gp_ucb_mf_mpc,1.0,1734,100,1,720000,0.9283333333333332,ok,,191.30610811366947,1538.3196770753882,False,True
paper,paper-pareto-n100-d1,diurnal,validation,gp_ucb_mf_mpc,1.1547819846894583,1734,100,1,720000,0.9282291666666667,ok,,238.3948885896902,1558.712967270974,True,True
paper,paper-pareto-n100-d1,diurnal,validation,gp_ucb_mf_mpc,3.0,1734,100,1,720000,0.8194444444444444,ok,,967.377176392938,1839.9273726761435,False,True
paper,paper-pareto-n100-d1,diurnal,validation,oracle_mf_mpc,0.01,1734,100,1,720000,0.99375,ok,,96.15053311931965,1453.5445662010668,False,True
paper,paper-pareto-n100-d1,diurnal,validation,oracle_mf_mpc,0.03,1734,100,1,720000,0.99375,ok,,96.15053311931965,1453.5445662010668,False,True
paper,paper-pareto-n100-d1,diurnal,validation,oracle_mf_mpc,0.1,1734,100,1,720000,0.99375,ok,,96.15053311931965,1453.5445662010668,False,True
paper,paper-pareto-n100-d1,diurnal,validation,oracle_mf_mpc,0.3,1734,100,1,720000,0.99375,ok,,96.15053311931965,1453.5445662010668,False,True
paper,paper-pareto-n100-d1,diurnal,validation,oracle_mf_mpc,1.0,1734,100,1,720000,0.9283333333333332,ok,,191.30610811366947,1538.3196770753882,False,True
paper,paper-pareto-n100-d1,diurnal,validation,oracle_mf_mpc,1.1547819846894583,1734,100,1,720000,0.9282291666666667,ok,,238.3948885896902,1558.712967270974,True,True
paper,paper-pareto-n100-d1,diurnal,validation,oracle_mf_mpc,3.0,1734,100,1,720000,0.8194444444444444,ok,,967.377176392938,1839.9273726761435,False,True
paper,paper-pareto-n100-d1,diurnal,validation,seasonal_mf_mpc,0.01,1731,100,1,720000,0.99375,ok,,75.97054142670031,1422.189738442424,False,True
paper,paper-pareto-n100-d1,diurnal,validation,seasonal_mf_mpc,0.03,1731,100,1,720000,0.99375,ok,,75.97054142670031,1422.189738442424,False,True
paper,paper-pareto-n100-d1,diurnal,validation,seasonal_mf_mpc,0.1,1731,100,1,720000,0.99375,ok,,75.97054142670031,1422.189738442424,False,True
paper,paper-pareto-n100-d1,diurnal,validation,seasonal_mf_mpc,0.3,1731,100,1,720000,0.99375,ok,,75.97054142670031,1422.189738442424,False,True
paper,paper-pareto-n100-d1,diurnal,validation,seasonal_mf_mpc,1.0,1731,100,1,720000,0.9283333333333332,ok,,114.72057768730087,1499.1338795601177,False,True
paper,paper-pareto-n100-d1,diurnal,validation,seasonal_mf_mpc,1.1547819846894583,1731,100,1,720000,0.9282291666666667,ok,,117.05536592666391,1485.7271864787829,True,True
paper,paper-pareto-n100-d1,diurnal,validation,seasonal_mf_mpc,3.0,1731,100,1,720000,0.8194444444444444,ok,,811.4222780341478,1823.923347128085,False,True
paper,paper-pareto-n100-d1,diurnal,validation,ewma_mf_mpc,0.01,1731,100,1,720000,0.99375,ok,,75.97054142670031,1422.189738442424,False,True
paper,paper-pareto-n100-d1,diurnal,validation,ewma_mf_mpc,0.03,1731,100,1,720000,0.99375,ok,,75.97054142670031,1422.189738442424,False,True
paper,paper-pareto-n100-d1,diurnal,validation,ewma_mf_mpc,0.1,1731,100,1,720000,0.99375,ok,,75.97054142670031,1422.189738442424,False,True
paper,paper-pareto-n100-d1,diurnal,validation,ewma_mf_mpc,0.3,1731,100,1,720000,0.99375,ok,,75.97054142670031,1422.189738442424,False,True
paper,paper-pareto-n100-d1,diurnal,validation,ewma_mf_mpc,1.0,1731,100,1,720000,0.99375,ok,,75.97054142670031,1422.189738442424,False,True
paper,paper-pareto-n100-d1,diurnal,validation,ewma_mf_mpc,2.000141069147367,1731,100,1,720000,0.9117361111111112,ok,,107.22430332208191,1475.305552234053,True,True
paper,paper-pareto-n100-d1,diurnal,validation,ewma_mf_mpc,3.0,1731,100,1,720000,0.8524305555555556,ok,,235.99454137835573,1576.3780459951163,False,True
paper,paper-pareto-n100-d1,diurnal,validation,gp_mean_mf_mpc,0.01,1731,100,1,720000,0.99375,ok,,75.97054142670031,1422.189738442424,False,True
paper,paper-pareto-n100-d1,diurnal,validation,gp_mean_mf_mpc,0.03,1731,100,1,720000,0.99375,ok,,75.97054142670031,1422.189738442424,False,True
paper,paper-pareto-n100-d1,diurnal,validation,gp_mean_mf_mpc,0.1,1731,100,1,720000,0.99375,ok,,75.97054142670031,1422.189738442424,False,True
paper,paper-pareto-n100-d1,diurnal,validation,gp_mean_mf_mpc,0.3,1731,100,1,720000,0.99375,ok,,75.97054142670031,1422.189738442424,False,True
paper,paper-pareto-n100-d1,diurnal,validation,gp_mean_mf_mpc,1.0,1731,100,1,720000,0.9283333333333332,ok,,114.72057768730087,1499.1338795601177,False,True
paper,paper-pareto-n100-d1,diurnal,validation,gp_mean_mf_mpc,1.1547819846894583,1731,100,1,720000,0.9282291666666667,ok,,117.05536592666391,1485.7271864787829,True,True
paper,paper-pareto-n100-d1,diurnal,validation,gp_mean_mf_mpc,3.0,1731,100,1,720000,0.8194444444444444,ok,,811.4222780341478,1823.923347128085,False,True
paper,paper-pareto-n100-d1,diurnal,validation,gp_ucb_mf_mpc,0.01,1731,100,1,720000,0.99375,ok,,75.97054142670031,1422.189738442424,False,True
paper,paper-pareto-n100-d1,diurnal,validation,gp_ucb_mf_mpc,0.03,1731,100,1,720000,0.99375,ok,,75.97054142670031,1422.189738442424,False,True
paper,paper-pareto-n100-d1,diurnal,validation,gp_ucb_mf_mpc,0.1,1731,100,1,720000,0.99375,ok,,75.97054142670031,1422.189738442424,False,True
paper,paper-pareto-n100-d1,diurnal,validation,gp_ucb_mf_mpc,0.3,1731,100,1,720000,0.99375,ok,,75.97054142670031,1422.189738442424,False,True
paper,paper-pareto-n100-d1,diurnal,validation,gp_ucb_mf_mpc,1.0,1731,100,1,720000,0.9283333333333332,ok,,114.72057768730087,1499.1338795601177,False,True
paper,paper-pareto-n100-d1,diurnal,validation,gp_ucb_mf_mpc,1.1547819846894583,1731,100,1,720000,0.9282291666666667,ok,,117.05536592666391,1485.7271864787829,True,True
paper,paper-pareto-n100-d1,diurnal,validation,gp_ucb_mf_mpc,3.0,1731,100,1,720000,0.8194444444444444,ok,,811.4222780341478,1823.923347128085,False,True
paper,paper-pareto-n100-d1,diurnal,validation,oracle_mf_mpc,0.01,1731,100,1,720000,0.99375,ok,,75.97054142670031,1422.189738442424,False,True
paper,paper-pareto-n100-d1,diurnal,validation,oracle_mf_mpc,0.03,1731,100,1,720000,0.99375,ok,,75.97054142670031,1422.189738442424,False,True
paper,paper-pareto-n100-d1,diurnal,validation,oracle_mf_mpc,0.1,1731,100,1,720000,0.99375,ok,,75.97054142670031,1422.189738442424,False,True
paper,paper-pareto-n100-d1,diurnal,validation,oracle_mf_mpc,0.3,1731,100,1,720000,0.99375,ok,,75.97054142670031,1422.189738442424,False,True
paper,paper-pareto-n100-d1,diurnal,validation,oracle_mf_mpc,1.0,1731,100,1,720000,0.9283333333333332,ok,,114.72057768730087,1499.1338795601177,False,True
paper,paper-pareto-n100-d1,diurnal,validation,oracle_mf_mpc,1.1547819846894583,1731,100,1,720000,0.9282291666666667,ok,,117.05536592666391,1485.7271864787829,True,True
paper,paper-pareto-n100-d1,diurnal,validation,oracle_mf_mpc,3.0,1731,100,1,720000,0.8194444444444444,ok,,811.4222780341478,1823.923347128085,False,True
paper,paper-pareto-n100-d1,diurnal,validation,seasonal_mf_mpc,0.01,1729,100,1,720000,0.99375,ok,,79.58831420974612,1436.2429644805188,False,True
paper,paper-pareto-n100-d1,diurnal,validation,seasonal_mf_mpc,0.03,1729,100,1,720000,0.99375,ok,,79.58831420974612,1436.2429644805188,False,True
paper,paper-pareto-n100-d1,diurnal,validation,seasonal_mf_mpc,0.1,1729,100,1,720000,0.99375,ok,,79.58831420974612,1436.2429644805188,False,True
paper,paper-pareto-n100-d1,diurnal,validation,seasonal_mf_mpc,0.3,1729,100,1,720000,0.99375,ok,,79.58831420974612,1436.2429644805188,False,True
paper,paper-pareto-n100-d1,diurnal,validation,seasonal_mf_mpc,1.0,1729,100,1,720000,0.9283333333333332,ok,,163.17215112248167,1527.3164167507668,False,True
paper,paper-pareto-n100-d1,diurnal,validation,seasonal_mf_mpc,1.1547819846894583,1729,100,1,720000,0.9282291666666667,ok,,136.28136879290196,1525.9305728249599,True,True
paper,paper-pareto-n100-d1,diurnal,validation,seasonal_mf_mpc,3.0,1729,100,1,720000,0.8194444444444444,ok,,866.3332861735877,1829.2041563988166,False,True
paper,paper-pareto-n100-d1,diurnal,validation,ewma_mf_mpc,0.01,1729,100,1,720000,0.99375,ok,,79.58831420974612,1436.2429644805188,False,True
paper,paper-pareto-n100-d1,diurnal,validation,ewma_mf_mpc,0.03,1729,100,1,720000,0.99375,ok,,79.58831420974612,1436.2429644805188,False,True
paper,paper-pareto-n100-d1,diurnal,validation,ewma_mf_mpc,0.1,1729,100,1,720000,0.99375,ok,,79.58831420974612,1436.2429644805188,False,True
paper,paper-pareto-n100-d1,diurnal,validation,ewma_mf_mpc,0.3,1729,100,1,720000,0.99375,ok,,79.58831420974612,1436.2429644805188,False,True
paper,paper-pareto-n100-d1,diurnal,validation,ewma_mf_mpc,1.0,1729,100,1,720000,0.99375,ok,,79.58831420974612,1436.2429644805188,False,True
paper,paper-pareto-n100-d1,diurnal,validation,ewma_mf_mpc,2.000141069147367,1729,100,1,720000,0.9117361111111112,ok,,125.41795831559087,1477.9809790814065,True,True
paper,paper-pareto-n100-d1,diurnal,validation,ewma_mf_mpc,3.0,1729,100,1,720000,0.8524305555555556,ok,,314.799066117451,1594.4637112477094,False,True
paper,paper-pareto-n100-d1,diurnal,validation,gp_mean_mf_mpc,0.01,1729,100,1,720000,0.99375,ok,,79.58831420974612,1436.2429644805188,False,True
paper,paper-pareto-n100-d1,diurnal,validation,gp_mean_mf_mpc,0.03,1729,100,1,720000,0.99375,ok,,79.58831420974612,1436.2429644805188,False,True
paper,paper-pareto-n100-d1,diurnal,validation,gp_mean_mf_mpc,0.1,1729,100,1,720000,0.99375,ok,,79.58831420974612,1436.2429644805188,False,True
paper,paper-pareto-n100-d1,diurnal,validation,gp_mean_mf_mpc,0.3,1729,100,1,720000,0.99375,ok,,79.58831420974612,1436.2429644805188,False,True
paper,paper-pareto-n100-d1,diurnal,validation,gp_mean_mf_mpc,1.0,1729,100,1,720000,0.9283333333333332,ok,,163.17215112248167,1527.3164167507668,False,True
paper,paper-pareto-n100-d1,diurnal,validation,gp_mean_mf_mpc,1.1547819846894583,1729,100,1,720000,0.9282291666666667,ok,,136.28136879290196,1525.9305728249599,True,True
paper,paper-pareto-n100-d1,diurnal,validation,gp_mean_mf_mpc,3.0,1729,100,1,720000,0.8194444444444444,ok,,866.3332861735877,1829.2041563988166,False,True
paper,paper-pareto-n100-d1,diurnal,validation,gp_ucb_mf_mpc,0.01,1729,100,1,720000,0.99375,ok,,79.58831420974612,1436.2429644805188,False,True
paper,paper-pareto-n100-d1,diurnal,validation,gp_ucb_mf_mpc,0.03,1729,100,1,720000,0.99375,ok,,79.58831420974612,1436.2429644805188,False,True
paper,paper-pareto-n100-d1,diurnal,validation,gp_ucb_mf_mpc,0.1,1729,100,1,720000,0.99375,ok,,79.58831420974612,1436.2429644805188,False,True
paper,paper-pareto-n100-d1,diurnal,validation,gp_ucb_mf_mpc,0.3,1729,100,1,720000,0.99375,ok,,79.58831420974612,1436.2429644805188,False,True
paper,paper-pareto-n100-d1,diurnal,validation,gp_ucb_mf_mpc,1.0,1729,100,1,720000,0.9283333333333332,ok,,163.17215112248167,1527.3164167507668,False,True
paper,paper-pareto-n100-d1,diurnal,validation,gp_ucb_mf_mpc,1.1547819846894583,1729,100,1,720000,0.9282291666666667,ok,,136.28136879290196,1525.9305728249599,True,True
paper,paper-pareto-n100-d1,diurnal,validation,gp_ucb_mf_mpc,3.0,1729,100,1,720000,0.8194444444444444,ok,,866.3332861735877,1829.2041563988166,False,True
paper,paper-pareto-n100-d1,diurnal,validation,oracle_mf_mpc,0.01,1729,100,1,720000,0.99375,ok,,79.58831420974612,1436.2429644805188,False,True
paper,paper-pareto-n100-d1,diurnal,validation,oracle_mf_mpc,0.03,1729,100,1,720000,0.99375,ok,,79.58831420974612,1436.2429644805188,False,True
paper,paper-pareto-n100-d1,diurnal,validation,oracle_mf_mpc,0.1,1729,100,1,720000,0.99375,ok,,79.58831420974612,1436.2429644805188,False,True
paper,paper-pareto-n100-d1,diurnal,validation,oracle_mf_mpc,0.3,1729,100,1,720000,0.99375,ok,,79.58831420974612,1436.2429644805188,False,True
paper,paper-pareto-n100-d1,diurnal,validation,oracle_mf_mpc,1.0,1729,100,1,720000,0.9283333333333332,ok,,163.17215112248167,1527.3164167507668,False,True
paper,paper-pareto-n100-d1,diurnal,validation,oracle_mf_mpc,1.1547819846894583,1729,100,1,720000,0.9282291666666667,ok,,136.28136879290196,1525.9305728249599,True,True
paper,paper-pareto-n100-d1,diurnal,validation,oracle_mf_mpc,3.0,1729,100,1,720000,0.8194444444444444,ok,,866.3332861735877,1829.2041563988166,False,True
paper,paper-pareto-n100-d1,diurnal,validation,seasonal_mf_mpc,0.01,1730,100,1,720000,0.99375,ok,,89.12786436255792,1447.201339624161,False,True
paper,paper-pareto-n100-d1,diurnal,validation,seasonal_mf_mpc,0.03,1730,100,1,720000,0.99375,ok,,89.12786436255792,1447.201339624161,False,True
paper,paper-pareto-n100-d1,diurnal,validation,seasonal_mf_mpc,0.1,1730,100,1,720000,0.99375,ok,,89.12786436255792,1447.201339624161,False,True
paper,paper-pareto-n100-d1,diurnal,validation,seasonal_mf_mpc,0.3,1730,100,1,720000,0.99375,ok,,89.12786436255792,1447.201339624161,False,True
paper,paper-pareto-n100-d1,diurnal,validation,seasonal_mf_mpc,1.0,1730,100,1,720000,0.9283333333333332,ok,,192.46540110222665,1583.9532764572575,False,True
paper,paper-pareto-n100-d1,diurnal,validation,seasonal_mf_mpc,1.1547819846894583,1730,100,1,720000,0.9282291666666667,ok,,170.73809803936115,1561.4863442867413,True,True
paper,paper-pareto-n100-d1,diurnal,validation,seasonal_mf_mpc,3.0,1730,100,1,720000,0.8194444444444444,ok,,905.7910723699039,1846.5395346226392,False,True
paper,paper-pareto-n100-d1,diurnal,validation,ewma_mf_mpc,0.01,1730,100,1,720000,0.99375,ok,,89.12786436255792,1447.201339624161,False,True
paper,paper-pareto-n100-d1,diurnal,validation,ewma_mf_mpc,0.03,1730,100,1,720000,0.99375,ok,,89.12786436255792,1447.201339624161,False,True
paper,paper-pareto-n100-d1,diurnal,validation,ewma_mf_mpc,0.1,1730,100,1,720000,0.99375,ok,,89.12786436255792,1447.201339624161,False,True
paper,paper-pareto-n100-d1,diurnal,validation,ewma_mf_mpc,0.3,1730,100,1,720000,0.99375,ok,,89.12786436255792,1447.201339624161,False,True
paper,paper-pareto-n100-d1,diurnal,validation,ewma_mf_mpc,1.0,1730,100,1,720000,0.99375,ok,,89.12786436255792,1447.201339624161,False,True
paper,paper-pareto-n100-d1,diurnal,validation,ewma_mf_mpc,2.000141069147367,1730,100,1,720000,0.9117361111111112,ok,,144.49378213130694,1527.732464057529,True,True
paper,paper-pareto-n100-d1,diurnal,validation,ewma_mf_mpc,3.0,1730,100,1,720000,0.8524305555555556,ok,,349.07626104044857,1629.9823934135866,False,True
paper,paper-pareto-n100-d1,diurnal,validation,gp_mean_mf_mpc,0.01,1730,100,1,720000,0.99375,ok,,89.12786436255792,1447.201339624161,False,True
paper,paper-pareto-n100-d1,diurnal,validation,gp_mean_mf_mpc,0.03,1730,100,1,720000,0.99375,ok,,89.12786436255792,1447.201339624161,False,True
paper,paper-pareto-n100-d1,diurnal,validation,gp_mean_mf_mpc,0.1,1730,100,1,720000,0.99375,ok,,89.12786436255792,1447.201339624161,False,True
paper,paper-pareto-n100-d1,diurnal,validation,gp_mean_mf_mpc,0.3,1730,100,1,720000,0.99375,ok,,89.12786436255792,1447.201339624161,False,True
paper,paper-pareto-n100-d1,diurnal,validation,gp_mean_mf_mpc,1.0,1730,100,1,720000,0.9283333333333332,ok,,192.46540110222665,1583.9532764572575,False,True
paper,paper-pareto-n100-d1,diurnal,validation,gp_mean_mf_mpc,1.1547819846894583,1730,100,1,720000,0.9282291666666667,ok,,170.73809803936115,1561.4863442867413,True,True
paper,paper-pareto-n100-d1,diurnal,validation,gp_mean_mf_mpc,3.0,1730,100,1,720000,0.8194444444444444,ok,,905.7910723699039,1846.5395346226392,False,True
paper,paper-pareto-n100-d1,diurnal,validation,gp_ucb_mf_mpc,0.01,1730,100,1,720000,0.99375,ok,,89.12786436255792,1447.201339624161,False,True
paper,paper-pareto-n100-d1,diurnal,validation,gp_ucb_mf_mpc,0.03,1730,100,1,720000,0.99375,ok,,89.12786436255792,1447.201339624161,False,True
paper,paper-pareto-n100-d1,diurnal,validation,gp_ucb_mf_mpc,0.1,1730,100,1,720000,0.99375,ok,,89.12786436255792,1447.201339624161,False,True
paper,paper-pareto-n100-d1,diurnal,validation,gp_ucb_mf_mpc,0.3,1730,100,1,720000,0.99375,ok,,89.12786436255792,1447.201339624161,False,True
paper,paper-pareto-n100-d1,diurnal,validation,gp_ucb_mf_mpc,1.0,1730,100,1,720000,0.9283333333333332,ok,,192.46540110222665,1583.9532764572575,False,True
paper,paper-pareto-n100-d1,diurnal,validation,gp_ucb_mf_mpc,1.1547819846894583,1730,100,1,720000,0.9282291666666667,ok,,170.73809803936115,1561.4863442867413,True,True
paper,paper-pareto-n100-d1,diurnal,validation,gp_ucb_mf_mpc,3.0,1730,100,1,720000,0.8194444444444444,ok,,905.7910723699039,1846.5395346226392,False,True
paper,paper-pareto-n100-d1,diurnal,validation,oracle_mf_mpc,0.01,1730,100,1,720000,0.99375,ok,,89.12786436255792,1447.201339624161,False,True
paper,paper-pareto-n100-d1,diurnal,validation,oracle_mf_mpc,0.03,1730,100,1,720000,0.99375,ok,,89.12786436255792,1447.201339624161,False,True
paper,paper-pareto-n100-d1,diurnal,validation,oracle_mf_mpc,0.1,1730,100,1,720000,0.99375,ok,,89.12786436255792,1447.201339624161,False,True
paper,paper-pareto-n100-d1,diurnal,validation,oracle_mf_mpc,0.3,1730,100,1,720000,0.99375,ok,,89.12786436255792,1447.201339624161,False,True
paper,paper-pareto-n100-d1,diurnal,validation,oracle_mf_mpc,1.0,1730,100,1,720000,0.9283333333333332,ok,,192.46540110222665,1583.9532764572575,False,True
paper,paper-pareto-n100-d1,diurnal,validation,oracle_mf_mpc,1.1547819846894583,1730,100,1,720000,0.9282291666666667,ok,,170.73809803936115,1561.4863442867413,True,True
paper,paper-pareto-n100-d1,diurnal,validation,oracle_mf_mpc,3.0,1730,100,1,720000,0.8194444444444444,ok,,905.7910723699039,1846.5395346226392,False,True
paper,paper-pareto-n100-d1,diurnal,validation,seasonal_mf_mpc,0.01,1735,100,1,720000,0.99375,ok,,89.09536444324414,1434.2274156282224,False,True
paper,paper-pareto-n100-d1,diurnal,validation,seasonal_mf_mpc,0.03,1735,100,1,720000,0.99375,ok,,89.09536444324414,1434.2274156282224,False,True
paper,paper-pareto-n100-d1,diurnal,validation,seasonal_mf_mpc,0.1,1735,100,1,720000,0.99375,ok,,89.09536444324414,1434.2274156282224,False,True
paper,paper-pareto-n100-d1,diurnal,validation,seasonal_mf_mpc,0.3,1735,100,1,720000,0.99375,ok,,89.09536444324414,1434.2274156282224,False,True
paper,paper-pareto-n100-d1,diurnal,validation,seasonal_mf_mpc,1.0,1735,100,1,720000,0.9283333333333332,ok,,156.10799682158688,1529.2321166184952,False,True
paper,paper-pareto-n100-d1,diurnal,validation,seasonal_mf_mpc,1.1547819846894583,1735,100,1,720000,0.9282291666666667,ok,,155.45607610110733,1520.368420919186,True,True
paper,paper-pareto-n100-d1,diurnal,validation,seasonal_mf_mpc,3.0,1735,100,1,720000,0.8194444444444444,ok,,895.8483011969237,1839.5604479985998,False,True
paper,paper-pareto-n100-d1,diurnal,validation,ewma_mf_mpc,0.01,1735,100,1,720000,0.99375,ok,,89.09536444324414,1434.2274156282224,False,True
paper,paper-pareto-n100-d1,diurnal,validation,ewma_mf_mpc,0.03,1735,100,1,720000,0.99375,ok,,89.09536444324414,1434.2274156282224,False,True
paper,paper-pareto-n100-d1,diurnal,validation,ewma_mf_mpc,0.1,1735,100,1,720000,0.99375,ok,,89.09536444324414,1434.2274156282224,False,True
paper,paper-pareto-n100-d1,diurnal,validation,ewma_mf_mpc,0.3,1735,100,1,720000,0.99375,ok,,89.09536444324414,1434.2274156282224,False,True
paper,paper-pareto-n100-d1,diurnal,validation,ewma_mf_mpc,1.0,1735,100,1,720000,0.99375,ok,,89.09536444324414,1434.2274156282224,False,True
paper,paper-pareto-n100-d1,diurnal,validation,ewma_mf_mpc,2.000141069147367,1735,100,1,720000,0.9117361111111112,ok,,157.13829587297892,1498.9443287817908,True,True
paper,paper-pareto-n100-d1,diurnal,validation,ewma_mf_mpc,3.0,1735,100,1,720000,0.8524305555555556,ok,,403.105336938826,1624.4549574843827,False,True
paper,paper-pareto-n100-d1,diurnal,validation,gp_mean_mf_mpc,0.01,1735,100,1,720000,0.99375,ok,,89.09536444324414,1434.2274156282224,False,True
paper,paper-pareto-n100-d1,diurnal,validation,gp_mean_mf_mpc,0.03,1735,100,1,720000,0.99375,ok,,89.09536444324414,1434.2274156282224,False,True
paper,paper-pareto-n100-d1,diurnal,validation,gp_mean_mf_mpc,0.1,1735,100,1,720000,0.99375,ok,,89.09536444324414,1434.2274156282224,False,True
paper,paper-pareto-n100-d1,diurnal,validation,gp_mean_mf_mpc,0.3,1735,100,1,720000,0.99375,ok,,89.09536444324414,1434.2274156282224,False,True
paper,paper-pareto-n100-d1,diurnal,validation,gp_mean_mf_mpc,1.0,1735,100,1,720000,0.9283333333333332,ok,,156.10799682158688,1529.2321166184952,False,True
paper,paper-pareto-n100-d1,diurnal,validation,gp_mean_mf_mpc,1.1547819846894583,1735,100,1,720000,0.9282291666666667,ok,,155.45607610110733,1520.368420919186,True,True
paper,paper-pareto-n100-d1,diurnal,validation,gp_mean_mf_mpc,3.0,1735,100,1,720000,0.8194444444444444,ok,,895.8483011969237,1839.5604479985998,False,True
paper,paper-pareto-n100-d1,diurnal,validation,gp_ucb_mf_mpc,0.01,1735,100,1,720000,0.99375,ok,,89.09536444324414,1434.2274156282224,False,True
paper,paper-pareto-n100-d1,diurnal,validation,gp_ucb_mf_mpc,0.03,1735,100,1,720000,0.99375,ok,,89.09536444324414,1434.2274156282224,False,True
paper,paper-pareto-n100-d1,diurnal,validation,gp_ucb_mf_mpc,0.1,1735,100,1,720000,0.99375,ok,,89.09536444324414,1434.2274156282224,False,True
paper,paper-pareto-n100-d1,diurnal,validation,gp_ucb_mf_mpc,0.3,1735,100,1,720000,0.99375,ok,,89.09536444324414,1434.2274156282224,False,True
paper,paper-pareto-n100-d1,diurnal,validation,gp_ucb_mf_mpc,1.0,1735,100,1,720000,0.9283333333333332,ok,,156.10799682158688,1529.2321166184952,False,True
paper,paper-pareto-n100-d1,diurnal,validation,gp_ucb_mf_mpc,1.1547819846894583,1735,100,1,720000,0.9282291666666667,ok,,155.45607610110733,1520.368420919186,True,True
paper,paper-pareto-n100-d1,diurnal,validation,gp_ucb_mf_mpc,3.0,1735,100,1,720000,0.8194444444444444,ok,,895.8483011969237,1839.5604479985998,False,True
paper,paper-pareto-n100-d1,diurnal,validation,oracle_mf_mpc,0.01,1735,100,1,720000,0.99375,ok,,89.09536444324414,1434.2274156282224,False,True
paper,paper-pareto-n100-d1,diurnal,validation,oracle_mf_mpc,0.03,1735,100,1,720000,0.99375,ok,,89.09536444324414,1434.2274156282224,False,True
paper,paper-pareto-n100-d1,diurnal,validation,oracle_mf_mpc,0.1,1735,100,1,720000,0.99375,ok,,89.09536444324414,1434.2274156282224,False,True
paper,paper-pareto-n100-d1,diurnal,validation,oracle_mf_mpc,0.3,1735,100,1,720000,0.99375,ok,,89.09536444324414,1434.2274156282224,False,True
paper,paper-pareto-n100-d1,diurnal,validation,oracle_mf_mpc,1.0,1735,100,1,720000,0.9283333333333332,ok,,156.10799682158688,1529.2321166184952,False,True
paper,paper-pareto-n100-d1,diurnal,validation,oracle_mf_mpc,1.1547819846894583,1735,100,1,720000,0.9282291666666667,ok,,155.45607610110733,1520.368420919186,True,True
paper,paper-pareto-n100-d1,diurnal,validation,oracle_mf_mpc,3.0,1735,100,1,720000,0.8194444444444444,ok,,895.8483011969237,1839.5604479985998,False,True
paper,paper-pareto-n100-d1,diurnal,validation,seasonal_mf_mpc,0.01,1737,100,1,720000,0.99375,ok,,94.77870465936202,1447.0953930817075,False,True
paper,paper-pareto-n100-d1,diurnal,validation,seasonal_mf_mpc,0.03,1737,100,1,720000,0.99375,ok,,94.77870465936202,1447.0953930817075,False,True
paper,paper-pareto-n100-d1,diurnal,validation,seasonal_mf_mpc,0.1,1737,100,1,720000,0.99375,ok,,94.77870465936202,1447.0953930817075,False,True
paper,paper-pareto-n100-d1,diurnal,validation,seasonal_mf_mpc,0.3,1737,100,1,720000,0.99375,ok,,94.77870465936202,1447.0953930817075,False,True
paper,paper-pareto-n100-d1,diurnal,validation,seasonal_mf_mpc,1.0,1737,100,1,720000,0.9283333333333332,ok,,201.16559218407943,1547.7125525963534,False,True
paper,paper-pareto-n100-d1,diurnal,validation,seasonal_mf_mpc,1.1547819846894583,1737,100,1,720000,0.9282291666666667,ok,,190.71154008367245,1558.5173483315746,True,True
paper,paper-pareto-n100-d1,diurnal,validation,seasonal_mf_mpc,3.0,1737,100,1,720000,0.8194444444444444,ok,,893.7922685251228,1833.940616143581,False,True
paper,paper-pareto-n100-d1,diurnal,validation,ewma_mf_mpc,0.01,1737,100,1,720000,0.99375,ok,,94.77870465936202,1447.0953930817075,False,True
paper,paper-pareto-n100-d1,diurnal,validation,ewma_mf_mpc,0.03,1737,100,1,720000,0.99375,ok,,94.77870465936202,1447.0953930817075,False,True
paper,paper-pareto-n100-d1,diurnal,validation,ewma_mf_mpc,0.1,1737,100,1,720000,0.99375,ok,,94.77870465936202,1447.0953930817075,False,True
paper,paper-pareto-n100-d1,diurnal,validation,ewma_mf_mpc,0.3,1737,100,1,720000,0.99375,ok,,94.77870465936202,1447.0953930817075,False,True
paper,paper-pareto-n100-d1,diurnal,validation,ewma_mf_mpc,1.0,1737,100,1,720000,0.99375,ok,,94.77870465936202,1447.0953930817075,False,True
paper,paper-pareto-n100-d1,diurnal,validation,ewma_mf_mpc,2.000141069147367,1737,100,1,720000,0.9117361111111112,ok,,179.7184572691304,1514.9446509329268,True,True
paper,paper-pareto-n100-d1,diurnal,validation,ewma_mf_mpc,3.0,1737,100,1,720000,0.8524305555555556,ok,,401.81461188400857,1623.2466576683871,False,True
paper,paper-pareto-n100-d1,diurnal,validation,gp_mean_mf_mpc,0.01,1737,100,1,720000,0.99375,ok,,94.77870465936202,1447.0953930817075,False,True
paper,paper-pareto-n100-d1,diurnal,validation,gp_mean_mf_mpc,0.03,1737,100,1,720000,0.99375,ok,,94.77870465936202,1447.0953930817075,False,True
paper,paper-pareto-n100-d1,diurnal,validation,gp_mean_mf_mpc,0.1,1737,100,1,720000,0.99375,ok,,94.77870465936202,1447.0953930817075,False,True
paper,paper-pareto-n100-d1,diurnal,validation,gp_mean_mf_mpc,0.3,1737,100,1,720000,0.99375,ok,,94.77870465936202,1447.0953930817075,False,True
paper,paper-pareto-n100-d1,diurnal,validation,gp_mean_mf_mpc,1.0,1737,100,1,720000,0.9283333333333332,ok,,201.16559218407943,1547.7125525963534,False,True
paper,paper-pareto-n100-d1,diurnal,validation,gp_mean_mf_mpc,1.1547819846894583,1737,100,1,720000,0.9282291666666667,ok,,190.71154008367245,1558.5173483315746,True,True
paper,paper-pareto-n100-d1,diurnal,validation,gp_mean_mf_mpc,3.0,1737,100,1,720000,0.8194444444444444,ok,,893.7922685251228,1833.940616143581,False,True
paper,paper-pareto-n100-d1,diurnal,validation,gp_ucb_mf_mpc,0.01,1737,100,1,720000,0.99375,ok,,94.77870465936202,1447.0953930817075,False,True
paper,paper-pareto-n100-d1,diurnal,validation,gp_ucb_mf_mpc,0.03,1737,100,1,720000,0.99375,ok,,94.77870465936202,1447.0953930817075,False,True
paper,paper-pareto-n100-d1,diurnal,validation,gp_ucb_mf_mpc,0.1,1737,100,1,720000,0.99375,ok,,94.77870465936202,1447.0953930817075,False,True
paper,paper-pareto-n100-d1,diurnal,validation,gp_ucb_mf_mpc,0.3,1737,100,1,720000,0.99375,ok,,94.77870465936202,1447.0953930817075,False,True
paper,paper-pareto-n100-d1,diurnal,validation,gp_ucb_mf_mpc,1.0,1737,100,1,720000,0.9283333333333332,ok,,201.16559218407943,1547.7125525963534,False,True
paper,paper-pareto-n100-d1,diurnal,validation,gp_ucb_mf_mpc,1.1547819846894583,1737,100,1,720000,0.9282291666666667,ok,,190.71154008367245,1558.5173483315746,True,True
paper,paper-pareto-n100-d1,diurnal,validation,gp_ucb_mf_mpc,3.0,1737,100,1,720000,0.8194444444444444,ok,,893.7922685251228,1833.940616143581,False,True
paper,paper-pareto-n100-d1,diurnal,validation,oracle_mf_mpc,0.01,1737,100,1,720000,0.99375,ok,,94.77870465936202,1447.0953930817075,False,True
paper,paper-pareto-n100-d1,diurnal,validation,oracle_mf_mpc,0.03,1737,100,1,720000,0.99375,ok,,94.77870465936202,1447.0953930817075,False,True
paper,paper-pareto-n100-d1,diurnal,validation,oracle_mf_mpc,0.1,1737,100,1,720000,0.99375,ok,,94.77870465936202,1447.0953930817075,False,True
paper,paper-pareto-n100-d1,diurnal,validation,oracle_mf_mpc,0.3,1737,100,1,720000,0.99375,ok,,94.77870465936202,1447.0953930817075,False,True
paper,paper-pareto-n100-d1,diurnal,validation,oracle_mf_mpc,1.0,1737,100,1,720000,0.9283333333333332,ok,,201.16559218407943,1547.7125525963534,False,True
paper,paper-pareto-n100-d1,diurnal,validation,oracle_mf_mpc,1.1547819846894583,1737,100,1,720000,0.9282291666666667,ok,,190.71154008367245,1558.5173483315746,True,True
paper,paper-pareto-n100-d1,diurnal,validation,oracle_mf_mpc,3.0,1737,100,1,720000,0.8194444444444444,ok,,893.7922685251228,1833.940616143581,False,True
paper,paper-pareto-n100-d1,diurnal,validation,seasonal_mf_mpc,0.01,1736,100,1,720000,0.99375,ok,,87.08323868715082,1457.0884192968344,False,True
paper,paper-pareto-n100-d1,diurnal,validation,seasonal_mf_mpc,0.03,1736,100,1,720000,0.99375,ok,,87.08323868715082,1457.0884192968344,False,True
paper,paper-pareto-n100-d1,diurnal,validation,seasonal_mf_mpc,0.1,1736,100,1,720000,0.99375,ok,,87.08323868715082,1457.0884192968344,False,True
paper,paper-pareto-n100-d1,diurnal,validation,seasonal_mf_mpc,0.3,1736,100,1,720000,0.99375,ok,,87.08323868715082,1457.0884192968344,False,True
paper,paper-pareto-n100-d1,diurnal,validation,seasonal_mf_mpc,1.0,1736,100,1,720000,0.9283333333333332,ok,,187.2554169862447,1575.8785168040388,False,True
paper,paper-pareto-n100-d1,diurnal,validation,seasonal_mf_mpc,1.1547819846894583,1736,100,1,720000,0.9282291666666667,ok,,160.07172513426758,1562.8394325694546,True,True
paper,paper-pareto-n100-d1,diurnal,validation,seasonal_mf_mpc,3.0,1736,100,1,720000,0.8194444444444444,ok,,880.0471165404263,1848.90681156499,False,True
paper,paper-pareto-n100-d1,diurnal,validation,ewma_mf_mpc,0.01,1736,100,1,720000,0.99375,ok,,87.08323868715082,1457.0884192968344,False,True
paper,paper-pareto-n100-d1,diurnal,validation,ewma_mf_mpc,0.03,1736,100,1,720000,0.99375,ok,,87.08323868715082,1457.0884192968344,False,True
paper,paper-pareto-n100-d1,diurnal,validation,ewma_mf_mpc,0.1,1736,100,1,720000,0.99375,ok,,87.08323868715082,1457.0884192968344,False,True
paper,paper-pareto-n100-d1,diurnal,validation,ewma_mf_mpc,0.3,1736,100,1,720000,0.99375,ok,,87.08323868715082,1457.0884192968344,False,True
paper,paper-pareto-n100-d1,diurnal,validation,ewma_mf_mpc,1.0,1736,100,1,720000,0.99375,ok,,87.08323868715082,1457.0884192968344,False,True
paper,paper-pareto-n100-d1,diurnal,validation,ewma_mf_mpc,2.000141069147367,1736,100,1,720000,0.9117361111111112,ok,,137.73269259635572,1534.2802320969706,True,True
paper,paper-pareto-n100-d1,diurnal,validation,ewma_mf_mpc,3.0,1736,100,1,720000,0.8524305555555556,ok,,337.21948718227077,1627.3008798637052,False,True
paper,paper-pareto-n100-d1,diurnal,validation,gp_mean_mf_mpc,0.01,1736,100,1,720000,0.99375,ok,,87.08323868715082,1457.0884192968344,False,True
paper,paper-pareto-n100-d1,diurnal,validation,gp_mean_mf_mpc,0.03,1736,100,1,720000,0.99375,ok,,87.08323868715082,1457.0884192968344,False,True
paper,paper-pareto-n100-d1,diurnal,validation,gp_mean_mf_mpc,0.1,1736,100,1,720000,0.99375,ok,,87.08323868715082,1457.0884192968344,False,True
paper,paper-pareto-n100-d1,diurnal,validation,gp_mean_mf_mpc,0.3,1736,100,1,720000,0.99375,ok,,87.08323868715082,1457.0884192968344,False,True
paper,paper-pareto-n100-d1,diurnal,validation,gp_mean_mf_mpc,1.0,1736,100,1,720000,0.9283333333333332,ok,,187.2554169862447,1575.8785168040388,False,True
paper,paper-pareto-n100-d1,diurnal,validation,gp_mean_mf_mpc,1.1547819846894583,1736,100,1,720000,0.9282291666666667,ok,,160.07172513426758,1562.8394325694546,True,True
paper,paper-pareto-n100-d1,diurnal,validation,gp_mean_mf_mpc,3.0,1736,100,1,720000,0.8194444444444444,ok,,880.0471165404263,1848.90681156499,False,True
paper,paper-pareto-n100-d1,diurnal,validation,gp_ucb_mf_mpc,0.01,1736,100,1,720000,0.99375,ok,,87.08323868715082,1457.0884192968344,False,True
paper,paper-pareto-n100-d1,diurnal,validation,gp_ucb_mf_mpc,0.03,1736,100,1,720000,0.99375,ok,,87.08323868715082,1457.0884192968344,False,True
paper,paper-pareto-n100-d1,diurnal,validation,gp_ucb_mf_mpc,0.1,1736,100,1,720000,0.99375,ok,,87.08323868715082,1457.0884192968344,False,True
paper,paper-pareto-n100-d1,diurnal,validation,gp_ucb_mf_mpc,0.3,1736,100,1,720000,0.99375,ok,,87.08323868715082,1457.0884192968344,False,True
paper,paper-pareto-n100-d1,diurnal,validation,gp_ucb_mf_mpc,1.0,1736,100,1,720000,0.9283333333333332,ok,,187.2554169862447,1575.8785168040388,False,True
paper,paper-pareto-n100-d1,diurnal,validation,gp_ucb_mf_mpc,1.1547819846894583,1736,100,1,720000,0.9282291666666667,ok,,160.07172513426758,1562.8394325694546,True,True
paper,paper-pareto-n100-d1,diurnal,validation,gp_ucb_mf_mpc,3.0,1736,100,1,720000,0.8194444444444444,ok,,880.0471165404263,1848.90681156499,False,True
paper,paper-pareto-n100-d1,diurnal,validation,oracle_mf_mpc,0.01,1736,100,1,720000,0.99375,ok,,87.08323868715082,1457.0884192968344,False,True
paper,paper-pareto-n100-d1,diurnal,validation,oracle_mf_mpc,0.03,1736,100,1,720000,0.99375,ok,,87.08323868715082,1457.0884192968344,False,True
paper,paper-pareto-n100-d1,diurnal,validation,oracle_mf_mpc,0.1,1736,100,1,720000,0.99375,ok,,87.08323868715082,1457.0884192968344,False,True
paper,paper-pareto-n100-d1,diurnal,validation,oracle_mf_mpc,0.3,1736,100,1,720000,0.99375,ok,,87.08323868715082,1457.0884192968344,False,True
paper,paper-pareto-n100-d1,diurnal,validation,oracle_mf_mpc,1.0,1736,100,1,720000,0.9283333333333332,ok,,187.2554169862447,1575.8785168040388,False,True
paper,paper-pareto-n100-d1,diurnal,validation,oracle_mf_mpc,1.1547819846894583,1736,100,1,720000,0.9282291666666667,ok,,160.07172513426758,1562.8394325694546,True,True
paper,paper-pareto-n100-d1,diurnal,validation,oracle_mf_mpc,3.0,1736,100,1,720000,0.8194444444444444,ok,,880.0471165404263,1848.90681156499,False,True
paper,paper-pareto-n100-d1,diurnal,validation,seasonal_mf_mpc,0.01,1738,100,1,720000,0.99375,ok,,95.7271870903386,1454.3983537072372,False,True
paper,paper-pareto-n100-d1,diurnal,validation,seasonal_mf_mpc,0.03,1738,100,1,720000,0.99375,ok,,95.7271870903386,1454.3983537072372,False,True
paper,paper-pareto-n100-d1,diurnal,validation,seasonal_mf_mpc,0.1,1738,100,1,720000,0.99375,ok,,95.7271870903386,1454.3983537072372,False,True
paper,paper-pareto-n100-d1,diurnal,validation,seasonal_mf_mpc,0.3,1738,100,1,720000,0.99375,ok,,95.7271870903386,1454.3983537072372,False,True
paper,paper-pareto-n100-d1,diurnal,validation,seasonal_mf_mpc,1.0,1738,100,1,720000,0.9283333333333332,ok,,278.31154884470646,1588.5918850930384,False,True
paper,paper-pareto-n100-d1,diurnal,validation,seasonal_mf_mpc,1.1547819846894583,1738,100,1,720000,0.9282291666666667,ok,,200.1832847516405,1563.6210435943783,True,True
paper,paper-pareto-n100-d1,diurnal,validation,seasonal_mf_mpc,3.0,1738,100,1,720000,0.8194444444444444,ok,,996.1619449155169,1870.2345650336358,False,True
paper,paper-pareto-n100-d1,diurnal,validation,ewma_mf_mpc,0.01,1738,100,1,720000,0.99375,ok,,95.7271870903386,1454.3983537072372,False,True
paper,paper-pareto-n100-d1,diurnal,validation,ewma_mf_mpc,0.03,1738,100,1,720000,0.99375,ok,,95.7271870903386,1454.3983537072372,False,True
paper,paper-pareto-n100-d1,diurnal,validation,ewma_mf_mpc,0.1,1738,100,1,720000,0.99375,ok,,95.7271870903386,1454.3983537072372,False,True
paper,paper-pareto-n100-d1,diurnal,validation,ewma_mf_mpc,0.3,1738,100,1,720000,0.99375,ok,,95.7271870903386,1454.3983537072372,False,True
paper,paper-pareto-n100-d1,diurnal,validation,ewma_mf_mpc,1.0,1738,100,1,720000,0.99375,ok,,95.7271870903386,1454.3983537072372,False,True
paper,paper-pareto-n100-d1,diurnal,validation,ewma_mf_mpc,2.000141069147367,1738,100,1,720000,0.9117361111111112,ok,,157.41841902546182,1531.4529062899219,True,True
paper,paper-pareto-n100-d1,diurnal,validation,ewma_mf_mpc,3.0,1738,100,1,720000,0.8524305555555556,ok,,419.17032994077294,1633.1279259318942,False,True
paper,paper-pareto-n100-d1,diurnal,validation,gp_mean_mf_mpc,0.01,1738,100,1,720000,0.99375,ok,,95.7271870903386,1454.3983537072372,False,True
paper,paper-pareto-n100-d1,diurnal,validation,gp_mean_mf_mpc,0.03,1738,100,1,720000,0.99375,ok,,95.7271870903386,1454.3983537072372,False,True
paper,paper-pareto-n100-d1,diurnal,validation,gp_mean_mf_mpc,0.1,1738,100,1,720000,0.99375,ok,,95.7271870903386,1454.3983537072372,False,True
paper,paper-pareto-n100-d1,diurnal,validation,gp_mean_mf_mpc,0.3,1738,100,1,720000,0.99375,ok,,95.7271870903386,1454.3983537072372,False,True
paper,paper-pareto-n100-d1,diurnal,validation,gp_mean_mf_mpc,1.0,1738,100,1,720000,0.9283333333333332,ok,,278.31154884470646,1588.5918850930384,False,True
paper,paper-pareto-n100-d1,diurnal,validation,gp_mean_mf_mpc,1.1547819846894583,1738,100,1,720000,0.9282291666666667,ok,,200.1832847516405,1563.6210435943783,True,True
paper,paper-pareto-n100-d1,diurnal,validation,gp_mean_mf_mpc,3.0,1738,100,1,720000,0.8194444444444444,ok,,996.1619449155169,1870.2345650336358,False,True
paper,paper-pareto-n100-d1,diurnal,validation,gp_ucb_mf_mpc,0.01,1738,100,1,720000,0.99375,ok,,95.7271870903386,1454.3983537072372,False,True
paper,paper-pareto-n100-d1,diurnal,validation,gp_ucb_mf_mpc,0.03,1738,100,1,720000,0.99375,ok,,95.7271870903386,1454.3983537072372,False,True
paper,paper-pareto-n100-d1,diurnal,validation,gp_ucb_mf_mpc,0.1,1738,100,1,720000,0.99375,ok,,95.7271870903386,1454.3983537072372,False,True
paper,paper-pareto-n100-d1,diurnal,validation,gp_ucb_mf_mpc,0.3,1738,100,1,720000,0.99375,ok,,95.7271870903386,1454.3983537072372,False,True
paper,paper-pareto-n100-d1,diurnal,validation,gp_ucb_mf_mpc,1.0,1738,100,1,720000,0.9283333333333332,ok,,278.31154884470646,1588.5918850930384,False,True
paper,paper-pareto-n100-d1,diurnal,validation,gp_ucb_mf_mpc,1.1547819846894583,1738,100,1,720000,0.9282291666666667,ok,,200.1832847516405,1563.6210435943783,True,True
paper,paper-pareto-n100-d1,diurnal,validation,gp_ucb_mf_mpc,3.0,1738,100,1,720000,0.8194444444444444,ok,,996.1619449155169,1870.2345650336358,False,True
paper,paper-pareto-n100-d1,diurnal,validation,oracle_mf_mpc,0.01,1738,100,1,720000,0.99375,ok,,95.7271870903386,1454.3983537072372,False,True
paper,paper-pareto-n100-d1,diurnal,validation,oracle_mf_mpc,0.03,1738,100,1,720000,0.99375,ok,,95.7271870903386,1454.3983537072372,False,True
paper,paper-pareto-n100-d1,diurnal,validation,oracle_mf_mpc,0.1,1738,100,1,720000,0.99375,ok,,95.7271870903386,1454.3983537072372,False,True
paper,paper-pareto-n100-d1,diurnal,validation,oracle_mf_mpc,0.3,1738,100,1,720000,0.99375,ok,,95.7271870903386,1454.3983537072372,False,True
paper,paper-pareto-n100-d1,diurnal,validation,oracle_mf_mpc,1.0,1738,100,1,720000,0.9283333333333332,ok,,278.31154884470646,1588.5918850930384,False,True
paper,paper-pareto-n100-d1,diurnal,validation,oracle_mf_mpc,1.1547819846894583,1738,100,1,720000,0.9282291666666667,ok,,200.1832847516405,1563.6210435943783,True,True
paper,paper-pareto-n100-d1,diurnal,validation,oracle_mf_mpc,3.0,1738,100,1,720000,0.8194444444444444,ok,,996.1619449155169,1870.2345650336358,False,True
paper,paper-pareto-n100-d1,diurnal,test,seasonal_mf_mpc,0.01,1734,100,1,720000,0.99375,ok,,13.568338583194052,215.6309096369305,False,True
paper,paper-pareto-n100-d1,diurnal,test,seasonal_mf_mpc,0.03,1734,100,1,720000,0.99375,ok,,13.568338583194052,215.6309096369305,False,True
paper,paper-pareto-n100-d1,diurnal,test,seasonal_mf_mpc,0.1,1734,100,1,720000,0.99375,ok,,13.568338583194052,215.6309096369305,False,True
paper,paper-pareto-n100-d1,diurnal,test,seasonal_mf_mpc,0.3,1734,100,1,720000,0.99375,ok,,13.568338583194052,215.6309096369305,False,True
paper,paper-pareto-n100-d1,diurnal,test,seasonal_mf_mpc,1.0,1734,100,1,720000,0.9283333333333332,ok,,23.121415263116404,262.91859648222567,False,True
paper,paper-pareto-n100-d1,diurnal,test,seasonal_mf_mpc,1.1547819846894583,1734,100,1,720000,0.9282291666666667,ok,,22.346120053638845,259.2293171119642,True,True
paper,paper-pareto-n100-d1,diurnal,test,seasonal_mf_mpc,3.0,1734,100,1,720000,0.8194444444444444,ok,,57.802611169540796,408.73750926946684,False,True
paper,paper-pareto-n100-d1,diurnal,test,ewma_mf_mpc,0.01,1734,100,1,720000,0.99375,ok,,13.568338583194052,215.6309096369305,False,True
paper,paper-pareto-n100-d1,diurnal,test,ewma_mf_mpc,0.03,1734,100,1,720000,0.99375,ok,,13.568338583194052,215.6309096369305,False,True
paper,paper-pareto-n100-d1,diurnal,test,ewma_mf_mpc,0.1,1734,100,1,720000,0.99375,ok,,13.568338583194052,215.6309096369305,False,True
paper,paper-pareto-n100-d1,diurnal,test,ewma_mf_mpc,0.3,1734,100,1,720000,0.99375,ok,,13.568338583194052,215.6309096369305,False,True
paper,paper-pareto-n100-d1,diurnal,test,ewma_mf_mpc,1.0,1734,100,1,720000,0.99375,ok,,13.568338583194052,215.6309096369305,False,True
paper,paper-pareto-n100-d1,diurnal,test,ewma_mf_mpc,2.000141069147367,1734,100,1,720000,0.9117361111111112,ok,,18.72613296800045,247.87889185605715,True,True
paper,paper-pareto-n100-d1,diurnal,test,ewma_mf_mpc,3.0,1734,100,1,720000,0.8524305555555556,ok,,23.3282402605007,276.9115616140582,False,True
paper,paper-pareto-n100-d1,diurnal,test,gp_mean_mf_mpc,0.01,1734,100,1,720000,0.99375,ok,,13.568338583194052,215.6309096369305,False,True
paper,paper-pareto-n100-d1,diurnal,test,gp_mean_mf_mpc,0.03,1734,100,1,720000,0.99375,ok,,13.568338583194052,215.6309096369305,False,True
paper,paper-pareto-n100-d1,diurnal,test,gp_mean_mf_mpc,0.1,1734,100,1,720000,0.99375,ok,,13.568338583194052,215.6309096369305,False,True
paper,paper-pareto-n100-d1,diurnal,test,gp_mean_mf_mpc,0.3,1734,100,1,720000,0.99375,ok,,13.568338583194052,215.6309096369305,False,True
paper,paper-pareto-n100-d1,diurnal,test,gp_mean_mf_mpc,1.0,1734,100,1,720000,0.9283333333333332,ok,,23.121415263116404,262.91859648222567,False,True
paper,paper-pareto-n100-d1,diurnal,test,gp_mean_mf_mpc,1.1547819846894583,1734,100,1,720000,0.9282291666666667,ok,,22.346120053638845,259.2293171119642,True,True
paper,paper-pareto-n100-d1,diurnal,test,gp_mean_mf_mpc,3.0,1734,100,1,720000,0.8194444444444444,ok,,57.802611169540796,408.73750926946684,False,True
paper,paper-pareto-n100-d1,diurnal,test,gp_ucb_mf_mpc,0.01,1734,100,1,720000,0.99375,ok,,13.568338583194052,215.6309096369305,False,True
paper,paper-pareto-n100-d1,diurnal,test,gp_ucb_mf_mpc,0.03,1734,100,1,720000,0.99375,ok,,13.568338583194052,215.6309096369305,False,True
paper,paper-pareto-n100-d1,diurnal,test,gp_ucb_mf_mpc,0.1,1734,100,1,720000,0.99375,ok,,13.568338583194052,215.6309096369305,False,True
paper,paper-pareto-n100-d1,diurnal,test,gp_ucb_mf_mpc,0.3,1734,100,1,720000,0.99375,ok,,13.568338583194052,215.6309096369305,False,True
paper,paper-pareto-n100-d1,diurnal,test,gp_ucb_mf_mpc,1.0,1734,100,1,720000,0.9283333333333332,ok,,23.121415263116404,262.91859648222567,False,True
paper,paper-pareto-n100-d1,diurnal,test,gp_ucb_mf_mpc,1.1547819846894583,1734,100,1,720000,0.9282291666666667,ok,,22.346120053638845,259.2293171119642,True,True
paper,paper-pareto-n100-d1,diurnal,test,gp_ucb_mf_mpc,3.0,1734,100,1,720000,0.8194444444444444,ok,,57.802611169540796,408.73750926946684,False,True
paper,paper-pareto-n100-d1,diurnal,test,oracle_mf_mpc,0.01,1734,100,1,720000,0.99375,ok,,13.568338583194052,215.6309096369305,False,True
paper,paper-pareto-n100-d1,diurnal,test,oracle_mf_mpc,0.03,1734,100,1,720000,0.99375,ok,,13.568338583194052,215.6309096369305,False,True
paper,paper-pareto-n100-d1,diurnal,test,oracle_mf_mpc,0.1,1734,100,1,720000,0.99375,ok,,13.568338583194052,215.6309096369305,False,True
paper,paper-pareto-n100-d1,diurnal,test,oracle_mf_mpc,0.3,1734,100,1,720000,0.99375,ok,,13.568338583194052,215.6309096369305,False,True
paper,paper-pareto-n100-d1,diurnal,test,oracle_mf_mpc,1.0,1734,100,1,720000,0.9283333333333332,ok,,23.121415263116404,262.91859648222567,False,True
paper,paper-pareto-n100-d1,diurnal,test,oracle_mf_mpc,1.1547819846894583,1734,100,1,720000,0.9282291666666667,ok,,22.346120053638845,259.2293171119642,True,True
paper,paper-pareto-n100-d1,diurnal,test,oracle_mf_mpc,3.0,1734,100,1,720000,0.8194444444444444,ok,,57.802611169540796,408.73750926946684,False,True
paper,paper-pareto-n100-d1,diurnal,test,seasonal_mf_mpc,0.01,1730,100,1,720000,0.99375,ok,,13.707677693586078,242.38864827155817,False,True
paper,paper-pareto-n100-d1,diurnal,test,seasonal_mf_mpc,0.03,1730,100,1,720000,0.99375,ok,,13.707677693586078,242.38864827155817,False,True
paper,paper-pareto-n100-d1,diurnal,test,seasonal_mf_mpc,0.1,1730,100,1,720000,0.99375,ok,,13.707677693586078,242.38864827155817,False,True
paper,paper-pareto-n100-d1,diurnal,test,seasonal_mf_mpc,0.3,1730,100,1,720000,0.99375,ok,,13.707677693586078,242.38864827155817,False,True
paper,paper-pareto-n100-d1,diurnal,test,seasonal_mf_mpc,1.0,1730,100,1,720000,0.9283333333333332,ok,,23.431281760223946,282.08390758477907,False,True
paper,paper-pareto-n100-d1,diurnal,test,seasonal_mf_mpc,1.1547819846894583,1730,100,1,720000,0.9282291666666667,ok,,23.241059680046952,279.716404849679,True,True
paper,paper-pareto-n100-d1,diurnal,test,seasonal_mf_mpc,3.0,1730,100,1,720000,0.8194444444444444,ok,,59.758442806727835,445.7556301890432,False,True
paper,paper-pareto-n100-d1,diurnal,test,ewma_mf_mpc,0.01,1730,100,1,720000,0.99375,ok,,13.707677693586078,242.38864827155817,False,True
paper,paper-pareto-n100-d1,diurnal,test,ewma_mf_mpc,0.03,1730,100,1,720000,0.99375,ok,,13.707677693586078,242.38864827155817,False,True
paper,paper-pareto-n100-d1,diurnal,test,ewma_mf_mpc,0.1,1730,100,1,720000,0.99375,ok,,13.707677693586078,242.38864827155817,False,True
paper,paper-pareto-n100-d1,diurnal,test,ewma_mf_mpc,0.3,1730,100,1,720000,0.99375,ok,,13.707677693586078,242.38864827155817,False,True
paper,paper-pareto-n100-d1,diurnal,test,ewma_mf_mpc,1.0,1730,100,1,720000,0.99375,ok,,13.707677693586078,242.38864827155817,False,True
paper,paper-pareto-n100-d1,diurnal,test,ewma_mf_mpc,2.000141069147367,1730,100,1,720000,0.9117361111111112,ok,,19.08932482487942,269.51950572200843,True,True
paper,paper-pareto-n100-d1,diurnal,test,ewma_mf_mpc,3.0,1730,100,1,720000,0.8524305555555556,ok,,23.393000562975207,297.94788637092216,False,True
paper,paper-pareto-n100-d1,diurnal,test,gp_mean_mf_mpc,0.01,1730,100,1,720000,0.99375,ok,,13.707677693586078,242.38864827155817,False,True
paper,paper-pareto-n100-d1,diurnal,test,gp_mean_mf_mpc,0.03,1730,100,1,720000,0.99375,ok,,13.707677693586078,242.38864827155817,False,True
paper,paper-pareto-n100-d1,diurnal,test,gp_mean_mf_mpc,0.1,1730,100,1,720000,0.99375,ok,,13.707677693586078,242.38864827155817,False,True
paper,paper-pareto-n100-d1,diurnal,test,gp_mean_mf_mpc,0.3,1730,100,1,720000,0.99375,ok,,13.707677693586078,242.38864827155817,False,True
paper,paper-pareto-n100-d1,diurnal,test,gp_mean_mf_mpc,1.0,1730,100,1,720000,0.9283333333333332,ok,,23.431281760223946,282.08390758477907,False,True
paper,paper-pareto-n100-d1,diurnal,test,gp_mean_mf_mpc,1.1547819846894583,1730,100,1,720000,0.9282291666666667,ok,,23.241059680046952,279.716404849679,True,True
paper,paper-pareto-n100-d1,diurnal,test,gp_mean_mf_mpc,3.0,1730,100,1,720000,0.8194444444444444,ok,,59.758442806727835,445.7556301890432,False,True
paper,paper-pareto-n100-d1,diurnal,test,gp_ucb_mf_mpc,0.01,1730,100,1,720000,0.99375,ok,,13.707677693586078,242.38864827155817,False,True
paper,paper-pareto-n100-d1,diurnal,test,gp_ucb_mf_mpc,0.03,1730,100,1,720000,0.99375,ok,,13.707677693586078,242.38864827155817,False,True
paper,paper-pareto-n100-d1,diurnal,test,gp_ucb_mf_mpc,0.1,1730,100,1,720000,0.99375,ok,,13.707677693586078,242.38864827155817,False,True
paper,paper-pareto-n100-d1,diurnal,test,gp_ucb_mf_mpc,0.3,1730,100,1,720000,0.99375,ok,,13.707677693586078,242.38864827155817,False,True
paper,paper-pareto-n100-d1,diurnal,test,gp_ucb_mf_mpc,1.0,1730,100,1,720000,0.9283333333333332,ok,,23.431281760223946,282.08390758477907,False,True
paper,paper-pareto-n100-d1,diurnal,test,gp_ucb_mf_mpc,1.1547819846894583,1730,100,1,720000,0.9282291666666667,ok,,23.241059680046952,279.716404849679,True,True
paper,paper-pareto-n100-d1,diurnal,test,gp_ucb_mf_mpc,3.0,1730,100,1,720000,0.8194444444444444,ok,,59.758442806727835,445.7556301890432,False,True
paper,paper-pareto-n100-d1,diurnal,test,oracle_mf_mpc,0.01,1730,100,1,720000,0.99375,ok,,13.707677693586078,242.38864827155817,False,True
paper,paper-pareto-n100-d1,diurnal,test,oracle_mf_mpc,0.03,1730,100,1,720000,0.99375,ok,,13.707677693586078,242.38864827155817,False,True
paper,paper-pareto-n100-d1,diurnal,test,oracle_mf_mpc,0.1,1730,100,1,720000,0.99375,ok,,13.707677693586078,242.38864827155817,False,True
paper,paper-pareto-n100-d1,diurnal,test,oracle_mf_mpc,0.3,1730,100,1,720000,0.99375,ok,,13.707677693586078,242.38864827155817,False,True
paper,paper-pareto-n100-d1,diurnal,test,oracle_mf_mpc,1.0,1730,100,1,720000,0.9283333333333332,ok,,23.431281760223946,282.08390758477907,False,True
paper,paper-pareto-n100-d1,diurnal,test,oracle_mf_mpc,1.1547819846894583,1730,100,1,720000,0.9282291666666667,ok,,23.241059680046952,279.716404849679,True,True
paper,paper-pareto-n100-d1,diurnal,test,oracle_mf_mpc,3.0,1730,100,1,720000,0.8194444444444444,ok,,59.758442806727835,445.7556301890432,False,True
paper,paper-pareto-n100-d1,diurnal,test,seasonal_mf_mpc,0.01,1733,100,1,720000,0.99375,ok,,13.614859454251738,227.75954694465628,False,True
paper,paper-pareto-n100-d1,diurnal,test,seasonal_mf_mpc,0.03,1733,100,1,720000,0.99375,ok,,13.614859454251738,227.75954694465628,False,True
paper,paper-pareto-n100-d1,diurnal,test,seasonal_mf_mpc,0.1,1733,100,1,720000,0.99375,ok,,13.614859454251738,227.75954694465628,False,True
paper,paper-pareto-n100-d1,diurnal,test,seasonal_mf_mpc,0.3,1733,100,1,720000,0.99375,ok,,13.614859454251738,227.75954694465628,False,True
paper,paper-pareto-n100-d1,diurnal,test,seasonal_mf_mpc,1.0,1733,100,1,720000,0.9283333333333332,ok,,23.417320162597004,274.2646802100241,False,True
paper,paper-pareto-n100-d1,diurnal,test,seasonal_mf_mpc,1.1547819846894583,1733,100,1,720000,0.9282291666666667,ok,,23.054850517514197,277.23283237530194,True,True
paper,paper-pareto-n100-d1,diurnal,test,seasonal_mf_mpc,3.0,1733,100,1,720000,0.8194444444444444,ok,,57.73163224783207,428.8800342315322,False,True
paper,paper-pareto-n100-d1,diurnal,test,ewma_mf_mpc,0.01,1733,100,1,720000,0.99375,ok,,13.614859454251738,227.75954694465628,False,True
paper,paper-pareto-n100-d1,diurnal,test,ewma_mf_mpc,0.03,1733,100,1,720000,0.99375,ok,,13.614859454251738,227.75954694465628,False,True
paper,paper-pareto-n100-d1,diurnal,test,ewma_mf_mpc,0.1,1733,100,1,720000,0.99375,ok,,13.614859454251738,227.75954694465628,False,True
paper,paper-pareto-n100-d1,diurnal,test,ewma_mf_mpc,0.3,1733,100,1,720000,0.99375,ok,,13.614859454251738,227.75954694465628,False,True
paper,paper-pareto-n100-d1,diurnal,test,ewma_mf_mpc,1.0,1733,100,1,720000,0.99375,ok,,13.614859454251738,227.75954694465628,False,True
paper,paper-pareto-n100-d1,diurnal,test,ewma_mf_mpc,2.000141069147367,1733,100,1,720000,0.9117361111111112,ok,,18.646529114438813,254.1706261134329,True,True
paper,paper-pareto-n100-d1,diurnal,test,ewma_mf_mpc,3.0,1733,100,1,720000,0.8524305555555556,ok,,23.621764501581616,279.0605467169217,False,True
paper,paper-pareto-n100-d1,diurnal,test,gp_mean_mf_mpc,0.01,1733,100,1,720000,0.99375,ok,,13.614859454251738,227.75954694465628,False,True
paper,paper-pareto-n100-d1,diurnal,test,gp_mean_mf_mpc,0.03,1733,100,1,720000,0.99375,ok,,13.614859454251738,227.75954694465628,False,True
paper,paper-pareto-n100-d1,diurnal,test,gp_mean_mf_mpc,0.1,1733,100,1,720000,0.99375,ok,,13.614859454251738,227.75954694465628,False,True
paper,paper-pareto-n100-d1,diurnal,test,gp_mean_mf_mpc,0.3,1733,100,1,720000,0.99375,ok,,13.614859454251738,227.75954694465628,False,True
paper,paper-pareto-n100-d1,diurnal,test,gp_mean_mf_mpc,1.0,1733,100,1,720000,0.9283333333333332,ok,,23.417320162597004,274.2646802100241,False,True
paper,paper-pareto-n100-d1,diurnal,test,gp_mean_mf_mpc,1.1547819846894583,1733,100,1,720000,0.9282291666666667,ok,,23.054850517514197,277.23283237530194,True,True
paper,paper-pareto-n100-d1,diurnal,test,gp_mean_mf_mpc,3.0,1733,100,1,720000,0.8194444444444444,ok,,57.73163224783207,428.8800342315322,False,True
paper,paper-pareto-n100-d1,diurnal,test,gp_ucb_mf_mpc,0.01,1733,100,1,720000,0.99375,ok,,13.614859454251738,227.75954694465628,False,True
paper,paper-pareto-n100-d1,diurnal,test,gp_ucb_mf_mpc,0.03,1733,100,1,720000,0.99375,ok,,13.614859454251738,227.75954694465628,False,True
paper,paper-pareto-n100-d1,diurnal,test,gp_ucb_mf_mpc,0.1,1733,100,1,720000,0.99375,ok,,13.614859454251738,227.75954694465628,False,True
paper,paper-pareto-n100-d1,diurnal,test,gp_ucb_mf_mpc,0.3,1733,100,1,720000,0.99375,ok,,13.614859454251738,227.75954694465628,False,True
paper,paper-pareto-n100-d1,diurnal,test,gp_ucb_mf_mpc,1.0,1733,100,1,720000,0.9283333333333332,ok,,23.417320162597004,274.2646802100241,False,True
paper,paper-pareto-n100-d1,diurnal,test,gp_ucb_mf_mpc,1.1547819846894583,1733,100,1,720000,0.9282291666666667,ok,,23.054850517514197,277.23283237530194,True,True
paper,paper-pareto-n100-d1,diurnal,test,gp_ucb_mf_mpc,3.0,1733,100,1,720000,0.8194444444444444,ok,,57.73163224783207,428.8800342315322,False,True
paper,paper-pareto-n100-d1,diurnal,test,oracle_mf_mpc,0.01,1733,100,1,720000,0.99375,ok,,13.614859454251738,227.75954694465628,False,True
paper,paper-pareto-n100-d1,diurnal,test,oracle_mf_mpc,0.03,1733,100,1,720000,0.99375,ok,,13.614859454251738,227.75954694465628,False,True
paper,paper-pareto-n100-d1,diurnal,test,oracle_mf_mpc,0.1,1733,100,1,720000,0.99375,ok,,13.614859454251738,227.75954694465628,False,True
paper,paper-pareto-n100-d1,diurnal,test,oracle_mf_mpc,0.3,1733,100,1,720000,0.99375,ok,,13.614859454251738,227.75954694465628,False,True
paper,paper-pareto-n100-d1,diurnal,test,oracle_mf_mpc,1.0,1733,100,1,720000,0.9283333333333332,ok,,23.417320162597004,274.2646802100241,False,True
paper,paper-pareto-n100-d1,diurnal,test,oracle_mf_mpc,1.1547819846894583,1733,100,1,720000,0.9282291666666667,ok,,23.054850517514197,277.23283237530194,True,True
paper,paper-pareto-n100-d1,diurnal,test,oracle_mf_mpc,3.0,1733,100,1,720000,0.8194444444444444,ok,,57.73163224783207,428.8800342315322,False,True
paper,paper-pareto-n100-d1,diurnal,test,seasonal_mf_mpc,0.01,1731,100,1,720000,0.99375,ok,,13.40127917265385,209.07362991594186,False,True
paper,paper-pareto-n100-d1,diurnal,test,seasonal_mf_mpc,0.03,1731,100,1,720000,0.99375,ok,,13.40127917265385,209.07362991594186,False,True
paper,paper-pareto-n100-d1,diurnal,test,seasonal_mf_mpc,0.1,1731,100,1,720000,0.99375,ok,,13.40127917265385,209.07362991594186,False,True
paper,paper-pareto-n100-d1,diurnal,test,seasonal_mf_mpc,0.3,1731,100,1,720000,0.99375,ok,,13.40127917265385,209.07362991594186,False,True
paper,paper-pareto-n100-d1,diurnal,test,seasonal_mf_mpc,1.0,1731,100,1,720000,0.9283333333333332,ok,,22.757125907799264,246.51972099976263,False,True
paper,paper-pareto-n100-d1,diurnal,test,seasonal_mf_mpc,1.1547819846894583,1731,100,1,720000,0.9282291666666667,ok,,22.60882359869691,245.79755037992635,True,True
paper,paper-pareto-n100-d1,diurnal,test,seasonal_mf_mpc,3.0,1731,100,1,720000,0.8194444444444444,ok,,54.46016772759916,396.6937868000547,False,True
paper,paper-pareto-n100-d1,diurnal,test,ewma_mf_mpc,0.01,1731,100,1,720000,0.99375,ok,,13.40127917265385,209.07362991594186,False,True
paper,paper-pareto-n100-d1,diurnal,test,ewma_mf_mpc,0.03,1731,100,1,720000,0.99375,ok,,13.40127917265385,209.07362991594186,False,True
paper,paper-pareto-n100-d1,diurnal,test,ewma_mf_mpc,0.1,1731,100,1,720000,0.99375,ok,,13.40127917265385,209.07362991594186,False,True
paper,paper-pareto-n100-d1,diurnal,test,ewma_mf_mpc,0.3,1731,100,1,720000,0.99375,ok,,13.40127917265385,209.07362991594186,False,True
paper,paper-pareto-n100-d1,diurnal,test,ewma_mf_mpc,1.0,1731,100,1,720000,0.99375,ok,,13.40127917265385,209.07362991594186,False,True
paper,paper-pareto-n100-d1,diurnal,test,ewma_mf_mpc,2.000141069147367,1731,100,1,720000,0.9117361111111112,ok,,18.03487937352001,232.46871117517387,True,True
paper,paper-pareto-n100-d1,diurnal,test,ewma_mf_mpc,3.0,1731,100,1,720000,0.8524305555555556,ok,,22.96426201171142,251.5155353869117,False,True
paper,paper-pareto-n100-d1,diurnal,test,gp_mean_mf_mpc,0.01,1731,100,1,720000,0.99375,ok,,13.40127917265385,209.07362991594186,False,True
paper,paper-pareto-n100-d1,diurnal,test,gp_mean_mf_mpc,0.03,1731,100,1,720000,0.99375,ok,,13.40127917265385,209.07362991594186,False,True
paper,paper-pareto-n100-d1,diurnal,test,gp_mean_mf_mpc,0.1,1731,100,1,720000,0.99375,ok,,13.40127917265385,209.07362991594186,False,True
paper,paper-pareto-n100-d1,diurnal,test,gp_mean_mf_mpc,0.3,1731,100,1,720000,0.99375,ok,,13.40127917265385,209.07362991594186,False,True
paper,paper-pareto-n100-d1,diurnal,test,gp_mean_mf_mpc,1.0,1731,100,1,720000,0.9283333333333332,ok,,22.757125907799264,246.51972099976263,False,True
paper,paper-pareto-n100-d1,diurnal,test,gp_mean_mf_mpc,1.1547819846894583,1731,100,1,720000,0.9282291666666667,ok,,22.60882359869691,245.79755037992635,True,True
paper,paper-pareto-n100-d1,diurnal,test,gp_mean_mf_mpc,3.0,1731,100,1,720000,0.8194444444444444,ok,,54.46016772759916,396.6937868000547,False,True
paper,paper-pareto-n100-d1,diurnal,test,gp_ucb_mf_mpc,0.01,1731,100,1,720000,0.99375,ok,,13.40127917265385,209.07362991594186,False,True
paper,paper-pareto-n100-d1,diurnal,test,gp_ucb_mf_mpc,0.03,1731,100,1,720000,0.99375,ok,,13.40127917265385,209.07362991594186,False,True
paper,paper-pareto-n100-d1,diurnal,test,gp_ucb_mf_mpc,0.1,1731,100,1,720000,0.99375,ok,,13.40127917265385,209.07362991594186,False,True
paper,paper-pareto-n100-d1,diurnal,test,gp_ucb_mf_mpc,0.3,1731,100,1,720000,0.99375,ok,,13.40127917265385,209.07362991594186,False,True
paper,paper-pareto-n100-d1,diurnal,test,gp_ucb_mf_mpc,1.0,1731,100,1,720000,0.9283333333333332,ok,,22.757125907799264,246.51972099976263,False,True
paper,paper-pareto-n100-d1,diurnal,test,gp_ucb_mf_mpc,1.1547819846894583,1731,100,1,720000,0.9282291666666667,ok,,22.60882359869691,245.79755037992635,True,True
paper,paper-pareto-n100-d1,diurnal,test,gp_ucb_mf_mpc,3.0,1731,100,1,720000,0.8194444444444444,ok,,54.46016772759916,396.6937868000547,False,True
paper,paper-pareto-n100-d1,diurnal,test,oracle_mf_mpc,0.01,1731,100,1,720000,0.99375,ok,,13.40127917265385,209.07362991594186,False,True
paper,paper-pareto-n100-d1,diurnal,test,oracle_mf_mpc,0.03,1731,100,1,720000,0.99375,ok,,13.40127917265385,209.07362991594186,False,True
paper,paper-pareto-n100-d1,diurnal,test,oracle_mf_mpc,0.1,1731,100,1,720000,0.99375,ok,,13.40127917265385,209.07362991594186,False,True
paper,paper-pareto-n100-d1,diurnal,test,oracle_mf_mpc,0.3,1731,100,1,720000,0.99375,ok,,13.40127917265385,209.07362991594186,False,True
paper,paper-pareto-n100-d1,diurnal,test,oracle_mf_mpc,1.0,1731,100,1,720000,0.9283333333333332,ok,,22.757125907799264,246.51972099976263,False,True
paper,paper-pareto-n100-d1,diurnal,test,oracle_mf_mpc,1.1547819846894583,1731,100,1,720000,0.9282291666666667,ok,,22.60882359869691,245.79755037992635,True,True
paper,paper-pareto-n100-d1,diurnal,test,oracle_mf_mpc,3.0,1731,100,1,720000,0.8194444444444444,ok,,54.46016772759916,396.6937868000547,False,True
paper,paper-pareto-n100-d1,diurnal,test,seasonal_mf_mpc,0.01,1732,100,1,720000,0.99375,ok,,13.778663882013536,229.57315256994633,False,True
paper,paper-pareto-n100-d1,diurnal,test,seasonal_mf_mpc,0.03,1732,100,1,720000,0.99375,ok,,13.778663882013536,229.57315256994633,False,True
paper,paper-pareto-n100-d1,diurnal,test,seasonal_mf_mpc,0.1,1732,100,1,720000,0.99375,ok,,13.778663882013536,229.57315256994633,False,True
paper,paper-pareto-n100-d1,diurnal,test,seasonal_mf_mpc,0.3,1732,100,1,720000,0.99375,ok,,13.778663882013536,229.57315256994633,False,True
paper,paper-pareto-n100-d1,diurnal,test,seasonal_mf_mpc,1.0,1732,100,1,720000,0.9283333333333332,ok,,23.166924470157298,266.3983085823729,False,True
paper,paper-pareto-n100-d1,diurnal,test,seasonal_mf_mpc,1.1547819846894583,1732,100,1,720000,0.9282291666666667,ok,,22.832007813509257,268.3036183744909,True,True
paper,paper-pareto-n100-d1,diurnal,test,seasonal_mf_mpc,3.0,1732,100,1,720000,0.8194444444444444,ok,,60.79755359701847,444.492779709192,False,True
paper,paper-pareto-n100-d1,diurnal,test,ewma_mf_mpc,0.01,1732,100,1,720000,0.99375,ok,,13.778663882013536,229.57315256994633,False,True
paper,paper-pareto-n100-d1,diurnal,test,ewma_mf_mpc,0.03,1732,100,1,720000,0.99375,ok,,13.778663882013536,229.57315256994633,False,True
paper,paper-pareto-n100-d1,diurnal,test,ewma_mf_mpc,0.1,1732,100,1,720000,0.99375,ok,,13.778663882013536,229.57315256994633,False,True
paper,paper-pareto-n100-d1,diurnal,test,ewma_mf_mpc,0.3,1732,100,1,720000,0.99375,ok,,13.778663882013536,229.57315256994633,False,True
paper,paper-pareto-n100-d1,diurnal,test,ewma_mf_mpc,1.0,1732,100,1,720000,0.99375,ok,,13.778663882013536,229.57315256994633,False,True
paper,paper-pareto-n100-d1,diurnal,test,ewma_mf_mpc,2.000141069147367,1732,100,1,720000,0.9117361111111112,ok,,19.05302023383507,253.31064634758243,True,True
paper,paper-pareto-n100-d1,diurnal,test,ewma_mf_mpc,3.0,1732,100,1,720000,0.8524305555555556,ok,,23.26703660418969,282.4148034240696,False,True
paper,paper-pareto-n100-d1,diurnal,test,gp_mean_mf_mpc,0.01,1732,100,1,720000,0.99375,ok,,13.778663882013536,229.57315256994633,False,True
paper,paper-pareto-n100-d1,diurnal,test,gp_mean_mf_mpc,0.03,1732,100,1,720000,0.99375,ok,,13.778663882013536,229.57315256994633,False,True
paper,paper-pareto-n100-d1,diurnal,test,gp_mean_mf_mpc,0.1,1732,100,1,720000,0.99375,ok,,13.778663882013536,229.57315256994633,False,True
paper,paper-pareto-n100-d1,diurnal,test,gp_mean_mf_mpc,0.3,1732,100,1,720000,0.99375,ok,,13.778663882013536,229.57315256994633,False,True
paper,paper-pareto-n100-d1,diurnal,test,gp_mean_mf_mpc,1.0,1732,100,1,720000,0.9283333333333332,ok,,23.166924470157298,266.3983085823729,False,True
paper,paper-pareto-n100-d1,diurnal,test,gp_mean_mf_mpc,1.1547819846894583,1732,100,1,720000,0.9282291666666667,ok,,22.832007813509257,268.3036183744909,True,True
paper,paper-pareto-n100-d1,diurnal,test,gp_mean_mf_mpc,3.0,1732,100,1,720000,0.8194444444444444,ok,,60.79755359701847,444.492779709192,False,True
paper,paper-pareto-n100-d1,diurnal,test,gp_ucb_mf_mpc,0.01,1732,100,1,720000,0.99375,ok,,13.778663882013536,229.57315256994633,False,True
paper,paper-pareto-n100-d1,diurnal,test,gp_ucb_mf_mpc,0.03,1732,100,1,720000,0.99375,ok,,13.778663882013536,229.57315256994633,False,True
paper,paper-pareto-n100-d1,diurnal,test,gp_ucb_mf_mpc,0.1,1732,100,1,720000,0.99375,ok,,13.778663882013536,229.57315256994633,False,True
paper,paper-pareto-n100-d1,diurnal,test,gp_ucb_mf_mpc,0.3,1732,100,1,720000,0.99375,ok,,13.778663882013536,229.57315256994633,False,True
paper,paper-pareto-n100-d1,diurnal,test,gp_ucb_mf_mpc,1.0,1732,100,1,720000,0.9283333333333332,ok,,23.166924470157298,266.3983085823729,False,True
paper,paper-pareto-n100-d1,diurnal,test,gp_ucb_mf_mpc,1.1547819846894583,1732,100,1,720000,0.9282291666666667,ok,,22.832007813509257,268.3036183744909,True,True
paper,paper-pareto-n100-d1,diurnal,test,gp_ucb_mf_mpc,3.0,1732,100,1,720000,0.8194444444444444,ok,,60.79755359701847,444.492779709192,False,True
paper,paper-pareto-n100-d1,diurnal,test,oracle_mf_mpc,0.01,1732,100,1,720000,0.99375,ok,,13.778663882013536,229.57315256994633,False,True
paper,paper-pareto-n100-d1,diurnal,test,oracle_mf_mpc,0.03,1732,100,1,720000,0.99375,ok,,13.778663882013536,229.57315256994633,False,True
paper,paper-pareto-n100-d1,diurnal,test,oracle_mf_mpc,0.1,1732,100,1,720000,0.99375,ok,,13.778663882013536,229.57315256994633,False,True
paper,paper-pareto-n100-d1,diurnal,test,oracle_mf_mpc,0.3,1732,100,1,720000,0.99375,ok,,13.778663882013536,229.57315256994633,False,True
paper,paper-pareto-n100-d1,diurnal,test,oracle_mf_mpc,1.0,1732,100,1,720000,0.9283333333333332,ok,,23.166924470157298,266.3983085823729,False,True
paper,paper-pareto-n100-d1,diurnal,test,oracle_mf_mpc,1.1547819846894583,1732,100,1,720000,0.9282291666666667,ok,,22.832007813509257,268.3036183744909,True,True
paper,paper-pareto-n100-d1,diurnal,test,oracle_mf_mpc,3.0,1732,100,1,720000,0.8194444444444444,ok,,60.79755359701847,444.492779709192,False,True
paper,paper-pareto-n100-d1,diurnal,test,seasonal_mf_mpc,0.01,1729,100,1,720000,0.99375,ok,,13.819521553478069,225.93526444009734,False,True
paper,paper-pareto-n100-d1,diurnal,test,seasonal_mf_mpc,0.03,1729,100,1,720000,0.99375,ok,,13.819521553478069,225.93526444009734,False,True
paper,paper-pareto-n100-d1,diurnal,test,seasonal_mf_mpc,0.1,1729,100,1,720000,0.99375,ok,,13.819521553478069,225.93526444009734,False,True
paper,paper-pareto-n100-d1,diurnal,test,seasonal_mf_mpc,0.3,1729,100,1,720000,0.99375,ok,,13.819521553478069,225.93526444009734,False,True
paper,paper-pareto-n100-d1,diurnal,test,seasonal_mf_mpc,1.0,1729,100,1,720000,0.9283333333333332,ok,,23.362769986034387,258.0633944194834,False,True
paper,paper-pareto-n100-d1,diurnal,test,seasonal_mf_mpc,1.1547819846894583,1729,100,1,720000,0.9282291666666667,ok,,22.942834571648916,265.14463162370873,True,True
paper,paper-pareto-n100-d1,diurnal,test,seasonal_mf_mpc,3.0,1729,100,1,720000,0.8194444444444444,ok,,56.531966468053135,436.5556768980768,False,True
paper,paper-pareto-n100-d1,diurnal,test,ewma_mf_mpc,0.01,1729,100,1,720000,0.99375,ok,,13.819521553478069,225.93526444009734,False,True
paper,paper-pareto-n100-d1,diurnal,test,ewma_mf_mpc,0.03,1729,100,1,720000,0.99375,ok,,13.819521553478069,225.93526444009734,False,True
paper,paper-pareto-n100-d1,diurnal,test,ewma_mf_mpc,0.1,1729,100,1,720000,0.99375,ok,,13.819521553478069,225.93526444009734,False,True
paper,paper-pareto-n100-d1,diurnal,test,ewma_mf_mpc,0.3,1729,100,1,720000,0.99375,ok,,13.819521553478069,225.93526444009734,False,True
paper,paper-pareto-n100-d1,diurnal,test,ewma_mf_mpc,1.0,1729,100,1,720000,0.99375,ok,,13.819521553478069,225.93526444009734,False,True
paper,paper-pareto-n100-d1,diurnal,test,ewma_mf_mpc,2.000141069147367,1729,100,1,720000,0.9117361111111112,ok,,18.635873163800674,248.92569275748198,True,True
paper,paper-pareto-n100-d1,diurnal,test,ewma_mf_mpc,3.0,1729,100,1,720000,0.8524305555555556,ok,,23.313167044126697,273.5465589078929,False,True
paper,paper-pareto-n100-d1,diurnal,test,gp_mean_mf_mpc,0.01,1729,100,1,720000,0.99375,ok,,13.819521553478069,225.93526444009734,False,True
paper,paper-pareto-n100-d1,diurnal,test,gp_mean_mf_mpc,0.03,1729,100,1,720000,0.99375,ok,,13.819521553478069,225.93526444009734,False,True
paper,paper-pareto-n100-d1,diurnal,test,gp_mean_mf_mpc,0.1,1729,100,1,720000,0.99375,ok,,13.819521553478069,225.93526444009734,False,True
paper,paper-pareto-n100-d1,diurnal,test,gp_mean_mf_mpc,0.3,1729,100,1,720000,0.99375,ok,,13.819521553478069,225.93526444009734,False,True
paper,paper-pareto-n100-d1,diurnal,test,gp_mean_mf_mpc,1.0,1729,100,1,720000,0.9283333333333332,ok,,23.362769986034387,258.0633944194834,False,True
paper,paper-pareto-n100-d1,diurnal,test,gp_mean_mf_mpc,1.1547819846894583,1729,100,1,720000,0.9282291666666667,ok,,22.942834571648916,265.14463162370873,True,True
paper,paper-pareto-n100-d1,diurnal,test,gp_mean_mf_mpc,3.0,1729,100,1,720000,0.8194444444444444,ok,,56.531966468053135,436.5556768980768,False,True
paper,paper-pareto-n100-d1,diurnal,test,gp_ucb_mf_mpc,0.01,1729,100,1,720000,0.99375,ok,,13.819521553478069,225.93526444009734,False,True
paper,paper-pareto-n100-d1,diurnal,test,gp_ucb_mf_mpc,0.03,1729,100,1,720000,0.99375,ok,,13.819521553478069,225.93526444009734,False,True
paper,paper-pareto-n100-d1,diurnal,test,gp_ucb_mf_mpc,0.1,1729,100,1,720000,0.99375,ok,,13.819521553478069,225.93526444009734,False,True
paper,paper-pareto-n100-d1,diurnal,test,gp_ucb_mf_mpc,0.3,1729,100,1,720000,0.99375,ok,,13.819521553478069,225.93526444009734,False,True
paper,paper-pareto-n100-d1,diurnal,test,gp_ucb_mf_mpc,1.0,1729,100,1,720000,0.9283333333333332,ok,,23.362769986034387,258.0633944194834,False,True
paper,paper-pareto-n100-d1,diurnal,test,gp_ucb_mf_mpc,1.1547819846894583,1729,100,1,720000,0.9282291666666667,ok,,22.942834571648916,265.14463162370873,True,True
paper,paper-pareto-n100-d1,diurnal,test,gp_ucb_mf_mpc,3.0,1729,100,1,720000,0.8194444444444444,ok,,56.531966468053135,436.5556768980768,False,True
paper,paper-pareto-n100-d1,diurnal,test,oracle_mf_mpc,0.01,1729,100,1,720000,0.99375,ok,,13.819521553478069,225.93526444009734,False,True
paper,paper-pareto-n100-d1,diurnal,test,oracle_mf_mpc,0.03,1729,100,1,720000,0.99375,ok,,13.819521553478069,225.93526444009734,False,True
paper,paper-pareto-n100-d1,diurnal,test,oracle_mf_mpc,0.1,1729,100,1,720000,0.99375,ok,,13.819521553478069,225.93526444009734,False,True
paper,paper-pareto-n100-d1,diurnal,test,oracle_mf_mpc,0.3,1729,100,1,720000,0.99375,ok,,13.819521553478069,225.93526444009734,False,True
paper,paper-pareto-n100-d1,diurnal,test,oracle_mf_mpc,1.0,1729,100,1,720000,0.9283333333333332,ok,,23.362769986034387,258.0633944194834,False,True
paper,paper-pareto-n100-d1,diurnal,test,oracle_mf_mpc,1.1547819846894583,1729,100,1,720000,0.9282291666666667,ok,,22.942834571648916,265.14463162370873,True,True
paper,paper-pareto-n100-d1,diurnal,test,oracle_mf_mpc,3.0,1729,100,1,720000,0.8194444444444444,ok,,56.531966468053135,436.5556768980768,False,True
paper,paper-pareto-n100-d1,diurnal,test,seasonal_mf_mpc,0.01,1735,100,1,720000,0.99375,ok,,13.612294512677543,195.41816296150998,False,True
paper,paper-pareto-n100-d1,diurnal,test,seasonal_mf_mpc,0.03,1735,100,1,720000,0.99375,ok,,13.612294512677543,195.41816296150998,False,True
paper,paper-pareto-n100-d1,diurnal,test,seasonal_mf_mpc,0.1,1735,100,1,720000,0.99375,ok,,13.612294512677543,195.41816296150998,False,True
paper,paper-pareto-n100-d1,diurnal,test,seasonal_mf_mpc,0.3,1735,100,1,720000,0.99375,ok,,13.612294512677543,195.41816296150998,False,True
paper,paper-pareto-n100-d1,diurnal,test,seasonal_mf_mpc,1.0,1735,100,1,720000,0.9283333333333332,ok,,23.025146278349855,238.08681681021653,False,True
paper,paper-pareto-n100-d1,diurnal,test,seasonal_mf_mpc,1.1547819846894583,1735,100,1,720000,0.9282291666666667,ok,,22.74973660032483,240.43794568946123,True,True
paper,paper-pareto-n100-d1,diurnal,test,seasonal_mf_mpc,3.0,1735,100,1,720000,0.8194444444444444,ok,,56.60315392712324,397.37112883986373,False,True
paper,paper-pareto-n100-d1,diurnal,test,ewma_mf_mpc,0.01,1735,100,1,720000,0.99375,ok,,13.612294512677543,195.41816296150998,False,True
paper,paper-pareto-n100-d1,diurnal,test,ewma_mf_mpc,0.03,1735,100,1,720000,0.99375,ok,,13.612294512677543,195.41816296150998,False,True
paper,paper-pareto-n100-d1,diurnal,test,ewma_mf_mpc,0.1,1735,100,1,720000,0.99375,ok,,13.612294512677543,195.41816296150998,False,True
paper,paper-pareto-n100-d1,diurnal,test,ewma_mf_mpc,0.3,1735,100,1,720000,0.99375,ok,,13.612294512677543,195.41816296150998,False,True
paper,paper-pareto-n100-d1,diurnal,test,ewma_mf_mpc,1.0,1735,100,1,720000,0.99375,ok,,13.612294512677543,195.41816296150998,False,True
paper,paper-pareto-n100-d1,diurnal,test,ewma_mf_mpc,2.000141069147367,1735,100,1,720000,0.9117361111111112,ok,,18.1414951390382,218.46045989716944,True,True
paper,paper-pareto-n100-d1,diurnal,test,ewma_mf_mpc,3.0,1735,100,1,720000,0.8524305555555556,ok,,23.004462064526045,244.85388975316204,False,True
paper,paper-pareto-n100-d1,diurnal,test,gp_mean_mf_mpc,0.01,1735,100,1,720000,0.99375,ok,,13.612294512677543,195.41816296150998,False,True
paper,paper-pareto-n100-d1,diurnal,test,gp_mean_mf_mpc,0.03,1735,100,1,720000,0.99375,ok,,13.612294512677543,195.41816296150998,False,True
paper,paper-pareto-n100-d1,diurnal,test,gp_mean_mf_mpc,0.1,1735,100,1,720000,0.99375,ok,,13.612294512677543,195.41816296150998,False,True
paper,paper-pareto-n100-d1,diurnal,test,gp_mean_mf_mpc,0.3,1735,100,1,720000,0.99375,ok,,13.612294512677543,195.41816296150998,False,True
paper,paper-pareto-n100-d1,diurnal,test,gp_mean_mf_mpc,1.0,1735,100,1,720000,0.9283333333333332,ok,,23.025146278349855,238.08681681021653,False,True
paper,paper-pareto-n100-d1,diurnal,test,gp_mean_mf_mpc,1.1547819846894583,1735,100,1,720000,0.9282291666666667,ok,,22.74973660032483,240.43794568946123,True,True
paper,paper-pareto-n100-d1,diurnal,test,gp_mean_mf_mpc,3.0,1735,100,1,720000,0.8194444444444444,ok,,56.60315392712324,397.37112883986373,False,True
paper,paper-pareto-n100-d1,diurnal,test,gp_ucb_mf_mpc,0.01,1735,100,1,720000,0.99375,ok,,13.612294512677543,195.41816296150998,False,True
paper,paper-pareto-n100-d1,diurnal,test,gp_ucb_mf_mpc,0.03,1735,100,1,720000,0.99375,ok,,13.612294512677543,195.41816296150998,False,True
paper,paper-pareto-n100-d1,diurnal,test,gp_ucb_mf_mpc,0.1,1735,100,1,720000,0.99375,ok,,13.612294512677543,195.41816296150998,False,True
paper,paper-pareto-n100-d1,diurnal,test,gp_ucb_mf_mpc,0.3,1735,100,1,720000,0.99375,ok,,13.612294512677543,195.41816296150998,False,True
paper,paper-pareto-n100-d1,diurnal,test,gp_ucb_mf_mpc,1.0,1735,100,1,720000,0.9283333333333332,ok,,23.025146278349855,238.08681681021653,False,True
paper,paper-pareto-n100-d1,diurnal,test,gp_ucb_mf_mpc,1.1547819846894583,1735,100,1,720000,0.9282291666666667,ok,,22.74973660032483,240.43794568946123,True,True
paper,paper-pareto-n100-d1,diurnal,test,gp_ucb_mf_mpc,3.0,1735,100,1,720000,0.8194444444444444,ok,,56.60315392712324,397.37112883986373,False,True
paper,paper-pareto-n100-d1,diurnal,test,oracle_mf_mpc,0.01,1735,100,1,720000,0.99375,ok,,13.612294512677543,195.41816296150998,False,True
paper,paper-pareto-n100-d1,diurnal,test,oracle_mf_mpc,0.03,1735,100,1,720000,0.99375,ok,,13.612294512677543,195.41816296150998,False,True
paper,paper-pareto-n100-d1,diurnal,test,oracle_mf_mpc,0.1,1735,100,1,720000,0.99375,ok,,13.612294512677543,195.41816296150998,False,True
paper,paper-pareto-n100-d1,diurnal,test,oracle_mf_mpc,0.3,1735,100,1,720000,0.99375,ok,,13.612294512677543,195.41816296150998,False,True
paper,paper-pareto-n100-d1,diurnal,test,oracle_mf_mpc,1.0,1735,100,1,720000,0.9283333333333332,ok,,23.025146278349855,238.08681681021653,False,True
paper,paper-pareto-n100-d1,diurnal,test,oracle_mf_mpc,1.1547819846894583,1735,100,1,720000,0.9282291666666667,ok,,22.74973660032483,240.43794568946123,True,True
paper,paper-pareto-n100-d1,diurnal,test,oracle_mf_mpc,3.0,1735,100,1,720000,0.8194444444444444,ok,,56.60315392712324,397.37112883986373,False,True
paper,paper-pareto-n100-d1,diurnal,test,seasonal_mf_mpc,0.01,1736,100,1,720000,0.99375,ok,,13.673129143063116,246.42770896340238,False,True
paper,paper-pareto-n100-d1,diurnal,test,seasonal_mf_mpc,0.03,1736,100,1,720000,0.99375,ok,,13.673129143063116,246.42770896340238,False,True
paper,paper-pareto-n100-d1,diurnal,test,seasonal_mf_mpc,0.1,1736,100,1,720000,0.99375,ok,,13.673129143063116,246.42770896340238,False,True
paper,paper-pareto-n100-d1,diurnal,test,seasonal_mf_mpc,0.3,1736,100,1,720000,0.99375,ok,,13.673129143063116,246.42770896340238,False,True
paper,paper-pareto-n100-d1,diurnal,test,seasonal_mf_mpc,1.0,1736,100,1,720000,0.9283333333333332,ok,,23.496837430282813,299.95909698252837,False,True
paper,paper-pareto-n100-d1,diurnal,test,seasonal_mf_mpc,1.1547819846894583,1736,100,1,720000,0.9282291666666667,ok,,22.604506384643173,298.670265625888,True,True
paper,paper-pareto-n100-d1,diurnal,test,seasonal_mf_mpc,3.0,1736,100,1,720000,0.8194444444444444,ok,,59.55453584871809,478.8829181276636,False,True
paper,paper-pareto-n100-d1,diurnal,test,ewma_mf_mpc,0.01,1736,100,1,720000,0.99375,ok,,13.673129143063116,246.42770896340238,False,True
paper,paper-pareto-n100-d1,diurnal,test,ewma_mf_mpc,0.03,1736,100,1,720000,0.99375,ok,,13.673129143063116,246.42770896340238,False,True
paper,paper-pareto-n100-d1,diurnal,test,ewma_mf_mpc,0.1,1736,100,1,720000,0.99375,ok,,13.673129143063116,246.42770896340238,False,True
paper,paper-pareto-n100-d1,diurnal,test,ewma_mf_mpc,0.3,1736,100,1,720000,0.99375,ok,,13.673129143063116,246.42770896340238,False,True
paper,paper-pareto-n100-d1,diurnal,test,ewma_mf_mpc,1.0,1736,100,1,720000,0.99375,ok,,13.673129143063116,246.42770896340238,False,True
paper,paper-pareto-n100-d1,diurnal,test,ewma_mf_mpc,2.000141069147367,1736,100,1,720000,0.9117361111111112,ok,,18.82335862610638,270.4181589277986,True,True
paper,paper-pareto-n100-d1,diurnal,test,ewma_mf_mpc,3.0,1736,100,1,720000,0.8524305555555556,ok,,23.55670584903925,308.2354896128773,False,True
paper,paper-pareto-n100-d1,diurnal,test,gp_mean_mf_mpc,0.01,1736,100,1,720000,0.99375,ok,,13.673129143063116,246.42770896340238,False,True
paper,paper-pareto-n100-d1,diurnal,test,gp_mean_mf_mpc,0.03,1736,100,1,720000,0.99375,ok,,13.673129143063116,246.42770896340238,False,True
paper,paper-pareto-n100-d1,diurnal,test,gp_mean_mf_mpc,0.1,1736,100,1,720000,0.99375,ok,,13.673129143063116,246.42770896340238,False,True
paper,paper-pareto-n100-d1,diurnal,test,gp_mean_mf_mpc,0.3,1736,100,1,720000,0.99375,ok,,13.673129143063116,246.42770896340238,False,True
paper,paper-pareto-n100-d1,diurnal,test,gp_mean_mf_mpc,1.0,1736,100,1,720000,0.9283333333333332,ok,,23.496837430282813,299.95909698252837,False,True
paper,paper-pareto-n100-d1,diurnal,test,gp_mean_mf_mpc,1.1547819846894583,1736,100,1,720000,0.9282291666666667,ok,,22.604506384643173,298.670265625888,True,True
paper,paper-pareto-n100-d1,diurnal,test,gp_mean_mf_mpc,3.0,1736,100,1,720000,0.8194444444444444,ok,,59.55453584871809,478.8829181276636,False,True
paper,paper-pareto-n100-d1,diurnal,test,gp_ucb_mf_mpc,0.01,1736,100,1,720000,0.99375,ok,,13.673129143063116,246.42770896340238,False,True
paper,paper-pareto-n100-d1,diurnal,test,gp_ucb_mf_mpc,0.03,1736,100,1,720000,0.99375,ok,,13.673129143063116,246.42770896340238,False,True
paper,paper-pareto-n100-d1,diurnal,test,gp_ucb_mf_mpc,0.1,1736,100,1,720000,0.99375,ok,,13.673129143063116,246.42770896340238,False,True
paper,paper-pareto-n100-d1,diurnal,test,gp_ucb_mf_mpc,0.3,1736,100,1,720000,0.99375,ok,,13.673129143063116,246.42770896340238,False,True
paper,paper-pareto-n100-d1,diurnal,test,gp_ucb_mf_mpc,1.0,1736,100,1,720000,0.9283333333333332,ok,,23.496837430282813,299.95909698252837,False,True
paper,paper-pareto-n100-d1,diurnal,test,gp_ucb_mf_mpc,1.1547819846894583,1736,100,1,720000,0.9282291666666667,ok,,22.604506384643173,298.670265625888,True,True
paper,paper-pareto-n100-d1,diurnal,test,gp_ucb_mf_mpc,3.0,1736,100,1,720000,0.8194444444444444,ok,,59.55453584871809,478.8829181276636,False,True
paper,paper-pareto-n100-d1,diurnal,test,oracle_mf_mpc,0.01,1736,100,1,720000,0.99375,ok,,13.673129143063116,246.42770896340238,False,True
paper,paper-pareto-n100-d1,diurnal,test,oracle_mf_mpc,0.03,1736,100,1,720000,0.99375,ok,,13.673129143063116,246.42770896340238,False,True
paper,paper-pareto-n100-d1,diurnal,test,oracle_mf_mpc,0.1,1736,100,1,720000,0.99375,ok,,13.673129143063116,246.42770896340238,False,True
paper,paper-pareto-n100-d1,diurnal,test,oracle_mf_mpc,0.3,1736,100,1,720000,0.99375,ok,,13.673129143063116,246.42770896340238,False,True
paper,paper-pareto-n100-d1,diurnal,test,oracle_mf_mpc,1.0,1736,100,1,720000,0.9283333333333332,ok,,23.496837430282813,299.95909698252837,False,True
paper,paper-pareto-n100-d1,diurnal,test,oracle_mf_mpc,1.1547819846894583,1736,100,1,720000,0.9282291666666667,ok,,22.604506384643173,298.670265625888,True,True
paper,paper-pareto-n100-d1,diurnal,test,oracle_mf_mpc,3.0,1736,100,1,720000,0.8194444444444444,ok,,59.55453584871809,478.8829181276636,False,True
paper,paper-pareto-n100-d1,diurnal,test,seasonal_mf_mpc,0.01,1737,100,1,720000,0.99375,ok,,13.665416422466434,220.60728515615037,False,True
paper,paper-pareto-n100-d1,diurnal,test,seasonal_mf_mpc,0.03,1737,100,1,720000,0.99375,ok,,13.665416422466434,220.60728515615037,False,True
paper,paper-pareto-n100-d1,diurnal,test,seasonal_mf_mpc,0.1,1737,100,1,720000,0.99375,ok,,13.665416422466434,220.60728515615037,False,True
paper,paper-pareto-n100-d1,diurnal,test,seasonal_mf_mpc,0.3,1737,100,1,720000,0.99375,ok,,13.665416422466434,220.60728515615037,False,True
paper,paper-pareto-n100-d1,diurnal,test,seasonal_mf_mpc,1.0,1737,100,1,720000,0.9283333333333332,ok,,23.32689254846925,272.2216912748348,False,True
paper,paper-pareto-n100-d1,diurnal,test,seasonal_mf_mpc,1.1547819846894583,1737,100,1,720000,0.9282291666666667,ok,,23.03687777971698,265.65702214473214,True,True
paper,paper-pareto-n100-d1,diurnal,test,seasonal_mf_mpc,3.0,1737,100,1,720000,0.8194444444444444,ok,,56.857608121116364,412.33868872928014,False,True
paper,paper-pareto-n100-d1,diurnal,test,ewma_mf_mpc,0.01,1737,100,1,720000,0.99375,ok,,13.665416422466434,220.60728515615037,False,True
paper,paper-pareto-n100-d1,diurnal,test,ewma_mf_mpc,0.03,1737,100,1,720000,0.99375,ok,,13.665416422466434,220.60728515615037,False,True
paper,paper-pareto-n100-d1,diurnal,test,ewma_mf_mpc,0.1,1737,100,1,720000,0.99375,ok,,13.665416422466434,220.60728515615037,False,True
paper,paper-pareto-n100-d1,diurnal,test,ewma_mf_mpc,0.3,1737,100,1,720000,0.99375,ok,,13.665416422466434,220.60728515615037,False,True
paper,paper-pareto-n100-d1,diurnal,test,ewma_mf_mpc,1.0,1737,100,1,720000,0.99375,ok,,13.665416422466434,220.60728515615037,False,True
paper,paper-pareto-n100-d1,diurnal,test,ewma_mf_mpc,2.000141069147367,1737,100,1,720000,0.9117361111111112,ok,,18.388471361325617,250.93392228343185,True,True
paper,paper-pareto-n100-d1,diurnal,test,ewma_mf_mpc,3.0,1737,100,1,720000,0.8524305555555556,ok,,23.592894395247146,276.95668465351366,False,True
paper,paper-pareto-n100-d1,diurnal,test,gp_mean_mf_mpc,0.01,1737,100,1,720000,0.99375,ok,,13.665416422466434,220.60728515615037,False,True
paper,paper-pareto-n100-d1,diurnal,test,gp_mean_mf_mpc,0.03,1737,100,1,720000,0.99375,ok,,13.665416422466434,220.60728515615037,False,True
paper,paper-pareto-n100-d1,diurnal,test,gp_mean_mf_mpc,0.1,1737,100,1,720000,0.99375,ok,,13.665416422466434,220.60728515615037,False,True
paper,paper-pareto-n100-d1,diurnal,test,gp_mean_mf_mpc,0.3,1737,100,1,720000,0.99375,ok,,13.665416422466434,220.60728515615037,False,True
paper,paper-pareto-n100-d1,diurnal,test,gp_mean_mf_mpc,1.0,1737,100,1,720000,0.9283333333333332,ok,,23.32689254846925,272.2216912748348,False,True
paper,paper-pareto-n100-d1,diurnal,test,gp_mean_mf_mpc,1.1547819846894583,1737,100,1,720000,0.9282291666666667,ok,,23.03687777971698,265.65702214473214,True,True
paper,paper-pareto-n100-d1,diurnal,test,gp_mean_mf_mpc,3.0,1737,100,1,720000,0.8194444444444444,ok,,56.857608121116364,412.33868872928014,False,True
paper,paper-pareto-n100-d1,diurnal,test,gp_ucb_mf_mpc,0.01,1737,100,1,720000,0.99375,ok,,13.665416422466434,220.60728515615037,False,True
paper,paper-pareto-n100-d1,diurnal,test,gp_ucb_mf_mpc,0.03,1737,100,1,720000,0.99375,ok,,13.665416422466434,220.60728515615037,False,True
paper,paper-pareto-n100-d1,diurnal,test,gp_ucb_mf_mpc,0.1,1737,100,1,720000,0.99375,ok,,13.665416422466434,220.60728515615037,False,True
paper,paper-pareto-n100-d1,diurnal,test,gp_ucb_mf_mpc,0.3,1737,100,1,720000,0.99375,ok,,13.665416422466434,220.60728515615037,False,True
paper,paper-pareto-n100-d1,diurnal,test,gp_ucb_mf_mpc,1.0,1737,100,1,720000,0.9283333333333332,ok,,23.32689254846925,272.2216912748348,False,True
paper,paper-pareto-n100-d1,diurnal,test,gp_ucb_mf_mpc,1.1547819846894583,1737,100,1,720000,0.9282291666666667,ok,,23.03687777971698,265.65702214473214,True,True
paper,paper-pareto-n100-d1,diurnal,test,gp_ucb_mf_mpc,3.0,1737,100,1,720000,0.8194444444444444,ok,,56.857608121116364,412.33868872928014,False,True
paper,paper-pareto-n100-d1,diurnal,test,oracle_mf_mpc,0.01,1737,100,1,720000,0.99375,ok,,13.665416422466434,220.60728515615037,False,True
paper,paper-pareto-n100-d1,diurnal,test,oracle_mf_mpc,0.03,1737,100,1,720000,0.99375,ok,,13.665416422466434,220.60728515615037,False,True
paper,paper-pareto-n100-d1,diurnal,test,oracle_mf_mpc,0.1,1737,100,1,720000,0.99375,ok,,13.665416422466434,220.60728515615037,False,True
paper,paper-pareto-n100-d1,diurnal,test,oracle_mf_mpc,0.3,1737,100,1,720000,0.99375,ok,,13.665416422466434,220.60728515615037,False,True
paper,paper-pareto-n100-d1,diurnal,test,oracle_mf_mpc,1.0,1737,100,1,720000,0.9283333333333332,ok,,23.32689254846925,272.2216912748348,False,True
paper,paper-pareto-n100-d1,diurnal,test,oracle_mf_mpc,1.1547819846894583,1737,100,1,720000,0.9282291666666667,ok,,23.03687777971698,265.65702214473214,True,True
paper,paper-pareto-n100-d1,diurnal,test,oracle_mf_mpc,3.0,1737,100,1,720000,0.8194444444444444,ok,,56.857608121116364,412.33868872928014,False,True
paper,paper-pareto-n100-d1,diurnal,test,seasonal_mf_mpc,0.01,1738,100,1,720000,0.99375,ok,,13.906731061208607,223.86328382277398,False,True
paper,paper-pareto-n100-d1,diurnal,test,seasonal_mf_mpc,0.03,1738,100,1,720000,0.99375,ok,,13.906731061208607,223.86328382277398,False,True
paper,paper-pareto-n100-d1,diurnal,test,seasonal_mf_mpc,0.1,1738,100,1,720000,0.99375,ok,,13.906731061208607,223.86328382277398,False,True
paper,paper-pareto-n100-d1,diurnal,test,seasonal_mf_mpc,0.3,1738,100,1,720000,0.99375,ok,,13.906731061208607,223.86328382277398,False,True
paper,paper-pareto-n100-d1,diurnal,test,seasonal_mf_mpc,1.0,1738,100,1,720000,0.9283333333333332,ok,,23.63427385499016,277.7973925977202,False,True
paper,paper-pareto-n100-d1,diurnal,test,seasonal_mf_mpc,1.1547819846894583,1738,100,1,720000,0.9282291666666667,ok,,23.365468667028516,278.7111639150712,True,True
paper,paper-pareto-n100-d1,diurnal,test,seasonal_mf_mpc,3.0,1738,100,1,720000,0.8194444444444444,ok,,61.98238590824127,474.8537174516373,False,True
paper,paper-pareto-n100-d1,diurnal,test,ewma_mf_mpc,0.01,1738,100,1,720000,0.99375,ok,,13.906731061208607,223.86328382277398,False,True
paper,paper-pareto-n100-d1,diurnal,test,ewma_mf_mpc,0.03,1738,100,1,720000,0.99375,ok,,13.906731061208607,223.86328382277398,False,True
paper,paper-pareto-n100-d1,diurnal,test,ewma_mf_mpc,0.1,1738,100,1,720000,0.99375,ok,,13.906731061208607,223.86328382277398,False,True
paper,paper-pareto-n100-d1,diurnal,test,ewma_mf_mpc,0.3,1738,100,1,720000,0.99375,ok,,13.906731061208607,223.86328382277398,False,True
paper,paper-pareto-n100-d1,diurnal,test,ewma_mf_mpc,1.0,1738,100,1,720000,0.99375,ok,,13.906731061208607,223.86328382277398,False,True
paper,paper-pareto-n100-d1,diurnal,test,ewma_mf_mpc,2.000141069147367,1738,100,1,720000,0.9117361111111112,ok,,19.206319550004967,260.2554465920921,True,True
paper,paper-pareto-n100-d1,diurnal,test,ewma_mf_mpc,3.0,1738,100,1,720000,0.8524305555555556,ok,,23.827702989443505,294.3579105582827,False,True
paper,paper-pareto-n100-d1,diurnal,test,gp_mean_mf_mpc,0.01,1738,100,1,720000,0.99375,ok,,13.906731061208607,223.86328382277398,False,True
paper,paper-pareto-n100-d1,diurnal,test,gp_mean_mf_mpc,0.03,1738,100,1,720000,0.99375,ok,,13.906731061208607,223.86328382277398,False,True
paper,paper-pareto-n100-d1,diurnal,test,gp_mean_mf_mpc,0.1,1738,100,1,720000,0.99375,ok,,13.906731061208607,223.86328382277398,False,True
paper,paper-pareto-n100-d1,diurnal,test,gp_mean_mf_mpc,0.3,1738,100,1,720000,0.99375,ok,,13.906731061208607,223.86328382277398,False,True
paper,paper-pareto-n100-d1,diurnal,test,gp_mean_mf_mpc,1.0,1738,100,1,720000,0.9283333333333332,ok,,23.63427385499016,277.7973925977202,False,True
paper,paper-pareto-n100-d1,diurnal,test,gp_mean_mf_mpc,1.1547819846894583,1738,100,1,720000,0.9282291666666667,ok,,23.365468667028516,278.7111639150712,True,True
paper,paper-pareto-n100-d1,diurnal,test,gp_mean_mf_mpc,3.0,1738,100,1,720000,0.8194444444444444,ok,,61.98238590824127,474.8537174516373,False,True
paper,paper-pareto-n100-d1,diurnal,test,gp_ucb_mf_mpc,0.01,1738,100,1,720000,0.99375,ok,,13.906731061208607,223.86328382277398,False,True
paper,paper-pareto-n100-d1,diurnal,test,gp_ucb_mf_mpc,0.03,1738,100,1,720000,0.99375,ok,,13.906731061208607,223.86328382277398,False,True
paper,paper-pareto-n100-d1,diurnal,test,gp_ucb_mf_mpc,0.1,1738,100,1,720000,0.99375,ok,,13.906731061208607,223.86328382277398,False,True
paper,paper-pareto-n100-d1,diurnal,test,gp_ucb_mf_mpc,0.3,1738,100,1,720000,0.99375,ok,,13.906731061208607,223.86328382277398,False,True
paper,paper-pareto-n100-d1,diurnal,test,gp_ucb_mf_mpc,1.0,1738,100,1,720000,0.9283333333333332,ok,,23.63427385499016,277.7973925977202,False,True
paper,paper-pareto-n100-d1,diurnal,test,gp_ucb_mf_mpc,1.1547819846894583,1738,100,1,720000,0.9282291666666667,ok,,23.365468667028516,278.7111639150712,True,True
paper,paper-pareto-n100-d1,diurnal,test,gp_ucb_mf_mpc,3.0,1738,100,1,720000,0.8194444444444444,ok,,61.98238590824127,474.8537174516373,False,True
paper,paper-pareto-n100-d1,diurnal,test,oracle_mf_mpc,0.01,1738,100,1,720000,0.99375,ok,,13.906731061208607,223.86328382277398,False,True
paper,paper-pareto-n100-d1,diurnal,test,oracle_mf_mpc,0.03,1738,100,1,720000,0.99375,ok,,13.906731061208607,223.86328382277398,False,True
paper,paper-pareto-n100-d1,diurnal,test,oracle_mf_mpc,0.1,1738,100,1,720000,0.99375,ok,,13.906731061208607,223.86328382277398,False,True
paper,paper-pareto-n100-d1,diurnal,test,oracle_mf_mpc,0.3,1738,100,1,720000,0.99375,ok,,13.906731061208607,223.86328382277398,False,True
paper,paper-pareto-n100-d1,diurnal,test,oracle_mf_mpc,1.0,1738,100,1,720000,0.9283333333333332,ok,,23.63427385499016,277.7973925977202,False,True
paper,paper-pareto-n100-d1,diurnal,test,oracle_mf_mpc,1.1547819846894583,1738,100,1,720000,0.9282291666666667,ok,,23.365468667028516,278.7111639150712,True,True
paper,paper-pareto-n100-d1,diurnal,test,oracle_mf_mpc,3.0,1738,100,1,720000,0.8194444444444444,ok,,61.98238590824127,474.8537174516373,False,True
